DEBUG - 2025-10-08 00:35:59 --> Session: Class initialized using 'CodeIgniter\Session\Handlers\FileHandler' driver.
DEBUG - 2025-10-08 00:46:41 --> Session: Class initialized using 'CodeIgniter\Session\Handlers\FileHandler' driver.
CRITICAL - 2025-10-08 00:46:48 --> Error: Class "CodeIgniter\Entity" not found
[Method: GET, Route: tasks]
in APPPATH\Entities\Task.php on line 5.
 1 SYSTEMPATH\Autoloader\Autoloader.php(315): include_once()
 2 SYSTEMPATH\Autoloader\Autoloader.php(295): CodeIgniter\Autoloader\Autoloader->includeFile('C:\\xampp\\htdocs\\taskapp\\app\\Entities\\Task.php')
 3 SYSTEMPATH\Autoloader\Autoloader.php(271): CodeIgniter\Autoloader\Autoloader->loadInNamespace('App\\Entities\\Task')
 4 [internal function]: CodeIgniter\Autoloader\Autoloader->loadClass('App\\Entities\\Task')
 5 SYSTEMPATH\Database\MySQLi\Result.php(152): is_subclass_of('App\\Entities\\Task', 'CodeIgniter\\Entity\\Entity')
 6 SYSTEMPATH\Database\BaseResult.php(157): CodeIgniter\Database\MySQLi\Result->fetchObject('App\\Entities\\Task')
 7 SYSTEMPATH\Database\BaseResult.php(112): CodeIgniter\Database\BaseResult->getCustomResultObject('App\\Entities\\Task')
 8 SYSTEMPATH\Model.php(287): CodeIgniter\Database\BaseResult->getResult('App\\Entities\\Task')
 9 SYSTEMPATH\BaseModel.php(677): CodeIgniter\Model->doFindAll(0, 0)
10 APPPATH\Controllers\Tasks.php(10): CodeIgniter\BaseModel->findAll()
11 SYSTEMPATH\CodeIgniter.php(933): App\Controllers\Tasks->index()
12 SYSTEMPATH\CodeIgniter.php(507): CodeIgniter\CodeIgniter->runController(Object(App\Controllers\Tasks))
13 SYSTEMPATH\CodeIgniter.php(354): CodeIgniter\CodeIgniter->handleRequest(null, Object(Config\Cache), false)
14 SYSTEMPATH\Boot.php(363): CodeIgniter\CodeIgniter->run()
15 SYSTEMPATH\Boot.php(68): CodeIgniter\Boot::runCodeIgniter(Object(CodeIgniter\CodeIgniter))
16 FCPATH\index.php(59): CodeIgniter\Boot::bootWeb(Object(Config\Paths))
CRITICAL - 2025-10-08 00:49:28 --> Error: Class "CodeIgniter\Entity" not found
[Method: GET, Route: tasks]
in APPPATH\Entities\Task.php on line 5.
 1 SYSTEMPATH\Autoloader\Autoloader.php(315): include_once()
 2 SYSTEMPATH\Autoloader\Autoloader.php(295): CodeIgniter\Autoloader\Autoloader->includeFile('C:\\xampp\\htdocs\\taskapp\\app\\Entities\\Task.php')
 3 SYSTEMPATH\Autoloader\Autoloader.php(271): CodeIgniter\Autoloader\Autoloader->loadInNamespace('App\\Entities\\Task')
 4 [internal function]: CodeIgniter\Autoloader\Autoloader->loadClass('App\\Entities\\Task')
 5 SYSTEMPATH\Database\MySQLi\Result.php(152): is_subclass_of('App\\Entities\\Task', 'CodeIgniter\\Entity\\Entity')
 6 SYSTEMPATH\Database\BaseResult.php(157): CodeIgniter\Database\MySQLi\Result->fetchObject('App\\Entities\\Task')
 7 SYSTEMPATH\Database\BaseResult.php(112): CodeIgniter\Database\BaseResult->getCustomResultObject('App\\Entities\\Task')
 8 SYSTEMPATH\Model.php(287): CodeIgniter\Database\BaseResult->getResult('App\\Entities\\Task')
 9 SYSTEMPATH\BaseModel.php(677): CodeIgniter\Model->doFindAll(0, 0)
10 APPPATH\Controllers\Tasks.php(10): CodeIgniter\BaseModel->findAll()
11 SYSTEMPATH\CodeIgniter.php(933): App\Controllers\Tasks->index()
12 SYSTEMPATH\CodeIgniter.php(507): CodeIgniter\CodeIgniter->runController(Object(App\Controllers\Tasks))
13 SYSTEMPATH\CodeIgniter.php(354): CodeIgniter\CodeIgniter->handleRequest(null, Object(Config\Cache), false)
14 SYSTEMPATH\Boot.php(363): CodeIgniter\CodeIgniter->run()
15 SYSTEMPATH\Boot.php(68): CodeIgniter\Boot::runCodeIgniter(Object(CodeIgniter\CodeIgniter))
16 FCPATH\index.php(59): CodeIgniter\Boot::bootWeb(Object(Config\Paths))
CRITICAL - 2025-10-08 00:49:30 --> Error: Class "CodeIgniter\Entity" not found
[Method: GET, Route: tasks]
in APPPATH\Entities\Task.php on line 5.
 1 SYSTEMPATH\Autoloader\Autoloader.php(315): include_once()
 2 SYSTEMPATH\Autoloader\Autoloader.php(295): CodeIgniter\Autoloader\Autoloader->includeFile('C:\\xampp\\htdocs\\taskapp\\app\\Entities\\Task.php')
 3 SYSTEMPATH\Autoloader\Autoloader.php(271): CodeIgniter\Autoloader\Autoloader->loadInNamespace('App\\Entities\\Task')
 4 [internal function]: CodeIgniter\Autoloader\Autoloader->loadClass('App\\Entities\\Task')
 5 SYSTEMPATH\Database\MySQLi\Result.php(152): is_subclass_of('App\\Entities\\Task', 'CodeIgniter\\Entity\\Entity')
 6 SYSTEMPATH\Database\BaseResult.php(157): CodeIgniter\Database\MySQLi\Result->fetchObject('App\\Entities\\Task')
 7 SYSTEMPATH\Database\BaseResult.php(112): CodeIgniter\Database\BaseResult->getCustomResultObject('App\\Entities\\Task')
 8 SYSTEMPATH\Model.php(287): CodeIgniter\Database\BaseResult->getResult('App\\Entities\\Task')
 9 SYSTEMPATH\BaseModel.php(677): CodeIgniter\Model->doFindAll(0, 0)
10 APPPATH\Controllers\Tasks.php(10): CodeIgniter\BaseModel->findAll()
11 SYSTEMPATH\CodeIgniter.php(933): App\Controllers\Tasks->index()
12 SYSTEMPATH\CodeIgniter.php(507): CodeIgniter\CodeIgniter->runController(Object(App\Controllers\Tasks))
13 SYSTEMPATH\CodeIgniter.php(354): CodeIgniter\CodeIgniter->handleRequest(null, Object(Config\Cache), false)
14 SYSTEMPATH\Boot.php(363): CodeIgniter\CodeIgniter->run()
15 SYSTEMPATH\Boot.php(68): CodeIgniter\Boot::runCodeIgniter(Object(CodeIgniter\CodeIgniter))
16 FCPATH\index.php(59): CodeIgniter\Boot::bootWeb(Object(Config\Paths))
CRITICAL - 2025-10-08 00:52:51 --> Error: Class "CodeIgniter\Entity" not found
[Method: GET, Route: tasks]
in APPPATH\Entities\Task.php on line 5.
 1 SYSTEMPATH\Autoloader\Autoloader.php(315): include_once()
 2 SYSTEMPATH\Autoloader\Autoloader.php(295): CodeIgniter\Autoloader\Autoloader->includeFile('C:\\xampp\\htdocs\\taskapp\\app\\Entities\\Task.php')
 3 SYSTEMPATH\Autoloader\Autoloader.php(271): CodeIgniter\Autoloader\Autoloader->loadInNamespace('App\\Entities\\Task')
 4 [internal function]: CodeIgniter\Autoloader\Autoloader->loadClass('App\\Entities\\Task')
 5 SYSTEMPATH\Database\MySQLi\Result.php(152): is_subclass_of('App\\Entities\\Task', 'CodeIgniter\\Entity\\Entity')
 6 SYSTEMPATH\Database\BaseResult.php(157): CodeIgniter\Database\MySQLi\Result->fetchObject('App\\Entities\\Task')
 7 SYSTEMPATH\Database\BaseResult.php(112): CodeIgniter\Database\BaseResult->getCustomResultObject('App\\Entities\\Task')
 8 SYSTEMPATH\Model.php(287): CodeIgniter\Database\BaseResult->getResult('App\\Entities\\Task')
 9 SYSTEMPATH\BaseModel.php(677): CodeIgniter\Model->doFindAll(0, 0)
10 APPPATH\Controllers\Tasks.php(10): CodeIgniter\BaseModel->findAll()
11 SYSTEMPATH\CodeIgniter.php(933): App\Controllers\Tasks->index()
12 SYSTEMPATH\CodeIgniter.php(507): CodeIgniter\CodeIgniter->runController(Object(App\Controllers\Tasks))
13 SYSTEMPATH\CodeIgniter.php(354): CodeIgniter\CodeIgniter->handleRequest(null, Object(Config\Cache), false)
14 SYSTEMPATH\Boot.php(363): CodeIgniter\CodeIgniter->run()
15 SYSTEMPATH\Boot.php(68): CodeIgniter\Boot::runCodeIgniter(Object(CodeIgniter\CodeIgniter))
16 FCPATH\index.php(59): CodeIgniter\Boot::bootWeb(Object(Config\Paths))
CRITICAL - 2025-10-08 00:52:52 --> Error: Class "CodeIgniter\Entity" not found
[Method: GET, Route: tasks]
in APPPATH\Entities\Task.php on line 5.
 1 SYSTEMPATH\Autoloader\Autoloader.php(315): include_once()
 2 SYSTEMPATH\Autoloader\Autoloader.php(295): CodeIgniter\Autoloader\Autoloader->includeFile('C:\\xampp\\htdocs\\taskapp\\app\\Entities\\Task.php')
 3 SYSTEMPATH\Autoloader\Autoloader.php(271): CodeIgniter\Autoloader\Autoloader->loadInNamespace('App\\Entities\\Task')
 4 [internal function]: CodeIgniter\Autoloader\Autoloader->loadClass('App\\Entities\\Task')
 5 SYSTEMPATH\Database\MySQLi\Result.php(152): is_subclass_of('App\\Entities\\Task', 'CodeIgniter\\Entity\\Entity')
 6 SYSTEMPATH\Database\BaseResult.php(157): CodeIgniter\Database\MySQLi\Result->fetchObject('App\\Entities\\Task')
 7 SYSTEMPATH\Database\BaseResult.php(112): CodeIgniter\Database\BaseResult->getCustomResultObject('App\\Entities\\Task')
 8 SYSTEMPATH\Model.php(287): CodeIgniter\Database\BaseResult->getResult('App\\Entities\\Task')
 9 SYSTEMPATH\BaseModel.php(677): CodeIgniter\Model->doFindAll(0, 0)
10 APPPATH\Controllers\Tasks.php(10): CodeIgniter\BaseModel->findAll()
11 SYSTEMPATH\CodeIgniter.php(933): App\Controllers\Tasks->index()
12 SYSTEMPATH\CodeIgniter.php(507): CodeIgniter\CodeIgniter->runController(Object(App\Controllers\Tasks))
13 SYSTEMPATH\CodeIgniter.php(354): CodeIgniter\CodeIgniter->handleRequest(null, Object(Config\Cache), false)
14 SYSTEMPATH\Boot.php(363): CodeIgniter\CodeIgniter->run()
15 SYSTEMPATH\Boot.php(68): CodeIgniter\Boot::runCodeIgniter(Object(CodeIgniter\CodeIgniter))
16 FCPATH\index.php(59): CodeIgniter\Boot::bootWeb(Object(Config\Paths))
CRITICAL - 2025-10-08 00:52:52 --> Error: Class "CodeIgniter\Entity" not found
[Method: GET, Route: tasks]
in APPPATH\Entities\Task.php on line 5.
 1 SYSTEMPATH\Autoloader\Autoloader.php(315): include_once()
 2 SYSTEMPATH\Autoloader\Autoloader.php(295): CodeIgniter\Autoloader\Autoloader->includeFile('C:\\xampp\\htdocs\\taskapp\\app\\Entities\\Task.php')
 3 SYSTEMPATH\Autoloader\Autoloader.php(271): CodeIgniter\Autoloader\Autoloader->loadInNamespace('App\\Entities\\Task')
 4 [internal function]: CodeIgniter\Autoloader\Autoloader->loadClass('App\\Entities\\Task')
 5 SYSTEMPATH\Database\MySQLi\Result.php(152): is_subclass_of('App\\Entities\\Task', 'CodeIgniter\\Entity\\Entity')
 6 SYSTEMPATH\Database\BaseResult.php(157): CodeIgniter\Database\MySQLi\Result->fetchObject('App\\Entities\\Task')
 7 SYSTEMPATH\Database\BaseResult.php(112): CodeIgniter\Database\BaseResult->getCustomResultObject('App\\Entities\\Task')
 8 SYSTEMPATH\Model.php(287): CodeIgniter\Database\BaseResult->getResult('App\\Entities\\Task')
 9 SYSTEMPATH\BaseModel.php(677): CodeIgniter\Model->doFindAll(0, 0)
10 APPPATH\Controllers\Tasks.php(10): CodeIgniter\BaseModel->findAll()
11 SYSTEMPATH\CodeIgniter.php(933): App\Controllers\Tasks->index()
12 SYSTEMPATH\CodeIgniter.php(507): CodeIgniter\CodeIgniter->runController(Object(App\Controllers\Tasks))
13 SYSTEMPATH\CodeIgniter.php(354): CodeIgniter\CodeIgniter->handleRequest(null, Object(Config\Cache), false)
14 SYSTEMPATH\Boot.php(363): CodeIgniter\CodeIgniter->run()
15 SYSTEMPATH\Boot.php(68): CodeIgniter\Boot::runCodeIgniter(Object(CodeIgniter\CodeIgniter))
16 FCPATH\index.php(59): CodeIgniter\Boot::bootWeb(Object(Config\Paths))
CRITICAL - 2025-10-08 00:52:52 --> Error: Class "CodeIgniter\Entity" not found
[Method: GET, Route: tasks]
in APPPATH\Entities\Task.php on line 5.
 1 SYSTEMPATH\Autoloader\Autoloader.php(315): include_once()
 2 SYSTEMPATH\Autoloader\Autoloader.php(295): CodeIgniter\Autoloader\Autoloader->includeFile('C:\\xampp\\htdocs\\taskapp\\app\\Entities\\Task.php')
 3 SYSTEMPATH\Autoloader\Autoloader.php(271): CodeIgniter\Autoloader\Autoloader->loadInNamespace('App\\Entities\\Task')
 4 [internal function]: CodeIgniter\Autoloader\Autoloader->loadClass('App\\Entities\\Task')
 5 SYSTEMPATH\Database\MySQLi\Result.php(152): is_subclass_of('App\\Entities\\Task', 'CodeIgniter\\Entity\\Entity')
 6 SYSTEMPATH\Database\BaseResult.php(157): CodeIgniter\Database\MySQLi\Result->fetchObject('App\\Entities\\Task')
 7 SYSTEMPATH\Database\BaseResult.php(112): CodeIgniter\Database\BaseResult->getCustomResultObject('App\\Entities\\Task')
 8 SYSTEMPATH\Model.php(287): CodeIgniter\Database\BaseResult->getResult('App\\Entities\\Task')
 9 SYSTEMPATH\BaseModel.php(677): CodeIgniter\Model->doFindAll(0, 0)
10 APPPATH\Controllers\Tasks.php(10): CodeIgniter\BaseModel->findAll()
11 SYSTEMPATH\CodeIgniter.php(933): App\Controllers\Tasks->index()
12 SYSTEMPATH\CodeIgniter.php(507): CodeIgniter\CodeIgniter->runController(Object(App\Controllers\Tasks))
13 SYSTEMPATH\CodeIgniter.php(354): CodeIgniter\CodeIgniter->handleRequest(null, Object(Config\Cache), false)
14 SYSTEMPATH\Boot.php(363): CodeIgniter\CodeIgniter->run()
15 SYSTEMPATH\Boot.php(68): CodeIgniter\Boot::runCodeIgniter(Object(CodeIgniter\CodeIgniter))
16 FCPATH\index.php(59): CodeIgniter\Boot::bootWeb(Object(Config\Paths))
CRITICAL - 2025-10-08 00:52:52 --> Error: Class "CodeIgniter\Entity" not found
[Method: GET, Route: tasks]
in APPPATH\Entities\Task.php on line 5.
 1 SYSTEMPATH\Autoloader\Autoloader.php(315): include_once()
 2 SYSTEMPATH\Autoloader\Autoloader.php(295): CodeIgniter\Autoloader\Autoloader->includeFile('C:\\xampp\\htdocs\\taskapp\\app\\Entities\\Task.php')
 3 SYSTEMPATH\Autoloader\Autoloader.php(271): CodeIgniter\Autoloader\Autoloader->loadInNamespace('App\\Entities\\Task')
 4 [internal function]: CodeIgniter\Autoloader\Autoloader->loadClass('App\\Entities\\Task')
 5 SYSTEMPATH\Database\MySQLi\Result.php(152): is_subclass_of('App\\Entities\\Task', 'CodeIgniter\\Entity\\Entity')
 6 SYSTEMPATH\Database\BaseResult.php(157): CodeIgniter\Database\MySQLi\Result->fetchObject('App\\Entities\\Task')
 7 SYSTEMPATH\Database\BaseResult.php(112): CodeIgniter\Database\BaseResult->getCustomResultObject('App\\Entities\\Task')
 8 SYSTEMPATH\Model.php(287): CodeIgniter\Database\BaseResult->getResult('App\\Entities\\Task')
 9 SYSTEMPATH\BaseModel.php(677): CodeIgniter\Model->doFindAll(0, 0)
10 APPPATH\Controllers\Tasks.php(10): CodeIgniter\BaseModel->findAll()
11 SYSTEMPATH\CodeIgniter.php(933): App\Controllers\Tasks->index()
12 SYSTEMPATH\CodeIgniter.php(507): CodeIgniter\CodeIgniter->runController(Object(App\Controllers\Tasks))
13 SYSTEMPATH\CodeIgniter.php(354): CodeIgniter\CodeIgniter->handleRequest(null, Object(Config\Cache), false)
14 SYSTEMPATH\Boot.php(363): CodeIgniter\CodeIgniter->run()
15 SYSTEMPATH\Boot.php(68): CodeIgniter\Boot::runCodeIgniter(Object(CodeIgniter\CodeIgniter))
16 FCPATH\index.php(59): CodeIgniter\Boot::bootWeb(Object(Config\Paths))
CRITICAL - 2025-10-08 00:52:53 --> Error: Class "CodeIgniter\Entity" not found
[Method: GET, Route: tasks]
in APPPATH\Entities\Task.php on line 5.
 1 SYSTEMPATH\Autoloader\Autoloader.php(315): include_once()
 2 SYSTEMPATH\Autoloader\Autoloader.php(295): CodeIgniter\Autoloader\Autoloader->includeFile('C:\\xampp\\htdocs\\taskapp\\app\\Entities\\Task.php')
 3 SYSTEMPATH\Autoloader\Autoloader.php(271): CodeIgniter\Autoloader\Autoloader->loadInNamespace('App\\Entities\\Task')
 4 [internal function]: CodeIgniter\Autoloader\Autoloader->loadClass('App\\Entities\\Task')
 5 SYSTEMPATH\Database\MySQLi\Result.php(152): is_subclass_of('App\\Entities\\Task', 'CodeIgniter\\Entity\\Entity')
 6 SYSTEMPATH\Database\BaseResult.php(157): CodeIgniter\Database\MySQLi\Result->fetchObject('App\\Entities\\Task')
 7 SYSTEMPATH\Database\BaseResult.php(112): CodeIgniter\Database\BaseResult->getCustomResultObject('App\\Entities\\Task')
 8 SYSTEMPATH\Model.php(287): CodeIgniter\Database\BaseResult->getResult('App\\Entities\\Task')
 9 SYSTEMPATH\BaseModel.php(677): CodeIgniter\Model->doFindAll(0, 0)
10 APPPATH\Controllers\Tasks.php(10): CodeIgniter\BaseModel->findAll()
11 SYSTEMPATH\CodeIgniter.php(933): App\Controllers\Tasks->index()
12 SYSTEMPATH\CodeIgniter.php(507): CodeIgniter\CodeIgniter->runController(Object(App\Controllers\Tasks))
13 SYSTEMPATH\CodeIgniter.php(354): CodeIgniter\CodeIgniter->handleRequest(null, Object(Config\Cache), false)
14 SYSTEMPATH\Boot.php(363): CodeIgniter\CodeIgniter->run()
15 SYSTEMPATH\Boot.php(68): CodeIgniter\Boot::runCodeIgniter(Object(CodeIgniter\CodeIgniter))
16 FCPATH\index.php(59): CodeIgniter\Boot::bootWeb(Object(Config\Paths))
CRITICAL - 2025-10-08 00:52:53 --> Error: Class "CodeIgniter\Entity" not found
[Method: GET, Route: tasks]
in APPPATH\Entities\Task.php on line 5.
 1 SYSTEMPATH\Autoloader\Autoloader.php(315): include_once()
 2 SYSTEMPATH\Autoloader\Autoloader.php(295): CodeIgniter\Autoloader\Autoloader->includeFile('C:\\xampp\\htdocs\\taskapp\\app\\Entities\\Task.php')
 3 SYSTEMPATH\Autoloader\Autoloader.php(271): CodeIgniter\Autoloader\Autoloader->loadInNamespace('App\\Entities\\Task')
 4 [internal function]: CodeIgniter\Autoloader\Autoloader->loadClass('App\\Entities\\Task')
 5 SYSTEMPATH\Database\MySQLi\Result.php(152): is_subclass_of('App\\Entities\\Task', 'CodeIgniter\\Entity\\Entity')
 6 SYSTEMPATH\Database\BaseResult.php(157): CodeIgniter\Database\MySQLi\Result->fetchObject('App\\Entities\\Task')
 7 SYSTEMPATH\Database\BaseResult.php(112): CodeIgniter\Database\BaseResult->getCustomResultObject('App\\Entities\\Task')
 8 SYSTEMPATH\Model.php(287): CodeIgniter\Database\BaseResult->getResult('App\\Entities\\Task')
 9 SYSTEMPATH\BaseModel.php(677): CodeIgniter\Model->doFindAll(0, 0)
10 APPPATH\Controllers\Tasks.php(10): CodeIgniter\BaseModel->findAll()
11 SYSTEMPATH\CodeIgniter.php(933): App\Controllers\Tasks->index()
12 SYSTEMPATH\CodeIgniter.php(507): CodeIgniter\CodeIgniter->runController(Object(App\Controllers\Tasks))
13 SYSTEMPATH\CodeIgniter.php(354): CodeIgniter\CodeIgniter->handleRequest(null, Object(Config\Cache), false)
14 SYSTEMPATH\Boot.php(363): CodeIgniter\CodeIgniter->run()
15 SYSTEMPATH\Boot.php(68): CodeIgniter\Boot::runCodeIgniter(Object(CodeIgniter\CodeIgniter))
16 FCPATH\index.php(59): CodeIgniter\Boot::bootWeb(Object(Config\Paths))
CRITICAL - 2025-10-08 00:52:53 --> Error: Class "CodeIgniter\Entity" not found
[Method: GET, Route: tasks]
in APPPATH\Entities\Task.php on line 5.
 1 SYSTEMPATH\Autoloader\Autoloader.php(315): include_once()
 2 SYSTEMPATH\Autoloader\Autoloader.php(295): CodeIgniter\Autoloader\Autoloader->includeFile('C:\\xampp\\htdocs\\taskapp\\app\\Entities\\Task.php')
 3 SYSTEMPATH\Autoloader\Autoloader.php(271): CodeIgniter\Autoloader\Autoloader->loadInNamespace('App\\Entities\\Task')
 4 [internal function]: CodeIgniter\Autoloader\Autoloader->loadClass('App\\Entities\\Task')
 5 SYSTEMPATH\Database\MySQLi\Result.php(152): is_subclass_of('App\\Entities\\Task', 'CodeIgniter\\Entity\\Entity')
 6 SYSTEMPATH\Database\BaseResult.php(157): CodeIgniter\Database\MySQLi\Result->fetchObject('App\\Entities\\Task')
 7 SYSTEMPATH\Database\BaseResult.php(112): CodeIgniter\Database\BaseResult->getCustomResultObject('App\\Entities\\Task')
 8 SYSTEMPATH\Model.php(287): CodeIgniter\Database\BaseResult->getResult('App\\Entities\\Task')
 9 SYSTEMPATH\BaseModel.php(677): CodeIgniter\Model->doFindAll(0, 0)
10 APPPATH\Controllers\Tasks.php(10): CodeIgniter\BaseModel->findAll()
11 SYSTEMPATH\CodeIgniter.php(933): App\Controllers\Tasks->index()
12 SYSTEMPATH\CodeIgniter.php(507): CodeIgniter\CodeIgniter->runController(Object(App\Controllers\Tasks))
13 SYSTEMPATH\CodeIgniter.php(354): CodeIgniter\CodeIgniter->handleRequest(null, Object(Config\Cache), false)
14 SYSTEMPATH\Boot.php(363): CodeIgniter\CodeIgniter->run()
15 SYSTEMPATH\Boot.php(68): CodeIgniter\Boot::runCodeIgniter(Object(CodeIgniter\CodeIgniter))
16 FCPATH\index.php(59): CodeIgniter\Boot::bootWeb(Object(Config\Paths))
CRITICAL - 2025-10-08 00:52:53 --> Error: Class "CodeIgniter\Entity" not found
[Method: GET, Route: tasks]
in APPPATH\Entities\Task.php on line 5.
 1 SYSTEMPATH\Autoloader\Autoloader.php(315): include_once()
 2 SYSTEMPATH\Autoloader\Autoloader.php(295): CodeIgniter\Autoloader\Autoloader->includeFile('C:\\xampp\\htdocs\\taskapp\\app\\Entities\\Task.php')
 3 SYSTEMPATH\Autoloader\Autoloader.php(271): CodeIgniter\Autoloader\Autoloader->loadInNamespace('App\\Entities\\Task')
 4 [internal function]: CodeIgniter\Autoloader\Autoloader->loadClass('App\\Entities\\Task')
 5 SYSTEMPATH\Database\MySQLi\Result.php(152): is_subclass_of('App\\Entities\\Task', 'CodeIgniter\\Entity\\Entity')
 6 SYSTEMPATH\Database\BaseResult.php(157): CodeIgniter\Database\MySQLi\Result->fetchObject('App\\Entities\\Task')
 7 SYSTEMPATH\Database\BaseResult.php(112): CodeIgniter\Database\BaseResult->getCustomResultObject('App\\Entities\\Task')
 8 SYSTEMPATH\Model.php(287): CodeIgniter\Database\BaseResult->getResult('App\\Entities\\Task')
 9 SYSTEMPATH\BaseModel.php(677): CodeIgniter\Model->doFindAll(0, 0)
10 APPPATH\Controllers\Tasks.php(10): CodeIgniter\BaseModel->findAll()
11 SYSTEMPATH\CodeIgniter.php(933): App\Controllers\Tasks->index()
12 SYSTEMPATH\CodeIgniter.php(507): CodeIgniter\CodeIgniter->runController(Object(App\Controllers\Tasks))
13 SYSTEMPATH\CodeIgniter.php(354): CodeIgniter\CodeIgniter->handleRequest(null, Object(Config\Cache), false)
14 SYSTEMPATH\Boot.php(363): CodeIgniter\CodeIgniter->run()
15 SYSTEMPATH\Boot.php(68): CodeIgniter\Boot::runCodeIgniter(Object(CodeIgniter\CodeIgniter))
16 FCPATH\index.php(59): CodeIgniter\Boot::bootWeb(Object(Config\Paths))
CRITICAL - 2025-10-08 00:52:53 --> Error: Class "CodeIgniter\Entity" not found
[Method: GET, Route: tasks]
in APPPATH\Entities\Task.php on line 5.
 1 SYSTEMPATH\Autoloader\Autoloader.php(315): include_once()
 2 SYSTEMPATH\Autoloader\Autoloader.php(295): CodeIgniter\Autoloader\Autoloader->includeFile('C:\\xampp\\htdocs\\taskapp\\app\\Entities\\Task.php')
 3 SYSTEMPATH\Autoloader\Autoloader.php(271): CodeIgniter\Autoloader\Autoloader->loadInNamespace('App\\Entities\\Task')
 4 [internal function]: CodeIgniter\Autoloader\Autoloader->loadClass('App\\Entities\\Task')
 5 SYSTEMPATH\Database\MySQLi\Result.php(152): is_subclass_of('App\\Entities\\Task', 'CodeIgniter\\Entity\\Entity')
 6 SYSTEMPATH\Database\BaseResult.php(157): CodeIgniter\Database\MySQLi\Result->fetchObject('App\\Entities\\Task')
 7 SYSTEMPATH\Database\BaseResult.php(112): CodeIgniter\Database\BaseResult->getCustomResultObject('App\\Entities\\Task')
 8 SYSTEMPATH\Model.php(287): CodeIgniter\Database\BaseResult->getResult('App\\Entities\\Task')
 9 SYSTEMPATH\BaseModel.php(677): CodeIgniter\Model->doFindAll(0, 0)
10 APPPATH\Controllers\Tasks.php(10): CodeIgniter\BaseModel->findAll()
11 SYSTEMPATH\CodeIgniter.php(933): App\Controllers\Tasks->index()
12 SYSTEMPATH\CodeIgniter.php(507): CodeIgniter\CodeIgniter->runController(Object(App\Controllers\Tasks))
13 SYSTEMPATH\CodeIgniter.php(354): CodeIgniter\CodeIgniter->handleRequest(null, Object(Config\Cache), false)
14 SYSTEMPATH\Boot.php(363): CodeIgniter\CodeIgniter->run()
15 SYSTEMPATH\Boot.php(68): CodeIgniter\Boot::runCodeIgniter(Object(CodeIgniter\CodeIgniter))
16 FCPATH\index.php(59): CodeIgniter\Boot::bootWeb(Object(Config\Paths))
CRITICAL - 2025-10-08 00:52:54 --> Error: Class "CodeIgniter\Entity" not found
[Method: GET, Route: tasks]
in APPPATH\Entities\Task.php on line 5.
 1 SYSTEMPATH\Autoloader\Autoloader.php(315): include_once()
 2 SYSTEMPATH\Autoloader\Autoloader.php(295): CodeIgniter\Autoloader\Autoloader->includeFile('C:\\xampp\\htdocs\\taskapp\\app\\Entities\\Task.php')
 3 SYSTEMPATH\Autoloader\Autoloader.php(271): CodeIgniter\Autoloader\Autoloader->loadInNamespace('App\\Entities\\Task')
 4 [internal function]: CodeIgniter\Autoloader\Autoloader->loadClass('App\\Entities\\Task')
 5 SYSTEMPATH\Database\MySQLi\Result.php(152): is_subclass_of('App\\Entities\\Task', 'CodeIgniter\\Entity\\Entity')
 6 SYSTEMPATH\Database\BaseResult.php(157): CodeIgniter\Database\MySQLi\Result->fetchObject('App\\Entities\\Task')
 7 SYSTEMPATH\Database\BaseResult.php(112): CodeIgniter\Database\BaseResult->getCustomResultObject('App\\Entities\\Task')
 8 SYSTEMPATH\Model.php(287): CodeIgniter\Database\BaseResult->getResult('App\\Entities\\Task')
 9 SYSTEMPATH\BaseModel.php(677): CodeIgniter\Model->doFindAll(0, 0)
10 APPPATH\Controllers\Tasks.php(10): CodeIgniter\BaseModel->findAll()
11 SYSTEMPATH\CodeIgniter.php(933): App\Controllers\Tasks->index()
12 SYSTEMPATH\CodeIgniter.php(507): CodeIgniter\CodeIgniter->runController(Object(App\Controllers\Tasks))
13 SYSTEMPATH\CodeIgniter.php(354): CodeIgniter\CodeIgniter->handleRequest(null, Object(Config\Cache), false)
14 SYSTEMPATH\Boot.php(363): CodeIgniter\CodeIgniter->run()
15 SYSTEMPATH\Boot.php(68): CodeIgniter\Boot::runCodeIgniter(Object(CodeIgniter\CodeIgniter))
16 FCPATH\index.php(59): CodeIgniter\Boot::bootWeb(Object(Config\Paths))
CRITICAL - 2025-10-08 00:52:54 --> Error: Class "CodeIgniter\Entity" not found
[Method: GET, Route: tasks]
in APPPATH\Entities\Task.php on line 5.
 1 SYSTEMPATH\Autoloader\Autoloader.php(315): include_once()
 2 SYSTEMPATH\Autoloader\Autoloader.php(295): CodeIgniter\Autoloader\Autoloader->includeFile('C:\\xampp\\htdocs\\taskapp\\app\\Entities\\Task.php')
 3 SYSTEMPATH\Autoloader\Autoloader.php(271): CodeIgniter\Autoloader\Autoloader->loadInNamespace('App\\Entities\\Task')
 4 [internal function]: CodeIgniter\Autoloader\Autoloader->loadClass('App\\Entities\\Task')
 5 SYSTEMPATH\Database\MySQLi\Result.php(152): is_subclass_of('App\\Entities\\Task', 'CodeIgniter\\Entity\\Entity')
 6 SYSTEMPATH\Database\BaseResult.php(157): CodeIgniter\Database\MySQLi\Result->fetchObject('App\\Entities\\Task')
 7 SYSTEMPATH\Database\BaseResult.php(112): CodeIgniter\Database\BaseResult->getCustomResultObject('App\\Entities\\Task')
 8 SYSTEMPATH\Model.php(287): CodeIgniter\Database\BaseResult->getResult('App\\Entities\\Task')
 9 SYSTEMPATH\BaseModel.php(677): CodeIgniter\Model->doFindAll(0, 0)
10 APPPATH\Controllers\Tasks.php(10): CodeIgniter\BaseModel->findAll()
11 SYSTEMPATH\CodeIgniter.php(933): App\Controllers\Tasks->index()
12 SYSTEMPATH\CodeIgniter.php(507): CodeIgniter\CodeIgniter->runController(Object(App\Controllers\Tasks))
13 SYSTEMPATH\CodeIgniter.php(354): CodeIgniter\CodeIgniter->handleRequest(null, Object(Config\Cache), false)
14 SYSTEMPATH\Boot.php(363): CodeIgniter\CodeIgniter->run()
15 SYSTEMPATH\Boot.php(68): CodeIgniter\Boot::runCodeIgniter(Object(CodeIgniter\CodeIgniter))
16 FCPATH\index.php(59): CodeIgniter\Boot::bootWeb(Object(Config\Paths))
CRITICAL - 2025-10-08 00:52:54 --> Error: Class "CodeIgniter\Entity" not found
[Method: GET, Route: tasks]
in APPPATH\Entities\Task.php on line 5.
 1 SYSTEMPATH\Autoloader\Autoloader.php(315): include_once()
 2 SYSTEMPATH\Autoloader\Autoloader.php(295): CodeIgniter\Autoloader\Autoloader->includeFile('C:\\xampp\\htdocs\\taskapp\\app\\Entities\\Task.php')
 3 SYSTEMPATH\Autoloader\Autoloader.php(271): CodeIgniter\Autoloader\Autoloader->loadInNamespace('App\\Entities\\Task')
 4 [internal function]: CodeIgniter\Autoloader\Autoloader->loadClass('App\\Entities\\Task')
 5 SYSTEMPATH\Database\MySQLi\Result.php(152): is_subclass_of('App\\Entities\\Task', 'CodeIgniter\\Entity\\Entity')
 6 SYSTEMPATH\Database\BaseResult.php(157): CodeIgniter\Database\MySQLi\Result->fetchObject('App\\Entities\\Task')
 7 SYSTEMPATH\Database\BaseResult.php(112): CodeIgniter\Database\BaseResult->getCustomResultObject('App\\Entities\\Task')
 8 SYSTEMPATH\Model.php(287): CodeIgniter\Database\BaseResult->getResult('App\\Entities\\Task')
 9 SYSTEMPATH\BaseModel.php(677): CodeIgniter\Model->doFindAll(0, 0)
10 APPPATH\Controllers\Tasks.php(10): CodeIgniter\BaseModel->findAll()
11 SYSTEMPATH\CodeIgniter.php(933): App\Controllers\Tasks->index()
12 SYSTEMPATH\CodeIgniter.php(507): CodeIgniter\CodeIgniter->runController(Object(App\Controllers\Tasks))
13 SYSTEMPATH\CodeIgniter.php(354): CodeIgniter\CodeIgniter->handleRequest(null, Object(Config\Cache), false)
14 SYSTEMPATH\Boot.php(363): CodeIgniter\CodeIgniter->run()
15 SYSTEMPATH\Boot.php(68): CodeIgniter\Boot::runCodeIgniter(Object(CodeIgniter\CodeIgniter))
16 FCPATH\index.php(59): CodeIgniter\Boot::bootWeb(Object(Config\Paths))
CRITICAL - 2025-10-08 00:52:54 --> Error: Class "CodeIgniter\Entity" not found
[Method: GET, Route: tasks]
in APPPATH\Entities\Task.php on line 5.
 1 SYSTEMPATH\Autoloader\Autoloader.php(315): include_once()
 2 SYSTEMPATH\Autoloader\Autoloader.php(295): CodeIgniter\Autoloader\Autoloader->includeFile('C:\\xampp\\htdocs\\taskapp\\app\\Entities\\Task.php')
 3 SYSTEMPATH\Autoloader\Autoloader.php(271): CodeIgniter\Autoloader\Autoloader->loadInNamespace('App\\Entities\\Task')
 4 [internal function]: CodeIgniter\Autoloader\Autoloader->loadClass('App\\Entities\\Task')
 5 SYSTEMPATH\Database\MySQLi\Result.php(152): is_subclass_of('App\\Entities\\Task', 'CodeIgniter\\Entity\\Entity')
 6 SYSTEMPATH\Database\BaseResult.php(157): CodeIgniter\Database\MySQLi\Result->fetchObject('App\\Entities\\Task')
 7 SYSTEMPATH\Database\BaseResult.php(112): CodeIgniter\Database\BaseResult->getCustomResultObject('App\\Entities\\Task')
 8 SYSTEMPATH\Model.php(287): CodeIgniter\Database\BaseResult->getResult('App\\Entities\\Task')
 9 SYSTEMPATH\BaseModel.php(677): CodeIgniter\Model->doFindAll(0, 0)
10 APPPATH\Controllers\Tasks.php(10): CodeIgniter\BaseModel->findAll()
11 SYSTEMPATH\CodeIgniter.php(933): App\Controllers\Tasks->index()
12 SYSTEMPATH\CodeIgniter.php(507): CodeIgniter\CodeIgniter->runController(Object(App\Controllers\Tasks))
13 SYSTEMPATH\CodeIgniter.php(354): CodeIgniter\CodeIgniter->handleRequest(null, Object(Config\Cache), false)
14 SYSTEMPATH\Boot.php(363): CodeIgniter\CodeIgniter->run()
15 SYSTEMPATH\Boot.php(68): CodeIgniter\Boot::runCodeIgniter(Object(CodeIgniter\CodeIgniter))
16 FCPATH\index.php(59): CodeIgniter\Boot::bootWeb(Object(Config\Paths))
CRITICAL - 2025-10-08 00:52:54 --> Error: Class "CodeIgniter\Entity" not found
[Method: GET, Route: tasks]
in APPPATH\Entities\Task.php on line 5.
 1 SYSTEMPATH\Autoloader\Autoloader.php(315): include_once()
 2 SYSTEMPATH\Autoloader\Autoloader.php(295): CodeIgniter\Autoloader\Autoloader->includeFile('C:\\xampp\\htdocs\\taskapp\\app\\Entities\\Task.php')
 3 SYSTEMPATH\Autoloader\Autoloader.php(271): CodeIgniter\Autoloader\Autoloader->loadInNamespace('App\\Entities\\Task')
 4 [internal function]: CodeIgniter\Autoloader\Autoloader->loadClass('App\\Entities\\Task')
 5 SYSTEMPATH\Database\MySQLi\Result.php(152): is_subclass_of('App\\Entities\\Task', 'CodeIgniter\\Entity\\Entity')
 6 SYSTEMPATH\Database\BaseResult.php(157): CodeIgniter\Database\MySQLi\Result->fetchObject('App\\Entities\\Task')
 7 SYSTEMPATH\Database\BaseResult.php(112): CodeIgniter\Database\BaseResult->getCustomResultObject('App\\Entities\\Task')
 8 SYSTEMPATH\Model.php(287): CodeIgniter\Database\BaseResult->getResult('App\\Entities\\Task')
 9 SYSTEMPATH\BaseModel.php(677): CodeIgniter\Model->doFindAll(0, 0)
10 APPPATH\Controllers\Tasks.php(10): CodeIgniter\BaseModel->findAll()
11 SYSTEMPATH\CodeIgniter.php(933): App\Controllers\Tasks->index()
12 SYSTEMPATH\CodeIgniter.php(507): CodeIgniter\CodeIgniter->runController(Object(App\Controllers\Tasks))
13 SYSTEMPATH\CodeIgniter.php(354): CodeIgniter\CodeIgniter->handleRequest(null, Object(Config\Cache), false)
14 SYSTEMPATH\Boot.php(363): CodeIgniter\CodeIgniter->run()
15 SYSTEMPATH\Boot.php(68): CodeIgniter\Boot::runCodeIgniter(Object(CodeIgniter\CodeIgniter))
16 FCPATH\index.php(59): CodeIgniter\Boot::bootWeb(Object(Config\Paths))
CRITICAL - 2025-10-08 00:52:55 --> Error: Class "CodeIgniter\Entity" not found
[Method: GET, Route: tasks]
in APPPATH\Entities\Task.php on line 5.
 1 SYSTEMPATH\Autoloader\Autoloader.php(315): include_once()
 2 SYSTEMPATH\Autoloader\Autoloader.php(295): CodeIgniter\Autoloader\Autoloader->includeFile('C:\\xampp\\htdocs\\taskapp\\app\\Entities\\Task.php')
 3 SYSTEMPATH\Autoloader\Autoloader.php(271): CodeIgniter\Autoloader\Autoloader->loadInNamespace('App\\Entities\\Task')
 4 [internal function]: CodeIgniter\Autoloader\Autoloader->loadClass('App\\Entities\\Task')
 5 SYSTEMPATH\Database\MySQLi\Result.php(152): is_subclass_of('App\\Entities\\Task', 'CodeIgniter\\Entity\\Entity')
 6 SYSTEMPATH\Database\BaseResult.php(157): CodeIgniter\Database\MySQLi\Result->fetchObject('App\\Entities\\Task')
 7 SYSTEMPATH\Database\BaseResult.php(112): CodeIgniter\Database\BaseResult->getCustomResultObject('App\\Entities\\Task')
 8 SYSTEMPATH\Model.php(287): CodeIgniter\Database\BaseResult->getResult('App\\Entities\\Task')
 9 SYSTEMPATH\BaseModel.php(677): CodeIgniter\Model->doFindAll(0, 0)
10 APPPATH\Controllers\Tasks.php(10): CodeIgniter\BaseModel->findAll()
11 SYSTEMPATH\CodeIgniter.php(933): App\Controllers\Tasks->index()
12 SYSTEMPATH\CodeIgniter.php(507): CodeIgniter\CodeIgniter->runController(Object(App\Controllers\Tasks))
13 SYSTEMPATH\CodeIgniter.php(354): CodeIgniter\CodeIgniter->handleRequest(null, Object(Config\Cache), false)
14 SYSTEMPATH\Boot.php(363): CodeIgniter\CodeIgniter->run()
15 SYSTEMPATH\Boot.php(68): CodeIgniter\Boot::runCodeIgniter(Object(CodeIgniter\CodeIgniter))
16 FCPATH\index.php(59): CodeIgniter\Boot::bootWeb(Object(Config\Paths))
CRITICAL - 2025-10-08 00:52:55 --> Error: Class "CodeIgniter\Entity" not found
[Method: GET, Route: tasks]
in APPPATH\Entities\Task.php on line 5.
 1 SYSTEMPATH\Autoloader\Autoloader.php(315): include_once()
 2 SYSTEMPATH\Autoloader\Autoloader.php(295): CodeIgniter\Autoloader\Autoloader->includeFile('C:\\xampp\\htdocs\\taskapp\\app\\Entities\\Task.php')
 3 SYSTEMPATH\Autoloader\Autoloader.php(271): CodeIgniter\Autoloader\Autoloader->loadInNamespace('App\\Entities\\Task')
 4 [internal function]: CodeIgniter\Autoloader\Autoloader->loadClass('App\\Entities\\Task')
 5 SYSTEMPATH\Database\MySQLi\Result.php(152): is_subclass_of('App\\Entities\\Task', 'CodeIgniter\\Entity\\Entity')
 6 SYSTEMPATH\Database\BaseResult.php(157): CodeIgniter\Database\MySQLi\Result->fetchObject('App\\Entities\\Task')
 7 SYSTEMPATH\Database\BaseResult.php(112): CodeIgniter\Database\BaseResult->getCustomResultObject('App\\Entities\\Task')
 8 SYSTEMPATH\Model.php(287): CodeIgniter\Database\BaseResult->getResult('App\\Entities\\Task')
 9 SYSTEMPATH\BaseModel.php(677): CodeIgniter\Model->doFindAll(0, 0)
10 APPPATH\Controllers\Tasks.php(10): CodeIgniter\BaseModel->findAll()
11 SYSTEMPATH\CodeIgniter.php(933): App\Controllers\Tasks->index()
12 SYSTEMPATH\CodeIgniter.php(507): CodeIgniter\CodeIgniter->runController(Object(App\Controllers\Tasks))
13 SYSTEMPATH\CodeIgniter.php(354): CodeIgniter\CodeIgniter->handleRequest(null, Object(Config\Cache), false)
14 SYSTEMPATH\Boot.php(363): CodeIgniter\CodeIgniter->run()
15 SYSTEMPATH\Boot.php(68): CodeIgniter\Boot::runCodeIgniter(Object(CodeIgniter\CodeIgniter))
16 FCPATH\index.php(59): CodeIgniter\Boot::bootWeb(Object(Config\Paths))
CRITICAL - 2025-10-08 00:52:55 --> Error: Class "CodeIgniter\Entity" not found
[Method: GET, Route: tasks]
in APPPATH\Entities\Task.php on line 5.
 1 SYSTEMPATH\Autoloader\Autoloader.php(315): include_once()
 2 SYSTEMPATH\Autoloader\Autoloader.php(295): CodeIgniter\Autoloader\Autoloader->includeFile('C:\\xampp\\htdocs\\taskapp\\app\\Entities\\Task.php')
 3 SYSTEMPATH\Autoloader\Autoloader.php(271): CodeIgniter\Autoloader\Autoloader->loadInNamespace('App\\Entities\\Task')
 4 [internal function]: CodeIgniter\Autoloader\Autoloader->loadClass('App\\Entities\\Task')
 5 SYSTEMPATH\Database\MySQLi\Result.php(152): is_subclass_of('App\\Entities\\Task', 'CodeIgniter\\Entity\\Entity')
 6 SYSTEMPATH\Database\BaseResult.php(157): CodeIgniter\Database\MySQLi\Result->fetchObject('App\\Entities\\Task')
 7 SYSTEMPATH\Database\BaseResult.php(112): CodeIgniter\Database\BaseResult->getCustomResultObject('App\\Entities\\Task')
 8 SYSTEMPATH\Model.php(287): CodeIgniter\Database\BaseResult->getResult('App\\Entities\\Task')
 9 SYSTEMPATH\BaseModel.php(677): CodeIgniter\Model->doFindAll(0, 0)
10 APPPATH\Controllers\Tasks.php(10): CodeIgniter\BaseModel->findAll()
11 SYSTEMPATH\CodeIgniter.php(933): App\Controllers\Tasks->index()
12 SYSTEMPATH\CodeIgniter.php(507): CodeIgniter\CodeIgniter->runController(Object(App\Controllers\Tasks))
13 SYSTEMPATH\CodeIgniter.php(354): CodeIgniter\CodeIgniter->handleRequest(null, Object(Config\Cache), false)
14 SYSTEMPATH\Boot.php(363): CodeIgniter\CodeIgniter->run()
15 SYSTEMPATH\Boot.php(68): CodeIgniter\Boot::runCodeIgniter(Object(CodeIgniter\CodeIgniter))
16 FCPATH\index.php(59): CodeIgniter\Boot::bootWeb(Object(Config\Paths))
CRITICAL - 2025-10-08 00:52:55 --> Error: Class "CodeIgniter\Entity" not found
[Method: GET, Route: tasks]
in APPPATH\Entities\Task.php on line 5.
 1 SYSTEMPATH\Autoloader\Autoloader.php(315): include_once()
 2 SYSTEMPATH\Autoloader\Autoloader.php(295): CodeIgniter\Autoloader\Autoloader->includeFile('C:\\xampp\\htdocs\\taskapp\\app\\Entities\\Task.php')
 3 SYSTEMPATH\Autoloader\Autoloader.php(271): CodeIgniter\Autoloader\Autoloader->loadInNamespace('App\\Entities\\Task')
 4 [internal function]: CodeIgniter\Autoloader\Autoloader->loadClass('App\\Entities\\Task')
 5 SYSTEMPATH\Database\MySQLi\Result.php(152): is_subclass_of('App\\Entities\\Task', 'CodeIgniter\\Entity\\Entity')
 6 SYSTEMPATH\Database\BaseResult.php(157): CodeIgniter\Database\MySQLi\Result->fetchObject('App\\Entities\\Task')
 7 SYSTEMPATH\Database\BaseResult.php(112): CodeIgniter\Database\BaseResult->getCustomResultObject('App\\Entities\\Task')
 8 SYSTEMPATH\Model.php(287): CodeIgniter\Database\BaseResult->getResult('App\\Entities\\Task')
 9 SYSTEMPATH\BaseModel.php(677): CodeIgniter\Model->doFindAll(0, 0)
10 APPPATH\Controllers\Tasks.php(10): CodeIgniter\BaseModel->findAll()
11 SYSTEMPATH\CodeIgniter.php(933): App\Controllers\Tasks->index()
12 SYSTEMPATH\CodeIgniter.php(507): CodeIgniter\CodeIgniter->runController(Object(App\Controllers\Tasks))
13 SYSTEMPATH\CodeIgniter.php(354): CodeIgniter\CodeIgniter->handleRequest(null, Object(Config\Cache), false)
14 SYSTEMPATH\Boot.php(363): CodeIgniter\CodeIgniter->run()
15 SYSTEMPATH\Boot.php(68): CodeIgniter\Boot::runCodeIgniter(Object(CodeIgniter\CodeIgniter))
16 FCPATH\index.php(59): CodeIgniter\Boot::bootWeb(Object(Config\Paths))
CRITICAL - 2025-10-08 00:52:55 --> Error: Class "CodeIgniter\Entity" not found
[Method: GET, Route: tasks]
in APPPATH\Entities\Task.php on line 5.
 1 SYSTEMPATH\Autoloader\Autoloader.php(315): include_once()
 2 SYSTEMPATH\Autoloader\Autoloader.php(295): CodeIgniter\Autoloader\Autoloader->includeFile('C:\\xampp\\htdocs\\taskapp\\app\\Entities\\Task.php')
 3 SYSTEMPATH\Autoloader\Autoloader.php(271): CodeIgniter\Autoloader\Autoloader->loadInNamespace('App\\Entities\\Task')
 4 [internal function]: CodeIgniter\Autoloader\Autoloader->loadClass('App\\Entities\\Task')
 5 SYSTEMPATH\Database\MySQLi\Result.php(152): is_subclass_of('App\\Entities\\Task', 'CodeIgniter\\Entity\\Entity')
 6 SYSTEMPATH\Database\BaseResult.php(157): CodeIgniter\Database\MySQLi\Result->fetchObject('App\\Entities\\Task')
 7 SYSTEMPATH\Database\BaseResult.php(112): CodeIgniter\Database\BaseResult->getCustomResultObject('App\\Entities\\Task')
 8 SYSTEMPATH\Model.php(287): CodeIgniter\Database\BaseResult->getResult('App\\Entities\\Task')
 9 SYSTEMPATH\BaseModel.php(677): CodeIgniter\Model->doFindAll(0, 0)
10 APPPATH\Controllers\Tasks.php(10): CodeIgniter\BaseModel->findAll()
11 SYSTEMPATH\CodeIgniter.php(933): App\Controllers\Tasks->index()
12 SYSTEMPATH\CodeIgniter.php(507): CodeIgniter\CodeIgniter->runController(Object(App\Controllers\Tasks))
13 SYSTEMPATH\CodeIgniter.php(354): CodeIgniter\CodeIgniter->handleRequest(null, Object(Config\Cache), false)
14 SYSTEMPATH\Boot.php(363): CodeIgniter\CodeIgniter->run()
15 SYSTEMPATH\Boot.php(68): CodeIgniter\Boot::runCodeIgniter(Object(CodeIgniter\CodeIgniter))
16 FCPATH\index.php(59): CodeIgniter\Boot::bootWeb(Object(Config\Paths))
CRITICAL - 2025-10-08 00:52:56 --> Error: Class "CodeIgniter\Entity" not found
[Method: GET, Route: tasks]
in APPPATH\Entities\Task.php on line 5.
 1 SYSTEMPATH\Autoloader\Autoloader.php(315): include_once()
 2 SYSTEMPATH\Autoloader\Autoloader.php(295): CodeIgniter\Autoloader\Autoloader->includeFile('C:\\xampp\\htdocs\\taskapp\\app\\Entities\\Task.php')
 3 SYSTEMPATH\Autoloader\Autoloader.php(271): CodeIgniter\Autoloader\Autoloader->loadInNamespace('App\\Entities\\Task')
 4 [internal function]: CodeIgniter\Autoloader\Autoloader->loadClass('App\\Entities\\Task')
 5 SYSTEMPATH\Database\MySQLi\Result.php(152): is_subclass_of('App\\Entities\\Task', 'CodeIgniter\\Entity\\Entity')
 6 SYSTEMPATH\Database\BaseResult.php(157): CodeIgniter\Database\MySQLi\Result->fetchObject('App\\Entities\\Task')
 7 SYSTEMPATH\Database\BaseResult.php(112): CodeIgniter\Database\BaseResult->getCustomResultObject('App\\Entities\\Task')
 8 SYSTEMPATH\Model.php(287): CodeIgniter\Database\BaseResult->getResult('App\\Entities\\Task')
 9 SYSTEMPATH\BaseModel.php(677): CodeIgniter\Model->doFindAll(0, 0)
10 APPPATH\Controllers\Tasks.php(10): CodeIgniter\BaseModel->findAll()
11 SYSTEMPATH\CodeIgniter.php(933): App\Controllers\Tasks->index()
12 SYSTEMPATH\CodeIgniter.php(507): CodeIgniter\CodeIgniter->runController(Object(App\Controllers\Tasks))
13 SYSTEMPATH\CodeIgniter.php(354): CodeIgniter\CodeIgniter->handleRequest(null, Object(Config\Cache), false)
14 SYSTEMPATH\Boot.php(363): CodeIgniter\CodeIgniter->run()
15 SYSTEMPATH\Boot.php(68): CodeIgniter\Boot::runCodeIgniter(Object(CodeIgniter\CodeIgniter))
16 FCPATH\index.php(59): CodeIgniter\Boot::bootWeb(Object(Config\Paths))
CRITICAL - 2025-10-08 00:52:56 --> Error: Class "CodeIgniter\Entity" not found
[Method: GET, Route: tasks]
in APPPATH\Entities\Task.php on line 5.
 1 SYSTEMPATH\Autoloader\Autoloader.php(315): include_once()
 2 SYSTEMPATH\Autoloader\Autoloader.php(295): CodeIgniter\Autoloader\Autoloader->includeFile('C:\\xampp\\htdocs\\taskapp\\app\\Entities\\Task.php')
 3 SYSTEMPATH\Autoloader\Autoloader.php(271): CodeIgniter\Autoloader\Autoloader->loadInNamespace('App\\Entities\\Task')
 4 [internal function]: CodeIgniter\Autoloader\Autoloader->loadClass('App\\Entities\\Task')
 5 SYSTEMPATH\Database\MySQLi\Result.php(152): is_subclass_of('App\\Entities\\Task', 'CodeIgniter\\Entity\\Entity')
 6 SYSTEMPATH\Database\BaseResult.php(157): CodeIgniter\Database\MySQLi\Result->fetchObject('App\\Entities\\Task')
 7 SYSTEMPATH\Database\BaseResult.php(112): CodeIgniter\Database\BaseResult->getCustomResultObject('App\\Entities\\Task')
 8 SYSTEMPATH\Model.php(287): CodeIgniter\Database\BaseResult->getResult('App\\Entities\\Task')
 9 SYSTEMPATH\BaseModel.php(677): CodeIgniter\Model->doFindAll(0, 0)
10 APPPATH\Controllers\Tasks.php(10): CodeIgniter\BaseModel->findAll()
11 SYSTEMPATH\CodeIgniter.php(933): App\Controllers\Tasks->index()
12 SYSTEMPATH\CodeIgniter.php(507): CodeIgniter\CodeIgniter->runController(Object(App\Controllers\Tasks))
13 SYSTEMPATH\CodeIgniter.php(354): CodeIgniter\CodeIgniter->handleRequest(null, Object(Config\Cache), false)
14 SYSTEMPATH\Boot.php(363): CodeIgniter\CodeIgniter->run()
15 SYSTEMPATH\Boot.php(68): CodeIgniter\Boot::runCodeIgniter(Object(CodeIgniter\CodeIgniter))
16 FCPATH\index.php(59): CodeIgniter\Boot::bootWeb(Object(Config\Paths))
CRITICAL - 2025-10-08 00:52:56 --> Error: Class "CodeIgniter\Entity" not found
[Method: GET, Route: tasks]
in APPPATH\Entities\Task.php on line 5.
 1 SYSTEMPATH\Autoloader\Autoloader.php(315): include_once()
 2 SYSTEMPATH\Autoloader\Autoloader.php(295): CodeIgniter\Autoloader\Autoloader->includeFile('C:\\xampp\\htdocs\\taskapp\\app\\Entities\\Task.php')
 3 SYSTEMPATH\Autoloader\Autoloader.php(271): CodeIgniter\Autoloader\Autoloader->loadInNamespace('App\\Entities\\Task')
 4 [internal function]: CodeIgniter\Autoloader\Autoloader->loadClass('App\\Entities\\Task')
 5 SYSTEMPATH\Database\MySQLi\Result.php(152): is_subclass_of('App\\Entities\\Task', 'CodeIgniter\\Entity\\Entity')
 6 SYSTEMPATH\Database\BaseResult.php(157): CodeIgniter\Database\MySQLi\Result->fetchObject('App\\Entities\\Task')
 7 SYSTEMPATH\Database\BaseResult.php(112): CodeIgniter\Database\BaseResult->getCustomResultObject('App\\Entities\\Task')
 8 SYSTEMPATH\Model.php(287): CodeIgniter\Database\BaseResult->getResult('App\\Entities\\Task')
 9 SYSTEMPATH\BaseModel.php(677): CodeIgniter\Model->doFindAll(0, 0)
10 APPPATH\Controllers\Tasks.php(10): CodeIgniter\BaseModel->findAll()
11 SYSTEMPATH\CodeIgniter.php(933): App\Controllers\Tasks->index()
12 SYSTEMPATH\CodeIgniter.php(507): CodeIgniter\CodeIgniter->runController(Object(App\Controllers\Tasks))
13 SYSTEMPATH\CodeIgniter.php(354): CodeIgniter\CodeIgniter->handleRequest(null, Object(Config\Cache), false)
14 SYSTEMPATH\Boot.php(363): CodeIgniter\CodeIgniter->run()
15 SYSTEMPATH\Boot.php(68): CodeIgniter\Boot::runCodeIgniter(Object(CodeIgniter\CodeIgniter))
16 FCPATH\index.php(59): CodeIgniter\Boot::bootWeb(Object(Config\Paths))
CRITICAL - 2025-10-08 00:52:56 --> Error: Class "CodeIgniter\Entity" not found
[Method: GET, Route: tasks]
in APPPATH\Entities\Task.php on line 5.
 1 SYSTEMPATH\Autoloader\Autoloader.php(315): include_once()
 2 SYSTEMPATH\Autoloader\Autoloader.php(295): CodeIgniter\Autoloader\Autoloader->includeFile('C:\\xampp\\htdocs\\taskapp\\app\\Entities\\Task.php')
 3 SYSTEMPATH\Autoloader\Autoloader.php(271): CodeIgniter\Autoloader\Autoloader->loadInNamespace('App\\Entities\\Task')
 4 [internal function]: CodeIgniter\Autoloader\Autoloader->loadClass('App\\Entities\\Task')
 5 SYSTEMPATH\Database\MySQLi\Result.php(152): is_subclass_of('App\\Entities\\Task', 'CodeIgniter\\Entity\\Entity')
 6 SYSTEMPATH\Database\BaseResult.php(157): CodeIgniter\Database\MySQLi\Result->fetchObject('App\\Entities\\Task')
 7 SYSTEMPATH\Database\BaseResult.php(112): CodeIgniter\Database\BaseResult->getCustomResultObject('App\\Entities\\Task')
 8 SYSTEMPATH\Model.php(287): CodeIgniter\Database\BaseResult->getResult('App\\Entities\\Task')
 9 SYSTEMPATH\BaseModel.php(677): CodeIgniter\Model->doFindAll(0, 0)
10 APPPATH\Controllers\Tasks.php(10): CodeIgniter\BaseModel->findAll()
11 SYSTEMPATH\CodeIgniter.php(933): App\Controllers\Tasks->index()
12 SYSTEMPATH\CodeIgniter.php(507): CodeIgniter\CodeIgniter->runController(Object(App\Controllers\Tasks))
13 SYSTEMPATH\CodeIgniter.php(354): CodeIgniter\CodeIgniter->handleRequest(null, Object(Config\Cache), false)
14 SYSTEMPATH\Boot.php(363): CodeIgniter\CodeIgniter->run()
15 SYSTEMPATH\Boot.php(68): CodeIgniter\Boot::runCodeIgniter(Object(CodeIgniter\CodeIgniter))
16 FCPATH\index.php(59): CodeIgniter\Boot::bootWeb(Object(Config\Paths))
CRITICAL - 2025-10-08 00:52:57 --> Error: Class "CodeIgniter\Entity" not found
[Method: GET, Route: tasks]
in APPPATH\Entities\Task.php on line 5.
 1 SYSTEMPATH\Autoloader\Autoloader.php(315): include_once()
 2 SYSTEMPATH\Autoloader\Autoloader.php(295): CodeIgniter\Autoloader\Autoloader->includeFile('C:\\xampp\\htdocs\\taskapp\\app\\Entities\\Task.php')
 3 SYSTEMPATH\Autoloader\Autoloader.php(271): CodeIgniter\Autoloader\Autoloader->loadInNamespace('App\\Entities\\Task')
 4 [internal function]: CodeIgniter\Autoloader\Autoloader->loadClass('App\\Entities\\Task')
 5 SYSTEMPATH\Database\MySQLi\Result.php(152): is_subclass_of('App\\Entities\\Task', 'CodeIgniter\\Entity\\Entity')
 6 SYSTEMPATH\Database\BaseResult.php(157): CodeIgniter\Database\MySQLi\Result->fetchObject('App\\Entities\\Task')
 7 SYSTEMPATH\Database\BaseResult.php(112): CodeIgniter\Database\BaseResult->getCustomResultObject('App\\Entities\\Task')
 8 SYSTEMPATH\Model.php(287): CodeIgniter\Database\BaseResult->getResult('App\\Entities\\Task')
 9 SYSTEMPATH\BaseModel.php(677): CodeIgniter\Model->doFindAll(0, 0)
10 APPPATH\Controllers\Tasks.php(10): CodeIgniter\BaseModel->findAll()
11 SYSTEMPATH\CodeIgniter.php(933): App\Controllers\Tasks->index()
12 SYSTEMPATH\CodeIgniter.php(507): CodeIgniter\CodeIgniter->runController(Object(App\Controllers\Tasks))
13 SYSTEMPATH\CodeIgniter.php(354): CodeIgniter\CodeIgniter->handleRequest(null, Object(Config\Cache), false)
14 SYSTEMPATH\Boot.php(363): CodeIgniter\CodeIgniter->run()
15 SYSTEMPATH\Boot.php(68): CodeIgniter\Boot::runCodeIgniter(Object(CodeIgniter\CodeIgniter))
16 FCPATH\index.php(59): CodeIgniter\Boot::bootWeb(Object(Config\Paths))
CRITICAL - 2025-10-08 00:52:57 --> Error: Class "CodeIgniter\Entity" not found
[Method: GET, Route: tasks]
in APPPATH\Entities\Task.php on line 5.
 1 SYSTEMPATH\Autoloader\Autoloader.php(315): include_once()
 2 SYSTEMPATH\Autoloader\Autoloader.php(295): CodeIgniter\Autoloader\Autoloader->includeFile('C:\\xampp\\htdocs\\taskapp\\app\\Entities\\Task.php')
 3 SYSTEMPATH\Autoloader\Autoloader.php(271): CodeIgniter\Autoloader\Autoloader->loadInNamespace('App\\Entities\\Task')
 4 [internal function]: CodeIgniter\Autoloader\Autoloader->loadClass('App\\Entities\\Task')
 5 SYSTEMPATH\Database\MySQLi\Result.php(152): is_subclass_of('App\\Entities\\Task', 'CodeIgniter\\Entity\\Entity')
 6 SYSTEMPATH\Database\BaseResult.php(157): CodeIgniter\Database\MySQLi\Result->fetchObject('App\\Entities\\Task')
 7 SYSTEMPATH\Database\BaseResult.php(112): CodeIgniter\Database\BaseResult->getCustomResultObject('App\\Entities\\Task')
 8 SYSTEMPATH\Model.php(287): CodeIgniter\Database\BaseResult->getResult('App\\Entities\\Task')
 9 SYSTEMPATH\BaseModel.php(677): CodeIgniter\Model->doFindAll(0, 0)
10 APPPATH\Controllers\Tasks.php(10): CodeIgniter\BaseModel->findAll()
11 SYSTEMPATH\CodeIgniter.php(933): App\Controllers\Tasks->index()
12 SYSTEMPATH\CodeIgniter.php(507): CodeIgniter\CodeIgniter->runController(Object(App\Controllers\Tasks))
13 SYSTEMPATH\CodeIgniter.php(354): CodeIgniter\CodeIgniter->handleRequest(null, Object(Config\Cache), false)
14 SYSTEMPATH\Boot.php(363): CodeIgniter\CodeIgniter->run()
15 SYSTEMPATH\Boot.php(68): CodeIgniter\Boot::runCodeIgniter(Object(CodeIgniter\CodeIgniter))
16 FCPATH\index.php(59): CodeIgniter\Boot::bootWeb(Object(Config\Paths))
CRITICAL - 2025-10-08 00:52:57 --> Error: Class "CodeIgniter\Entity" not found
[Method: GET, Route: tasks]
in APPPATH\Entities\Task.php on line 5.
 1 SYSTEMPATH\Autoloader\Autoloader.php(315): include_once()
 2 SYSTEMPATH\Autoloader\Autoloader.php(295): CodeIgniter\Autoloader\Autoloader->includeFile('C:\\xampp\\htdocs\\taskapp\\app\\Entities\\Task.php')
 3 SYSTEMPATH\Autoloader\Autoloader.php(271): CodeIgniter\Autoloader\Autoloader->loadInNamespace('App\\Entities\\Task')
 4 [internal function]: CodeIgniter\Autoloader\Autoloader->loadClass('App\\Entities\\Task')
 5 SYSTEMPATH\Database\MySQLi\Result.php(152): is_subclass_of('App\\Entities\\Task', 'CodeIgniter\\Entity\\Entity')
 6 SYSTEMPATH\Database\BaseResult.php(157): CodeIgniter\Database\MySQLi\Result->fetchObject('App\\Entities\\Task')
 7 SYSTEMPATH\Database\BaseResult.php(112): CodeIgniter\Database\BaseResult->getCustomResultObject('App\\Entities\\Task')
 8 SYSTEMPATH\Model.php(287): CodeIgniter\Database\BaseResult->getResult('App\\Entities\\Task')
 9 SYSTEMPATH\BaseModel.php(677): CodeIgniter\Model->doFindAll(0, 0)
10 APPPATH\Controllers\Tasks.php(10): CodeIgniter\BaseModel->findAll()
11 SYSTEMPATH\CodeIgniter.php(933): App\Controllers\Tasks->index()
12 SYSTEMPATH\CodeIgniter.php(507): CodeIgniter\CodeIgniter->runController(Object(App\Controllers\Tasks))
13 SYSTEMPATH\CodeIgniter.php(354): CodeIgniter\CodeIgniter->handleRequest(null, Object(Config\Cache), false)
14 SYSTEMPATH\Boot.php(363): CodeIgniter\CodeIgniter->run()
15 SYSTEMPATH\Boot.php(68): CodeIgniter\Boot::runCodeIgniter(Object(CodeIgniter\CodeIgniter))
16 FCPATH\index.php(59): CodeIgniter\Boot::bootWeb(Object(Config\Paths))
CRITICAL - 2025-10-08 00:52:57 --> Error: Class "CodeIgniter\Entity" not found
[Method: GET, Route: tasks]
in APPPATH\Entities\Task.php on line 5.
 1 SYSTEMPATH\Autoloader\Autoloader.php(315): include_once()
 2 SYSTEMPATH\Autoloader\Autoloader.php(295): CodeIgniter\Autoloader\Autoloader->includeFile('C:\\xampp\\htdocs\\taskapp\\app\\Entities\\Task.php')
 3 SYSTEMPATH\Autoloader\Autoloader.php(271): CodeIgniter\Autoloader\Autoloader->loadInNamespace('App\\Entities\\Task')
 4 [internal function]: CodeIgniter\Autoloader\Autoloader->loadClass('App\\Entities\\Task')
 5 SYSTEMPATH\Database\MySQLi\Result.php(152): is_subclass_of('App\\Entities\\Task', 'CodeIgniter\\Entity\\Entity')
 6 SYSTEMPATH\Database\BaseResult.php(157): CodeIgniter\Database\MySQLi\Result->fetchObject('App\\Entities\\Task')
 7 SYSTEMPATH\Database\BaseResult.php(112): CodeIgniter\Database\BaseResult->getCustomResultObject('App\\Entities\\Task')
 8 SYSTEMPATH\Model.php(287): CodeIgniter\Database\BaseResult->getResult('App\\Entities\\Task')
 9 SYSTEMPATH\BaseModel.php(677): CodeIgniter\Model->doFindAll(0, 0)
10 APPPATH\Controllers\Tasks.php(10): CodeIgniter\BaseModel->findAll()
11 SYSTEMPATH\CodeIgniter.php(933): App\Controllers\Tasks->index()
12 SYSTEMPATH\CodeIgniter.php(507): CodeIgniter\CodeIgniter->runController(Object(App\Controllers\Tasks))
13 SYSTEMPATH\CodeIgniter.php(354): CodeIgniter\CodeIgniter->handleRequest(null, Object(Config\Cache), false)
14 SYSTEMPATH\Boot.php(363): CodeIgniter\CodeIgniter->run()
15 SYSTEMPATH\Boot.php(68): CodeIgniter\Boot::runCodeIgniter(Object(CodeIgniter\CodeIgniter))
16 FCPATH\index.php(59): CodeIgniter\Boot::bootWeb(Object(Config\Paths))
CRITICAL - 2025-10-08 00:52:57 --> Error: Class "CodeIgniter\Entity" not found
[Method: GET, Route: tasks]
in APPPATH\Entities\Task.php on line 5.
 1 SYSTEMPATH\Autoloader\Autoloader.php(315): include_once()
 2 SYSTEMPATH\Autoloader\Autoloader.php(295): CodeIgniter\Autoloader\Autoloader->includeFile('C:\\xampp\\htdocs\\taskapp\\app\\Entities\\Task.php')
 3 SYSTEMPATH\Autoloader\Autoloader.php(271): CodeIgniter\Autoloader\Autoloader->loadInNamespace('App\\Entities\\Task')
 4 [internal function]: CodeIgniter\Autoloader\Autoloader->loadClass('App\\Entities\\Task')
 5 SYSTEMPATH\Database\MySQLi\Result.php(152): is_subclass_of('App\\Entities\\Task', 'CodeIgniter\\Entity\\Entity')
 6 SYSTEMPATH\Database\BaseResult.php(157): CodeIgniter\Database\MySQLi\Result->fetchObject('App\\Entities\\Task')
 7 SYSTEMPATH\Database\BaseResult.php(112): CodeIgniter\Database\BaseResult->getCustomResultObject('App\\Entities\\Task')
 8 SYSTEMPATH\Model.php(287): CodeIgniter\Database\BaseResult->getResult('App\\Entities\\Task')
 9 SYSTEMPATH\BaseModel.php(677): CodeIgniter\Model->doFindAll(0, 0)
10 APPPATH\Controllers\Tasks.php(10): CodeIgniter\BaseModel->findAll()
11 SYSTEMPATH\CodeIgniter.php(933): App\Controllers\Tasks->index()
12 SYSTEMPATH\CodeIgniter.php(507): CodeIgniter\CodeIgniter->runController(Object(App\Controllers\Tasks))
13 SYSTEMPATH\CodeIgniter.php(354): CodeIgniter\CodeIgniter->handleRequest(null, Object(Config\Cache), false)
14 SYSTEMPATH\Boot.php(363): CodeIgniter\CodeIgniter->run()
15 SYSTEMPATH\Boot.php(68): CodeIgniter\Boot::runCodeIgniter(Object(CodeIgniter\CodeIgniter))
16 FCPATH\index.php(59): CodeIgniter\Boot::bootWeb(Object(Config\Paths))
CRITICAL - 2025-10-08 00:52:58 --> Error: Class "CodeIgniter\Entity" not found
[Method: GET, Route: tasks]
in APPPATH\Entities\Task.php on line 5.
 1 SYSTEMPATH\Autoloader\Autoloader.php(315): include_once()
 2 SYSTEMPATH\Autoloader\Autoloader.php(295): CodeIgniter\Autoloader\Autoloader->includeFile('C:\\xampp\\htdocs\\taskapp\\app\\Entities\\Task.php')
 3 SYSTEMPATH\Autoloader\Autoloader.php(271): CodeIgniter\Autoloader\Autoloader->loadInNamespace('App\\Entities\\Task')
 4 [internal function]: CodeIgniter\Autoloader\Autoloader->loadClass('App\\Entities\\Task')
 5 SYSTEMPATH\Database\MySQLi\Result.php(152): is_subclass_of('App\\Entities\\Task', 'CodeIgniter\\Entity\\Entity')
 6 SYSTEMPATH\Database\BaseResult.php(157): CodeIgniter\Database\MySQLi\Result->fetchObject('App\\Entities\\Task')
 7 SYSTEMPATH\Database\BaseResult.php(112): CodeIgniter\Database\BaseResult->getCustomResultObject('App\\Entities\\Task')
 8 SYSTEMPATH\Model.php(287): CodeIgniter\Database\BaseResult->getResult('App\\Entities\\Task')
 9 SYSTEMPATH\BaseModel.php(677): CodeIgniter\Model->doFindAll(0, 0)
10 APPPATH\Controllers\Tasks.php(10): CodeIgniter\BaseModel->findAll()
11 SYSTEMPATH\CodeIgniter.php(933): App\Controllers\Tasks->index()
12 SYSTEMPATH\CodeIgniter.php(507): CodeIgniter\CodeIgniter->runController(Object(App\Controllers\Tasks))
13 SYSTEMPATH\CodeIgniter.php(354): CodeIgniter\CodeIgniter->handleRequest(null, Object(Config\Cache), false)
14 SYSTEMPATH\Boot.php(363): CodeIgniter\CodeIgniter->run()
15 SYSTEMPATH\Boot.php(68): CodeIgniter\Boot::runCodeIgniter(Object(CodeIgniter\CodeIgniter))
16 FCPATH\index.php(59): CodeIgniter\Boot::bootWeb(Object(Config\Paths))
CRITICAL - 2025-10-08 00:52:58 --> Error: Class "CodeIgniter\Entity" not found
[Method: GET, Route: tasks]
in APPPATH\Entities\Task.php on line 5.
 1 SYSTEMPATH\Autoloader\Autoloader.php(315): include_once()
 2 SYSTEMPATH\Autoloader\Autoloader.php(295): CodeIgniter\Autoloader\Autoloader->includeFile('C:\\xampp\\htdocs\\taskapp\\app\\Entities\\Task.php')
 3 SYSTEMPATH\Autoloader\Autoloader.php(271): CodeIgniter\Autoloader\Autoloader->loadInNamespace('App\\Entities\\Task')
 4 [internal function]: CodeIgniter\Autoloader\Autoloader->loadClass('App\\Entities\\Task')
 5 SYSTEMPATH\Database\MySQLi\Result.php(152): is_subclass_of('App\\Entities\\Task', 'CodeIgniter\\Entity\\Entity')
 6 SYSTEMPATH\Database\BaseResult.php(157): CodeIgniter\Database\MySQLi\Result->fetchObject('App\\Entities\\Task')
 7 SYSTEMPATH\Database\BaseResult.php(112): CodeIgniter\Database\BaseResult->getCustomResultObject('App\\Entities\\Task')
 8 SYSTEMPATH\Model.php(287): CodeIgniter\Database\BaseResult->getResult('App\\Entities\\Task')
 9 SYSTEMPATH\BaseModel.php(677): CodeIgniter\Model->doFindAll(0, 0)
10 APPPATH\Controllers\Tasks.php(10): CodeIgniter\BaseModel->findAll()
11 SYSTEMPATH\CodeIgniter.php(933): App\Controllers\Tasks->index()
12 SYSTEMPATH\CodeIgniter.php(507): CodeIgniter\CodeIgniter->runController(Object(App\Controllers\Tasks))
13 SYSTEMPATH\CodeIgniter.php(354): CodeIgniter\CodeIgniter->handleRequest(null, Object(Config\Cache), false)
14 SYSTEMPATH\Boot.php(363): CodeIgniter\CodeIgniter->run()
15 SYSTEMPATH\Boot.php(68): CodeIgniter\Boot::runCodeIgniter(Object(CodeIgniter\CodeIgniter))
16 FCPATH\index.php(59): CodeIgniter\Boot::bootWeb(Object(Config\Paths))
CRITICAL - 2025-10-08 00:52:58 --> Error: Class "CodeIgniter\Entity" not found
[Method: GET, Route: tasks]
in APPPATH\Entities\Task.php on line 5.
 1 SYSTEMPATH\Autoloader\Autoloader.php(315): include_once()
 2 SYSTEMPATH\Autoloader\Autoloader.php(295): CodeIgniter\Autoloader\Autoloader->includeFile('C:\\xampp\\htdocs\\taskapp\\app\\Entities\\Task.php')
 3 SYSTEMPATH\Autoloader\Autoloader.php(271): CodeIgniter\Autoloader\Autoloader->loadInNamespace('App\\Entities\\Task')
 4 [internal function]: CodeIgniter\Autoloader\Autoloader->loadClass('App\\Entities\\Task')
 5 SYSTEMPATH\Database\MySQLi\Result.php(152): is_subclass_of('App\\Entities\\Task', 'CodeIgniter\\Entity\\Entity')
 6 SYSTEMPATH\Database\BaseResult.php(157): CodeIgniter\Database\MySQLi\Result->fetchObject('App\\Entities\\Task')
 7 SYSTEMPATH\Database\BaseResult.php(112): CodeIgniter\Database\BaseResult->getCustomResultObject('App\\Entities\\Task')
 8 SYSTEMPATH\Model.php(287): CodeIgniter\Database\BaseResult->getResult('App\\Entities\\Task')
 9 SYSTEMPATH\BaseModel.php(677): CodeIgniter\Model->doFindAll(0, 0)
10 APPPATH\Controllers\Tasks.php(10): CodeIgniter\BaseModel->findAll()
11 SYSTEMPATH\CodeIgniter.php(933): App\Controllers\Tasks->index()
12 SYSTEMPATH\CodeIgniter.php(507): CodeIgniter\CodeIgniter->runController(Object(App\Controllers\Tasks))
13 SYSTEMPATH\CodeIgniter.php(354): CodeIgniter\CodeIgniter->handleRequest(null, Object(Config\Cache), false)
14 SYSTEMPATH\Boot.php(363): CodeIgniter\CodeIgniter->run()
15 SYSTEMPATH\Boot.php(68): CodeIgniter\Boot::runCodeIgniter(Object(CodeIgniter\CodeIgniter))
16 FCPATH\index.php(59): CodeIgniter\Boot::bootWeb(Object(Config\Paths))
CRITICAL - 2025-10-08 00:52:58 --> Error: Class "CodeIgniter\Entity" not found
[Method: GET, Route: tasks]
in APPPATH\Entities\Task.php on line 5.
 1 SYSTEMPATH\Autoloader\Autoloader.php(315): include_once()
 2 SYSTEMPATH\Autoloader\Autoloader.php(295): CodeIgniter\Autoloader\Autoloader->includeFile('C:\\xampp\\htdocs\\taskapp\\app\\Entities\\Task.php')
 3 SYSTEMPATH\Autoloader\Autoloader.php(271): CodeIgniter\Autoloader\Autoloader->loadInNamespace('App\\Entities\\Task')
 4 [internal function]: CodeIgniter\Autoloader\Autoloader->loadClass('App\\Entities\\Task')
 5 SYSTEMPATH\Database\MySQLi\Result.php(152): is_subclass_of('App\\Entities\\Task', 'CodeIgniter\\Entity\\Entity')
 6 SYSTEMPATH\Database\BaseResult.php(157): CodeIgniter\Database\MySQLi\Result->fetchObject('App\\Entities\\Task')
 7 SYSTEMPATH\Database\BaseResult.php(112): CodeIgniter\Database\BaseResult->getCustomResultObject('App\\Entities\\Task')
 8 SYSTEMPATH\Model.php(287): CodeIgniter\Database\BaseResult->getResult('App\\Entities\\Task')
 9 SYSTEMPATH\BaseModel.php(677): CodeIgniter\Model->doFindAll(0, 0)
10 APPPATH\Controllers\Tasks.php(10): CodeIgniter\BaseModel->findAll()
11 SYSTEMPATH\CodeIgniter.php(933): App\Controllers\Tasks->index()
12 SYSTEMPATH\CodeIgniter.php(507): CodeIgniter\CodeIgniter->runController(Object(App\Controllers\Tasks))
13 SYSTEMPATH\CodeIgniter.php(354): CodeIgniter\CodeIgniter->handleRequest(null, Object(Config\Cache), false)
14 SYSTEMPATH\Boot.php(363): CodeIgniter\CodeIgniter->run()
15 SYSTEMPATH\Boot.php(68): CodeIgniter\Boot::runCodeIgniter(Object(CodeIgniter\CodeIgniter))
16 FCPATH\index.php(59): CodeIgniter\Boot::bootWeb(Object(Config\Paths))
CRITICAL - 2025-10-08 00:53:01 --> Error: Class "CodeIgniter\Entity" not found
[Method: GET, Route: tasks]
in APPPATH\Entities\Task.php on line 5.
 1 SYSTEMPATH\Autoloader\Autoloader.php(315): include_once()
 2 SYSTEMPATH\Autoloader\Autoloader.php(295): CodeIgniter\Autoloader\Autoloader->includeFile('C:\\xampp\\htdocs\\taskapp\\app\\Entities\\Task.php')
 3 SYSTEMPATH\Autoloader\Autoloader.php(271): CodeIgniter\Autoloader\Autoloader->loadInNamespace('App\\Entities\\Task')
 4 [internal function]: CodeIgniter\Autoloader\Autoloader->loadClass('App\\Entities\\Task')
 5 SYSTEMPATH\Database\MySQLi\Result.php(152): is_subclass_of('App\\Entities\\Task', 'CodeIgniter\\Entity\\Entity')
 6 SYSTEMPATH\Database\BaseResult.php(157): CodeIgniter\Database\MySQLi\Result->fetchObject('App\\Entities\\Task')
 7 SYSTEMPATH\Database\BaseResult.php(112): CodeIgniter\Database\BaseResult->getCustomResultObject('App\\Entities\\Task')
 8 SYSTEMPATH\Model.php(287): CodeIgniter\Database\BaseResult->getResult('App\\Entities\\Task')
 9 SYSTEMPATH\BaseModel.php(677): CodeIgniter\Model->doFindAll(0, 0)
10 APPPATH\Controllers\Tasks.php(10): CodeIgniter\BaseModel->findAll()
11 SYSTEMPATH\CodeIgniter.php(933): App\Controllers\Tasks->index()
12 SYSTEMPATH\CodeIgniter.php(507): CodeIgniter\CodeIgniter->runController(Object(App\Controllers\Tasks))
13 SYSTEMPATH\CodeIgniter.php(354): CodeIgniter\CodeIgniter->handleRequest(null, Object(Config\Cache), false)
14 SYSTEMPATH\Boot.php(363): CodeIgniter\CodeIgniter->run()
15 SYSTEMPATH\Boot.php(68): CodeIgniter\Boot::runCodeIgniter(Object(CodeIgniter\CodeIgniter))
16 FCPATH\index.php(59): CodeIgniter\Boot::bootWeb(Object(Config\Paths))
CRITICAL - 2025-10-08 00:53:01 --> Error: Class "CodeIgniter\Entity" not found
[Method: GET, Route: tasks]
in APPPATH\Entities\Task.php on line 5.
 1 SYSTEMPATH\Autoloader\Autoloader.php(315): include_once()
 2 SYSTEMPATH\Autoloader\Autoloader.php(295): CodeIgniter\Autoloader\Autoloader->includeFile('C:\\xampp\\htdocs\\taskapp\\app\\Entities\\Task.php')
 3 SYSTEMPATH\Autoloader\Autoloader.php(271): CodeIgniter\Autoloader\Autoloader->loadInNamespace('App\\Entities\\Task')
 4 [internal function]: CodeIgniter\Autoloader\Autoloader->loadClass('App\\Entities\\Task')
 5 SYSTEMPATH\Database\MySQLi\Result.php(152): is_subclass_of('App\\Entities\\Task', 'CodeIgniter\\Entity\\Entity')
 6 SYSTEMPATH\Database\BaseResult.php(157): CodeIgniter\Database\MySQLi\Result->fetchObject('App\\Entities\\Task')
 7 SYSTEMPATH\Database\BaseResult.php(112): CodeIgniter\Database\BaseResult->getCustomResultObject('App\\Entities\\Task')
 8 SYSTEMPATH\Model.php(287): CodeIgniter\Database\BaseResult->getResult('App\\Entities\\Task')
 9 SYSTEMPATH\BaseModel.php(677): CodeIgniter\Model->doFindAll(0, 0)
10 APPPATH\Controllers\Tasks.php(10): CodeIgniter\BaseModel->findAll()
11 SYSTEMPATH\CodeIgniter.php(933): App\Controllers\Tasks->index()
12 SYSTEMPATH\CodeIgniter.php(507): CodeIgniter\CodeIgniter->runController(Object(App\Controllers\Tasks))
13 SYSTEMPATH\CodeIgniter.php(354): CodeIgniter\CodeIgniter->handleRequest(null, Object(Config\Cache), false)
14 SYSTEMPATH\Boot.php(363): CodeIgniter\CodeIgniter->run()
15 SYSTEMPATH\Boot.php(68): CodeIgniter\Boot::runCodeIgniter(Object(CodeIgniter\CodeIgniter))
16 FCPATH\index.php(59): CodeIgniter\Boot::bootWeb(Object(Config\Paths))
CRITICAL - 2025-10-08 00:53:01 --> Error: Class "CodeIgniter\Entity" not found
[Method: GET, Route: tasks]
in APPPATH\Entities\Task.php on line 5.
 1 SYSTEMPATH\Autoloader\Autoloader.php(315): include_once()
 2 SYSTEMPATH\Autoloader\Autoloader.php(295): CodeIgniter\Autoloader\Autoloader->includeFile('C:\\xampp\\htdocs\\taskapp\\app\\Entities\\Task.php')
 3 SYSTEMPATH\Autoloader\Autoloader.php(271): CodeIgniter\Autoloader\Autoloader->loadInNamespace('App\\Entities\\Task')
 4 [internal function]: CodeIgniter\Autoloader\Autoloader->loadClass('App\\Entities\\Task')
 5 SYSTEMPATH\Database\MySQLi\Result.php(152): is_subclass_of('App\\Entities\\Task', 'CodeIgniter\\Entity\\Entity')
 6 SYSTEMPATH\Database\BaseResult.php(157): CodeIgniter\Database\MySQLi\Result->fetchObject('App\\Entities\\Task')
 7 SYSTEMPATH\Database\BaseResult.php(112): CodeIgniter\Database\BaseResult->getCustomResultObject('App\\Entities\\Task')
 8 SYSTEMPATH\Model.php(287): CodeIgniter\Database\BaseResult->getResult('App\\Entities\\Task')
 9 SYSTEMPATH\BaseModel.php(677): CodeIgniter\Model->doFindAll(0, 0)
10 APPPATH\Controllers\Tasks.php(10): CodeIgniter\BaseModel->findAll()
11 SYSTEMPATH\CodeIgniter.php(933): App\Controllers\Tasks->index()
12 SYSTEMPATH\CodeIgniter.php(507): CodeIgniter\CodeIgniter->runController(Object(App\Controllers\Tasks))
13 SYSTEMPATH\CodeIgniter.php(354): CodeIgniter\CodeIgniter->handleRequest(null, Object(Config\Cache), false)
14 SYSTEMPATH\Boot.php(363): CodeIgniter\CodeIgniter->run()
15 SYSTEMPATH\Boot.php(68): CodeIgniter\Boot::runCodeIgniter(Object(CodeIgniter\CodeIgniter))
16 FCPATH\index.php(59): CodeIgniter\Boot::bootWeb(Object(Config\Paths))
CRITICAL - 2025-10-08 00:53:01 --> Error: Class "CodeIgniter\Entity" not found
[Method: GET, Route: tasks]
in APPPATH\Entities\Task.php on line 5.
 1 SYSTEMPATH\Autoloader\Autoloader.php(315): include_once()
 2 SYSTEMPATH\Autoloader\Autoloader.php(295): CodeIgniter\Autoloader\Autoloader->includeFile('C:\\xampp\\htdocs\\taskapp\\app\\Entities\\Task.php')
 3 SYSTEMPATH\Autoloader\Autoloader.php(271): CodeIgniter\Autoloader\Autoloader->loadInNamespace('App\\Entities\\Task')
 4 [internal function]: CodeIgniter\Autoloader\Autoloader->loadClass('App\\Entities\\Task')
 5 SYSTEMPATH\Database\MySQLi\Result.php(152): is_subclass_of('App\\Entities\\Task', 'CodeIgniter\\Entity\\Entity')
 6 SYSTEMPATH\Database\BaseResult.php(157): CodeIgniter\Database\MySQLi\Result->fetchObject('App\\Entities\\Task')
 7 SYSTEMPATH\Database\BaseResult.php(112): CodeIgniter\Database\BaseResult->getCustomResultObject('App\\Entities\\Task')
 8 SYSTEMPATH\Model.php(287): CodeIgniter\Database\BaseResult->getResult('App\\Entities\\Task')
 9 SYSTEMPATH\BaseModel.php(677): CodeIgniter\Model->doFindAll(0, 0)
10 APPPATH\Controllers\Tasks.php(10): CodeIgniter\BaseModel->findAll()
11 SYSTEMPATH\CodeIgniter.php(933): App\Controllers\Tasks->index()
12 SYSTEMPATH\CodeIgniter.php(507): CodeIgniter\CodeIgniter->runController(Object(App\Controllers\Tasks))
13 SYSTEMPATH\CodeIgniter.php(354): CodeIgniter\CodeIgniter->handleRequest(null, Object(Config\Cache), false)
14 SYSTEMPATH\Boot.php(363): CodeIgniter\CodeIgniter->run()
15 SYSTEMPATH\Boot.php(68): CodeIgniter\Boot::runCodeIgniter(Object(CodeIgniter\CodeIgniter))
16 FCPATH\index.php(59): CodeIgniter\Boot::bootWeb(Object(Config\Paths))
CRITICAL - 2025-10-08 00:53:02 --> Error: Class "CodeIgniter\Entity" not found
[Method: GET, Route: tasks]
in APPPATH\Entities\Task.php on line 5.
 1 SYSTEMPATH\Autoloader\Autoloader.php(315): include_once()
 2 SYSTEMPATH\Autoloader\Autoloader.php(295): CodeIgniter\Autoloader\Autoloader->includeFile('C:\\xampp\\htdocs\\taskapp\\app\\Entities\\Task.php')
 3 SYSTEMPATH\Autoloader\Autoloader.php(271): CodeIgniter\Autoloader\Autoloader->loadInNamespace('App\\Entities\\Task')
 4 [internal function]: CodeIgniter\Autoloader\Autoloader->loadClass('App\\Entities\\Task')
 5 SYSTEMPATH\Database\MySQLi\Result.php(152): is_subclass_of('App\\Entities\\Task', 'CodeIgniter\\Entity\\Entity')
 6 SYSTEMPATH\Database\BaseResult.php(157): CodeIgniter\Database\MySQLi\Result->fetchObject('App\\Entities\\Task')
 7 SYSTEMPATH\Database\BaseResult.php(112): CodeIgniter\Database\BaseResult->getCustomResultObject('App\\Entities\\Task')
 8 SYSTEMPATH\Model.php(287): CodeIgniter\Database\BaseResult->getResult('App\\Entities\\Task')
 9 SYSTEMPATH\BaseModel.php(677): CodeIgniter\Model->doFindAll(0, 0)
10 APPPATH\Controllers\Tasks.php(10): CodeIgniter\BaseModel->findAll()
11 SYSTEMPATH\CodeIgniter.php(933): App\Controllers\Tasks->index()
12 SYSTEMPATH\CodeIgniter.php(507): CodeIgniter\CodeIgniter->runController(Object(App\Controllers\Tasks))
13 SYSTEMPATH\CodeIgniter.php(354): CodeIgniter\CodeIgniter->handleRequest(null, Object(Config\Cache), false)
14 SYSTEMPATH\Boot.php(363): CodeIgniter\CodeIgniter->run()
15 SYSTEMPATH\Boot.php(68): CodeIgniter\Boot::runCodeIgniter(Object(CodeIgniter\CodeIgniter))
16 FCPATH\index.php(59): CodeIgniter\Boot::bootWeb(Object(Config\Paths))
CRITICAL - 2025-10-08 00:53:02 --> Error: Class "CodeIgniter\Entity" not found
[Method: GET, Route: tasks]
in APPPATH\Entities\Task.php on line 5.
 1 SYSTEMPATH\Autoloader\Autoloader.php(315): include_once()
 2 SYSTEMPATH\Autoloader\Autoloader.php(295): CodeIgniter\Autoloader\Autoloader->includeFile('C:\\xampp\\htdocs\\taskapp\\app\\Entities\\Task.php')
 3 SYSTEMPATH\Autoloader\Autoloader.php(271): CodeIgniter\Autoloader\Autoloader->loadInNamespace('App\\Entities\\Task')
 4 [internal function]: CodeIgniter\Autoloader\Autoloader->loadClass('App\\Entities\\Task')
 5 SYSTEMPATH\Database\MySQLi\Result.php(152): is_subclass_of('App\\Entities\\Task', 'CodeIgniter\\Entity\\Entity')
 6 SYSTEMPATH\Database\BaseResult.php(157): CodeIgniter\Database\MySQLi\Result->fetchObject('App\\Entities\\Task')
 7 SYSTEMPATH\Database\BaseResult.php(112): CodeIgniter\Database\BaseResult->getCustomResultObject('App\\Entities\\Task')
 8 SYSTEMPATH\Model.php(287): CodeIgniter\Database\BaseResult->getResult('App\\Entities\\Task')
 9 SYSTEMPATH\BaseModel.php(677): CodeIgniter\Model->doFindAll(0, 0)
10 APPPATH\Controllers\Tasks.php(10): CodeIgniter\BaseModel->findAll()
11 SYSTEMPATH\CodeIgniter.php(933): App\Controllers\Tasks->index()
12 SYSTEMPATH\CodeIgniter.php(507): CodeIgniter\CodeIgniter->runController(Object(App\Controllers\Tasks))
13 SYSTEMPATH\CodeIgniter.php(354): CodeIgniter\CodeIgniter->handleRequest(null, Object(Config\Cache), false)
14 SYSTEMPATH\Boot.php(363): CodeIgniter\CodeIgniter->run()
15 SYSTEMPATH\Boot.php(68): CodeIgniter\Boot::runCodeIgniter(Object(CodeIgniter\CodeIgniter))
16 FCPATH\index.php(59): CodeIgniter\Boot::bootWeb(Object(Config\Paths))
CRITICAL - 2025-10-08 00:53:02 --> Error: Class "CodeIgniter\Entity" not found
[Method: GET, Route: tasks]
in APPPATH\Entities\Task.php on line 5.
 1 SYSTEMPATH\Autoloader\Autoloader.php(315): include_once()
 2 SYSTEMPATH\Autoloader\Autoloader.php(295): CodeIgniter\Autoloader\Autoloader->includeFile('C:\\xampp\\htdocs\\taskapp\\app\\Entities\\Task.php')
 3 SYSTEMPATH\Autoloader\Autoloader.php(271): CodeIgniter\Autoloader\Autoloader->loadInNamespace('App\\Entities\\Task')
 4 [internal function]: CodeIgniter\Autoloader\Autoloader->loadClass('App\\Entities\\Task')
 5 SYSTEMPATH\Database\MySQLi\Result.php(152): is_subclass_of('App\\Entities\\Task', 'CodeIgniter\\Entity\\Entity')
 6 SYSTEMPATH\Database\BaseResult.php(157): CodeIgniter\Database\MySQLi\Result->fetchObject('App\\Entities\\Task')
 7 SYSTEMPATH\Database\BaseResult.php(112): CodeIgniter\Database\BaseResult->getCustomResultObject('App\\Entities\\Task')
 8 SYSTEMPATH\Model.php(287): CodeIgniter\Database\BaseResult->getResult('App\\Entities\\Task')
 9 SYSTEMPATH\BaseModel.php(677): CodeIgniter\Model->doFindAll(0, 0)
10 APPPATH\Controllers\Tasks.php(10): CodeIgniter\BaseModel->findAll()
11 SYSTEMPATH\CodeIgniter.php(933): App\Controllers\Tasks->index()
12 SYSTEMPATH\CodeIgniter.php(507): CodeIgniter\CodeIgniter->runController(Object(App\Controllers\Tasks))
13 SYSTEMPATH\CodeIgniter.php(354): CodeIgniter\CodeIgniter->handleRequest(null, Object(Config\Cache), false)
14 SYSTEMPATH\Boot.php(363): CodeIgniter\CodeIgniter->run()
15 SYSTEMPATH\Boot.php(68): CodeIgniter\Boot::runCodeIgniter(Object(CodeIgniter\CodeIgniter))
16 FCPATH\index.php(59): CodeIgniter\Boot::bootWeb(Object(Config\Paths))
CRITICAL - 2025-10-08 00:53:02 --> Error: Class "CodeIgniter\Entity" not found
[Method: GET, Route: tasks]
in APPPATH\Entities\Task.php on line 5.
 1 SYSTEMPATH\Autoloader\Autoloader.php(315): include_once()
 2 SYSTEMPATH\Autoloader\Autoloader.php(295): CodeIgniter\Autoloader\Autoloader->includeFile('C:\\xampp\\htdocs\\taskapp\\app\\Entities\\Task.php')
 3 SYSTEMPATH\Autoloader\Autoloader.php(271): CodeIgniter\Autoloader\Autoloader->loadInNamespace('App\\Entities\\Task')
 4 [internal function]: CodeIgniter\Autoloader\Autoloader->loadClass('App\\Entities\\Task')
 5 SYSTEMPATH\Database\MySQLi\Result.php(152): is_subclass_of('App\\Entities\\Task', 'CodeIgniter\\Entity\\Entity')
 6 SYSTEMPATH\Database\BaseResult.php(157): CodeIgniter\Database\MySQLi\Result->fetchObject('App\\Entities\\Task')
 7 SYSTEMPATH\Database\BaseResult.php(112): CodeIgniter\Database\BaseResult->getCustomResultObject('App\\Entities\\Task')
 8 SYSTEMPATH\Model.php(287): CodeIgniter\Database\BaseResult->getResult('App\\Entities\\Task')
 9 SYSTEMPATH\BaseModel.php(677): CodeIgniter\Model->doFindAll(0, 0)
10 APPPATH\Controllers\Tasks.php(10): CodeIgniter\BaseModel->findAll()
11 SYSTEMPATH\CodeIgniter.php(933): App\Controllers\Tasks->index()
12 SYSTEMPATH\CodeIgniter.php(507): CodeIgniter\CodeIgniter->runController(Object(App\Controllers\Tasks))
13 SYSTEMPATH\CodeIgniter.php(354): CodeIgniter\CodeIgniter->handleRequest(null, Object(Config\Cache), false)
14 SYSTEMPATH\Boot.php(363): CodeIgniter\CodeIgniter->run()
15 SYSTEMPATH\Boot.php(68): CodeIgniter\Boot::runCodeIgniter(Object(CodeIgniter\CodeIgniter))
16 FCPATH\index.php(59): CodeIgniter\Boot::bootWeb(Object(Config\Paths))
CRITICAL - 2025-10-08 00:53:02 --> Error: Class "CodeIgniter\Entity" not found
[Method: GET, Route: tasks]
in APPPATH\Entities\Task.php on line 5.
 1 SYSTEMPATH\Autoloader\Autoloader.php(315): include_once()
 2 SYSTEMPATH\Autoloader\Autoloader.php(295): CodeIgniter\Autoloader\Autoloader->includeFile('C:\\xampp\\htdocs\\taskapp\\app\\Entities\\Task.php')
 3 SYSTEMPATH\Autoloader\Autoloader.php(271): CodeIgniter\Autoloader\Autoloader->loadInNamespace('App\\Entities\\Task')
 4 [internal function]: CodeIgniter\Autoloader\Autoloader->loadClass('App\\Entities\\Task')
 5 SYSTEMPATH\Database\MySQLi\Result.php(152): is_subclass_of('App\\Entities\\Task', 'CodeIgniter\\Entity\\Entity')
 6 SYSTEMPATH\Database\BaseResult.php(157): CodeIgniter\Database\MySQLi\Result->fetchObject('App\\Entities\\Task')
 7 SYSTEMPATH\Database\BaseResult.php(112): CodeIgniter\Database\BaseResult->getCustomResultObject('App\\Entities\\Task')
 8 SYSTEMPATH\Model.php(287): CodeIgniter\Database\BaseResult->getResult('App\\Entities\\Task')
 9 SYSTEMPATH\BaseModel.php(677): CodeIgniter\Model->doFindAll(0, 0)
10 APPPATH\Controllers\Tasks.php(10): CodeIgniter\BaseModel->findAll()
11 SYSTEMPATH\CodeIgniter.php(933): App\Controllers\Tasks->index()
12 SYSTEMPATH\CodeIgniter.php(507): CodeIgniter\CodeIgniter->runController(Object(App\Controllers\Tasks))
13 SYSTEMPATH\CodeIgniter.php(354): CodeIgniter\CodeIgniter->handleRequest(null, Object(Config\Cache), false)
14 SYSTEMPATH\Boot.php(363): CodeIgniter\CodeIgniter->run()
15 SYSTEMPATH\Boot.php(68): CodeIgniter\Boot::runCodeIgniter(Object(CodeIgniter\CodeIgniter))
16 FCPATH\index.php(59): CodeIgniter\Boot::bootWeb(Object(Config\Paths))
CRITICAL - 2025-10-08 00:53:03 --> Error: Class "CodeIgniter\Entity" not found
[Method: GET, Route: tasks]
in APPPATH\Entities\Task.php on line 5.
 1 SYSTEMPATH\Autoloader\Autoloader.php(315): include_once()
 2 SYSTEMPATH\Autoloader\Autoloader.php(295): CodeIgniter\Autoloader\Autoloader->includeFile('C:\\xampp\\htdocs\\taskapp\\app\\Entities\\Task.php')
 3 SYSTEMPATH\Autoloader\Autoloader.php(271): CodeIgniter\Autoloader\Autoloader->loadInNamespace('App\\Entities\\Task')
 4 [internal function]: CodeIgniter\Autoloader\Autoloader->loadClass('App\\Entities\\Task')
 5 SYSTEMPATH\Database\MySQLi\Result.php(152): is_subclass_of('App\\Entities\\Task', 'CodeIgniter\\Entity\\Entity')
 6 SYSTEMPATH\Database\BaseResult.php(157): CodeIgniter\Database\MySQLi\Result->fetchObject('App\\Entities\\Task')
 7 SYSTEMPATH\Database\BaseResult.php(112): CodeIgniter\Database\BaseResult->getCustomResultObject('App\\Entities\\Task')
 8 SYSTEMPATH\Model.php(287): CodeIgniter\Database\BaseResult->getResult('App\\Entities\\Task')
 9 SYSTEMPATH\BaseModel.php(677): CodeIgniter\Model->doFindAll(0, 0)
10 APPPATH\Controllers\Tasks.php(10): CodeIgniter\BaseModel->findAll()
11 SYSTEMPATH\CodeIgniter.php(933): App\Controllers\Tasks->index()
12 SYSTEMPATH\CodeIgniter.php(507): CodeIgniter\CodeIgniter->runController(Object(App\Controllers\Tasks))
13 SYSTEMPATH\CodeIgniter.php(354): CodeIgniter\CodeIgniter->handleRequest(null, Object(Config\Cache), false)
14 SYSTEMPATH\Boot.php(363): CodeIgniter\CodeIgniter->run()
15 SYSTEMPATH\Boot.php(68): CodeIgniter\Boot::runCodeIgniter(Object(CodeIgniter\CodeIgniter))
16 FCPATH\index.php(59): CodeIgniter\Boot::bootWeb(Object(Config\Paths))
CRITICAL - 2025-10-08 00:53:03 --> Error: Class "CodeIgniter\Entity" not found
[Method: GET, Route: tasks]
in APPPATH\Entities\Task.php on line 5.
 1 SYSTEMPATH\Autoloader\Autoloader.php(315): include_once()
 2 SYSTEMPATH\Autoloader\Autoloader.php(295): CodeIgniter\Autoloader\Autoloader->includeFile('C:\\xampp\\htdocs\\taskapp\\app\\Entities\\Task.php')
 3 SYSTEMPATH\Autoloader\Autoloader.php(271): CodeIgniter\Autoloader\Autoloader->loadInNamespace('App\\Entities\\Task')
 4 [internal function]: CodeIgniter\Autoloader\Autoloader->loadClass('App\\Entities\\Task')
 5 SYSTEMPATH\Database\MySQLi\Result.php(152): is_subclass_of('App\\Entities\\Task', 'CodeIgniter\\Entity\\Entity')
 6 SYSTEMPATH\Database\BaseResult.php(157): CodeIgniter\Database\MySQLi\Result->fetchObject('App\\Entities\\Task')
 7 SYSTEMPATH\Database\BaseResult.php(112): CodeIgniter\Database\BaseResult->getCustomResultObject('App\\Entities\\Task')
 8 SYSTEMPATH\Model.php(287): CodeIgniter\Database\BaseResult->getResult('App\\Entities\\Task')
 9 SYSTEMPATH\BaseModel.php(677): CodeIgniter\Model->doFindAll(0, 0)
10 APPPATH\Controllers\Tasks.php(10): CodeIgniter\BaseModel->findAll()
11 SYSTEMPATH\CodeIgniter.php(933): App\Controllers\Tasks->index()
12 SYSTEMPATH\CodeIgniter.php(507): CodeIgniter\CodeIgniter->runController(Object(App\Controllers\Tasks))
13 SYSTEMPATH\CodeIgniter.php(354): CodeIgniter\CodeIgniter->handleRequest(null, Object(Config\Cache), false)
14 SYSTEMPATH\Boot.php(363): CodeIgniter\CodeIgniter->run()
15 SYSTEMPATH\Boot.php(68): CodeIgniter\Boot::runCodeIgniter(Object(CodeIgniter\CodeIgniter))
16 FCPATH\index.php(59): CodeIgniter\Boot::bootWeb(Object(Config\Paths))
CRITICAL - 2025-10-08 00:53:03 --> Error: Class "CodeIgniter\Entity" not found
[Method: GET, Route: tasks]
in APPPATH\Entities\Task.php on line 5.
 1 SYSTEMPATH\Autoloader\Autoloader.php(315): include_once()
 2 SYSTEMPATH\Autoloader\Autoloader.php(295): CodeIgniter\Autoloader\Autoloader->includeFile('C:\\xampp\\htdocs\\taskapp\\app\\Entities\\Task.php')
 3 SYSTEMPATH\Autoloader\Autoloader.php(271): CodeIgniter\Autoloader\Autoloader->loadInNamespace('App\\Entities\\Task')
 4 [internal function]: CodeIgniter\Autoloader\Autoloader->loadClass('App\\Entities\\Task')
 5 SYSTEMPATH\Database\MySQLi\Result.php(152): is_subclass_of('App\\Entities\\Task', 'CodeIgniter\\Entity\\Entity')
 6 SYSTEMPATH\Database\BaseResult.php(157): CodeIgniter\Database\MySQLi\Result->fetchObject('App\\Entities\\Task')
 7 SYSTEMPATH\Database\BaseResult.php(112): CodeIgniter\Database\BaseResult->getCustomResultObject('App\\Entities\\Task')
 8 SYSTEMPATH\Model.php(287): CodeIgniter\Database\BaseResult->getResult('App\\Entities\\Task')
 9 SYSTEMPATH\BaseModel.php(677): CodeIgniter\Model->doFindAll(0, 0)
10 APPPATH\Controllers\Tasks.php(10): CodeIgniter\BaseModel->findAll()
11 SYSTEMPATH\CodeIgniter.php(933): App\Controllers\Tasks->index()
12 SYSTEMPATH\CodeIgniter.php(507): CodeIgniter\CodeIgniter->runController(Object(App\Controllers\Tasks))
13 SYSTEMPATH\CodeIgniter.php(354): CodeIgniter\CodeIgniter->handleRequest(null, Object(Config\Cache), false)
14 SYSTEMPATH\Boot.php(363): CodeIgniter\CodeIgniter->run()
15 SYSTEMPATH\Boot.php(68): CodeIgniter\Boot::runCodeIgniter(Object(CodeIgniter\CodeIgniter))
16 FCPATH\index.php(59): CodeIgniter\Boot::bootWeb(Object(Config\Paths))
CRITICAL - 2025-10-08 00:53:03 --> Error: Class "CodeIgniter\Entity" not found
[Method: GET, Route: tasks]
in APPPATH\Entities\Task.php on line 5.
 1 SYSTEMPATH\Autoloader\Autoloader.php(315): include_once()
 2 SYSTEMPATH\Autoloader\Autoloader.php(295): CodeIgniter\Autoloader\Autoloader->includeFile('C:\\xampp\\htdocs\\taskapp\\app\\Entities\\Task.php')
 3 SYSTEMPATH\Autoloader\Autoloader.php(271): CodeIgniter\Autoloader\Autoloader->loadInNamespace('App\\Entities\\Task')
 4 [internal function]: CodeIgniter\Autoloader\Autoloader->loadClass('App\\Entities\\Task')
 5 SYSTEMPATH\Database\MySQLi\Result.php(152): is_subclass_of('App\\Entities\\Task', 'CodeIgniter\\Entity\\Entity')
 6 SYSTEMPATH\Database\BaseResult.php(157): CodeIgniter\Database\MySQLi\Result->fetchObject('App\\Entities\\Task')
 7 SYSTEMPATH\Database\BaseResult.php(112): CodeIgniter\Database\BaseResult->getCustomResultObject('App\\Entities\\Task')
 8 SYSTEMPATH\Model.php(287): CodeIgniter\Database\BaseResult->getResult('App\\Entities\\Task')
 9 SYSTEMPATH\BaseModel.php(677): CodeIgniter\Model->doFindAll(0, 0)
10 APPPATH\Controllers\Tasks.php(10): CodeIgniter\BaseModel->findAll()
11 SYSTEMPATH\CodeIgniter.php(933): App\Controllers\Tasks->index()
12 SYSTEMPATH\CodeIgniter.php(507): CodeIgniter\CodeIgniter->runController(Object(App\Controllers\Tasks))
13 SYSTEMPATH\CodeIgniter.php(354): CodeIgniter\CodeIgniter->handleRequest(null, Object(Config\Cache), false)
14 SYSTEMPATH\Boot.php(363): CodeIgniter\CodeIgniter->run()
15 SYSTEMPATH\Boot.php(68): CodeIgniter\Boot::runCodeIgniter(Object(CodeIgniter\CodeIgniter))
16 FCPATH\index.php(59): CodeIgniter\Boot::bootWeb(Object(Config\Paths))
CRITICAL - 2025-10-08 00:53:04 --> Error: Class "CodeIgniter\Entity" not found
[Method: GET, Route: tasks]
in APPPATH\Entities\Task.php on line 5.
 1 SYSTEMPATH\Autoloader\Autoloader.php(315): include_once()
 2 SYSTEMPATH\Autoloader\Autoloader.php(295): CodeIgniter\Autoloader\Autoloader->includeFile('C:\\xampp\\htdocs\\taskapp\\app\\Entities\\Task.php')
 3 SYSTEMPATH\Autoloader\Autoloader.php(271): CodeIgniter\Autoloader\Autoloader->loadInNamespace('App\\Entities\\Task')
 4 [internal function]: CodeIgniter\Autoloader\Autoloader->loadClass('App\\Entities\\Task')
 5 SYSTEMPATH\Database\MySQLi\Result.php(152): is_subclass_of('App\\Entities\\Task', 'CodeIgniter\\Entity\\Entity')
 6 SYSTEMPATH\Database\BaseResult.php(157): CodeIgniter\Database\MySQLi\Result->fetchObject('App\\Entities\\Task')
 7 SYSTEMPATH\Database\BaseResult.php(112): CodeIgniter\Database\BaseResult->getCustomResultObject('App\\Entities\\Task')
 8 SYSTEMPATH\Model.php(287): CodeIgniter\Database\BaseResult->getResult('App\\Entities\\Task')
 9 SYSTEMPATH\BaseModel.php(677): CodeIgniter\Model->doFindAll(0, 0)
10 APPPATH\Controllers\Tasks.php(10): CodeIgniter\BaseModel->findAll()
11 SYSTEMPATH\CodeIgniter.php(933): App\Controllers\Tasks->index()
12 SYSTEMPATH\CodeIgniter.php(507): CodeIgniter\CodeIgniter->runController(Object(App\Controllers\Tasks))
13 SYSTEMPATH\CodeIgniter.php(354): CodeIgniter\CodeIgniter->handleRequest(null, Object(Config\Cache), false)
14 SYSTEMPATH\Boot.php(363): CodeIgniter\CodeIgniter->run()
15 SYSTEMPATH\Boot.php(68): CodeIgniter\Boot::runCodeIgniter(Object(CodeIgniter\CodeIgniter))
16 FCPATH\index.php(59): CodeIgniter\Boot::bootWeb(Object(Config\Paths))
CRITICAL - 2025-10-08 00:53:04 --> Error: Class "CodeIgniter\Entity" not found
[Method: GET, Route: tasks]
in APPPATH\Entities\Task.php on line 5.
 1 SYSTEMPATH\Autoloader\Autoloader.php(315): include_once()
 2 SYSTEMPATH\Autoloader\Autoloader.php(295): CodeIgniter\Autoloader\Autoloader->includeFile('C:\\xampp\\htdocs\\taskapp\\app\\Entities\\Task.php')
 3 SYSTEMPATH\Autoloader\Autoloader.php(271): CodeIgniter\Autoloader\Autoloader->loadInNamespace('App\\Entities\\Task')
 4 [internal function]: CodeIgniter\Autoloader\Autoloader->loadClass('App\\Entities\\Task')
 5 SYSTEMPATH\Database\MySQLi\Result.php(152): is_subclass_of('App\\Entities\\Task', 'CodeIgniter\\Entity\\Entity')
 6 SYSTEMPATH\Database\BaseResult.php(157): CodeIgniter\Database\MySQLi\Result->fetchObject('App\\Entities\\Task')
 7 SYSTEMPATH\Database\BaseResult.php(112): CodeIgniter\Database\BaseResult->getCustomResultObject('App\\Entities\\Task')
 8 SYSTEMPATH\Model.php(287): CodeIgniter\Database\BaseResult->getResult('App\\Entities\\Task')
 9 SYSTEMPATH\BaseModel.php(677): CodeIgniter\Model->doFindAll(0, 0)
10 APPPATH\Controllers\Tasks.php(10): CodeIgniter\BaseModel->findAll()
11 SYSTEMPATH\CodeIgniter.php(933): App\Controllers\Tasks->index()
12 SYSTEMPATH\CodeIgniter.php(507): CodeIgniter\CodeIgniter->runController(Object(App\Controllers\Tasks))
13 SYSTEMPATH\CodeIgniter.php(354): CodeIgniter\CodeIgniter->handleRequest(null, Object(Config\Cache), false)
14 SYSTEMPATH\Boot.php(363): CodeIgniter\CodeIgniter->run()
15 SYSTEMPATH\Boot.php(68): CodeIgniter\Boot::runCodeIgniter(Object(CodeIgniter\CodeIgniter))
16 FCPATH\index.php(59): CodeIgniter\Boot::bootWeb(Object(Config\Paths))
CRITICAL - 2025-10-08 00:53:04 --> Error: Class "CodeIgniter\Entity" not found
[Method: GET, Route: tasks]
in APPPATH\Entities\Task.php on line 5.
 1 SYSTEMPATH\Autoloader\Autoloader.php(315): include_once()
 2 SYSTEMPATH\Autoloader\Autoloader.php(295): CodeIgniter\Autoloader\Autoloader->includeFile('C:\\xampp\\htdocs\\taskapp\\app\\Entities\\Task.php')
 3 SYSTEMPATH\Autoloader\Autoloader.php(271): CodeIgniter\Autoloader\Autoloader->loadInNamespace('App\\Entities\\Task')
 4 [internal function]: CodeIgniter\Autoloader\Autoloader->loadClass('App\\Entities\\Task')
 5 SYSTEMPATH\Database\MySQLi\Result.php(152): is_subclass_of('App\\Entities\\Task', 'CodeIgniter\\Entity\\Entity')
 6 SYSTEMPATH\Database\BaseResult.php(157): CodeIgniter\Database\MySQLi\Result->fetchObject('App\\Entities\\Task')
 7 SYSTEMPATH\Database\BaseResult.php(112): CodeIgniter\Database\BaseResult->getCustomResultObject('App\\Entities\\Task')
 8 SYSTEMPATH\Model.php(287): CodeIgniter\Database\BaseResult->getResult('App\\Entities\\Task')
 9 SYSTEMPATH\BaseModel.php(677): CodeIgniter\Model->doFindAll(0, 0)
10 APPPATH\Controllers\Tasks.php(10): CodeIgniter\BaseModel->findAll()
11 SYSTEMPATH\CodeIgniter.php(933): App\Controllers\Tasks->index()
12 SYSTEMPATH\CodeIgniter.php(507): CodeIgniter\CodeIgniter->runController(Object(App\Controllers\Tasks))
13 SYSTEMPATH\CodeIgniter.php(354): CodeIgniter\CodeIgniter->handleRequest(null, Object(Config\Cache), false)
14 SYSTEMPATH\Boot.php(363): CodeIgniter\CodeIgniter->run()
15 SYSTEMPATH\Boot.php(68): CodeIgniter\Boot::runCodeIgniter(Object(CodeIgniter\CodeIgniter))
16 FCPATH\index.php(59): CodeIgniter\Boot::bootWeb(Object(Config\Paths))
CRITICAL - 2025-10-08 00:53:04 --> Error: Class "CodeIgniter\Entity" not found
[Method: GET, Route: tasks]
in APPPATH\Entities\Task.php on line 5.
 1 SYSTEMPATH\Autoloader\Autoloader.php(315): include_once()
 2 SYSTEMPATH\Autoloader\Autoloader.php(295): CodeIgniter\Autoloader\Autoloader->includeFile('C:\\xampp\\htdocs\\taskapp\\app\\Entities\\Task.php')
 3 SYSTEMPATH\Autoloader\Autoloader.php(271): CodeIgniter\Autoloader\Autoloader->loadInNamespace('App\\Entities\\Task')
 4 [internal function]: CodeIgniter\Autoloader\Autoloader->loadClass('App\\Entities\\Task')
 5 SYSTEMPATH\Database\MySQLi\Result.php(152): is_subclass_of('App\\Entities\\Task', 'CodeIgniter\\Entity\\Entity')
 6 SYSTEMPATH\Database\BaseResult.php(157): CodeIgniter\Database\MySQLi\Result->fetchObject('App\\Entities\\Task')
 7 SYSTEMPATH\Database\BaseResult.php(112): CodeIgniter\Database\BaseResult->getCustomResultObject('App\\Entities\\Task')
 8 SYSTEMPATH\Model.php(287): CodeIgniter\Database\BaseResult->getResult('App\\Entities\\Task')
 9 SYSTEMPATH\BaseModel.php(677): CodeIgniter\Model->doFindAll(0, 0)
10 APPPATH\Controllers\Tasks.php(10): CodeIgniter\BaseModel->findAll()
11 SYSTEMPATH\CodeIgniter.php(933): App\Controllers\Tasks->index()
12 SYSTEMPATH\CodeIgniter.php(507): CodeIgniter\CodeIgniter->runController(Object(App\Controllers\Tasks))
13 SYSTEMPATH\CodeIgniter.php(354): CodeIgniter\CodeIgniter->handleRequest(null, Object(Config\Cache), false)
14 SYSTEMPATH\Boot.php(363): CodeIgniter\CodeIgniter->run()
15 SYSTEMPATH\Boot.php(68): CodeIgniter\Boot::runCodeIgniter(Object(CodeIgniter\CodeIgniter))
16 FCPATH\index.php(59): CodeIgniter\Boot::bootWeb(Object(Config\Paths))
CRITICAL - 2025-10-08 00:53:04 --> Error: Class "CodeIgniter\Entity" not found
[Method: GET, Route: tasks]
in APPPATH\Entities\Task.php on line 5.
 1 SYSTEMPATH\Autoloader\Autoloader.php(315): include_once()
 2 SYSTEMPATH\Autoloader\Autoloader.php(295): CodeIgniter\Autoloader\Autoloader->includeFile('C:\\xampp\\htdocs\\taskapp\\app\\Entities\\Task.php')
 3 SYSTEMPATH\Autoloader\Autoloader.php(271): CodeIgniter\Autoloader\Autoloader->loadInNamespace('App\\Entities\\Task')
 4 [internal function]: CodeIgniter\Autoloader\Autoloader->loadClass('App\\Entities\\Task')
 5 SYSTEMPATH\Database\MySQLi\Result.php(152): is_subclass_of('App\\Entities\\Task', 'CodeIgniter\\Entity\\Entity')
 6 SYSTEMPATH\Database\BaseResult.php(157): CodeIgniter\Database\MySQLi\Result->fetchObject('App\\Entities\\Task')
 7 SYSTEMPATH\Database\BaseResult.php(112): CodeIgniter\Database\BaseResult->getCustomResultObject('App\\Entities\\Task')
 8 SYSTEMPATH\Model.php(287): CodeIgniter\Database\BaseResult->getResult('App\\Entities\\Task')
 9 SYSTEMPATH\BaseModel.php(677): CodeIgniter\Model->doFindAll(0, 0)
10 APPPATH\Controllers\Tasks.php(10): CodeIgniter\BaseModel->findAll()
11 SYSTEMPATH\CodeIgniter.php(933): App\Controllers\Tasks->index()
12 SYSTEMPATH\CodeIgniter.php(507): CodeIgniter\CodeIgniter->runController(Object(App\Controllers\Tasks))
13 SYSTEMPATH\CodeIgniter.php(354): CodeIgniter\CodeIgniter->handleRequest(null, Object(Config\Cache), false)
14 SYSTEMPATH\Boot.php(363): CodeIgniter\CodeIgniter->run()
15 SYSTEMPATH\Boot.php(68): CodeIgniter\Boot::runCodeIgniter(Object(CodeIgniter\CodeIgniter))
16 FCPATH\index.php(59): CodeIgniter\Boot::bootWeb(Object(Config\Paths))
CRITICAL - 2025-10-08 00:53:05 --> Error: Class "CodeIgniter\Entity" not found
[Method: GET, Route: tasks]
in APPPATH\Entities\Task.php on line 5.
 1 SYSTEMPATH\Autoloader\Autoloader.php(315): include_once()
 2 SYSTEMPATH\Autoloader\Autoloader.php(295): CodeIgniter\Autoloader\Autoloader->includeFile('C:\\xampp\\htdocs\\taskapp\\app\\Entities\\Task.php')
 3 SYSTEMPATH\Autoloader\Autoloader.php(271): CodeIgniter\Autoloader\Autoloader->loadInNamespace('App\\Entities\\Task')
 4 [internal function]: CodeIgniter\Autoloader\Autoloader->loadClass('App\\Entities\\Task')
 5 SYSTEMPATH\Database\MySQLi\Result.php(152): is_subclass_of('App\\Entities\\Task', 'CodeIgniter\\Entity\\Entity')
 6 SYSTEMPATH\Database\BaseResult.php(157): CodeIgniter\Database\MySQLi\Result->fetchObject('App\\Entities\\Task')
 7 SYSTEMPATH\Database\BaseResult.php(112): CodeIgniter\Database\BaseResult->getCustomResultObject('App\\Entities\\Task')
 8 SYSTEMPATH\Model.php(287): CodeIgniter\Database\BaseResult->getResult('App\\Entities\\Task')
 9 SYSTEMPATH\BaseModel.php(677): CodeIgniter\Model->doFindAll(0, 0)
10 APPPATH\Controllers\Tasks.php(10): CodeIgniter\BaseModel->findAll()
11 SYSTEMPATH\CodeIgniter.php(933): App\Controllers\Tasks->index()
12 SYSTEMPATH\CodeIgniter.php(507): CodeIgniter\CodeIgniter->runController(Object(App\Controllers\Tasks))
13 SYSTEMPATH\CodeIgniter.php(354): CodeIgniter\CodeIgniter->handleRequest(null, Object(Config\Cache), false)
14 SYSTEMPATH\Boot.php(363): CodeIgniter\CodeIgniter->run()
15 SYSTEMPATH\Boot.php(68): CodeIgniter\Boot::runCodeIgniter(Object(CodeIgniter\CodeIgniter))
16 FCPATH\index.php(59): CodeIgniter\Boot::bootWeb(Object(Config\Paths))
CRITICAL - 2025-10-08 00:53:05 --> Error: Class "CodeIgniter\Entity" not found
[Method: GET, Route: tasks]
in APPPATH\Entities\Task.php on line 5.
 1 SYSTEMPATH\Autoloader\Autoloader.php(315): include_once()
 2 SYSTEMPATH\Autoloader\Autoloader.php(295): CodeIgniter\Autoloader\Autoloader->includeFile('C:\\xampp\\htdocs\\taskapp\\app\\Entities\\Task.php')
 3 SYSTEMPATH\Autoloader\Autoloader.php(271): CodeIgniter\Autoloader\Autoloader->loadInNamespace('App\\Entities\\Task')
 4 [internal function]: CodeIgniter\Autoloader\Autoloader->loadClass('App\\Entities\\Task')
 5 SYSTEMPATH\Database\MySQLi\Result.php(152): is_subclass_of('App\\Entities\\Task', 'CodeIgniter\\Entity\\Entity')
 6 SYSTEMPATH\Database\BaseResult.php(157): CodeIgniter\Database\MySQLi\Result->fetchObject('App\\Entities\\Task')
 7 SYSTEMPATH\Database\BaseResult.php(112): CodeIgniter\Database\BaseResult->getCustomResultObject('App\\Entities\\Task')
 8 SYSTEMPATH\Model.php(287): CodeIgniter\Database\BaseResult->getResult('App\\Entities\\Task')
 9 SYSTEMPATH\BaseModel.php(677): CodeIgniter\Model->doFindAll(0, 0)
10 APPPATH\Controllers\Tasks.php(10): CodeIgniter\BaseModel->findAll()
11 SYSTEMPATH\CodeIgniter.php(933): App\Controllers\Tasks->index()
12 SYSTEMPATH\CodeIgniter.php(507): CodeIgniter\CodeIgniter->runController(Object(App\Controllers\Tasks))
13 SYSTEMPATH\CodeIgniter.php(354): CodeIgniter\CodeIgniter->handleRequest(null, Object(Config\Cache), false)
14 SYSTEMPATH\Boot.php(363): CodeIgniter\CodeIgniter->run()
15 SYSTEMPATH\Boot.php(68): CodeIgniter\Boot::runCodeIgniter(Object(CodeIgniter\CodeIgniter))
16 FCPATH\index.php(59): CodeIgniter\Boot::bootWeb(Object(Config\Paths))
CRITICAL - 2025-10-08 00:53:05 --> Error: Class "CodeIgniter\Entity" not found
[Method: GET, Route: tasks]
in APPPATH\Entities\Task.php on line 5.
 1 SYSTEMPATH\Autoloader\Autoloader.php(315): include_once()
 2 SYSTEMPATH\Autoloader\Autoloader.php(295): CodeIgniter\Autoloader\Autoloader->includeFile('C:\\xampp\\htdocs\\taskapp\\app\\Entities\\Task.php')
 3 SYSTEMPATH\Autoloader\Autoloader.php(271): CodeIgniter\Autoloader\Autoloader->loadInNamespace('App\\Entities\\Task')
 4 [internal function]: CodeIgniter\Autoloader\Autoloader->loadClass('App\\Entities\\Task')
 5 SYSTEMPATH\Database\MySQLi\Result.php(152): is_subclass_of('App\\Entities\\Task', 'CodeIgniter\\Entity\\Entity')
 6 SYSTEMPATH\Database\BaseResult.php(157): CodeIgniter\Database\MySQLi\Result->fetchObject('App\\Entities\\Task')
 7 SYSTEMPATH\Database\BaseResult.php(112): CodeIgniter\Database\BaseResult->getCustomResultObject('App\\Entities\\Task')
 8 SYSTEMPATH\Model.php(287): CodeIgniter\Database\BaseResult->getResult('App\\Entities\\Task')
 9 SYSTEMPATH\BaseModel.php(677): CodeIgniter\Model->doFindAll(0, 0)
10 APPPATH\Controllers\Tasks.php(10): CodeIgniter\BaseModel->findAll()
11 SYSTEMPATH\CodeIgniter.php(933): App\Controllers\Tasks->index()
12 SYSTEMPATH\CodeIgniter.php(507): CodeIgniter\CodeIgniter->runController(Object(App\Controllers\Tasks))
13 SYSTEMPATH\CodeIgniter.php(354): CodeIgniter\CodeIgniter->handleRequest(null, Object(Config\Cache), false)
14 SYSTEMPATH\Boot.php(363): CodeIgniter\CodeIgniter->run()
15 SYSTEMPATH\Boot.php(68): CodeIgniter\Boot::runCodeIgniter(Object(CodeIgniter\CodeIgniter))
16 FCPATH\index.php(59): CodeIgniter\Boot::bootWeb(Object(Config\Paths))
CRITICAL - 2025-10-08 00:53:05 --> Error: Class "CodeIgniter\Entity" not found
[Method: GET, Route: tasks]
in APPPATH\Entities\Task.php on line 5.
 1 SYSTEMPATH\Autoloader\Autoloader.php(315): include_once()
 2 SYSTEMPATH\Autoloader\Autoloader.php(295): CodeIgniter\Autoloader\Autoloader->includeFile('C:\\xampp\\htdocs\\taskapp\\app\\Entities\\Task.php')
 3 SYSTEMPATH\Autoloader\Autoloader.php(271): CodeIgniter\Autoloader\Autoloader->loadInNamespace('App\\Entities\\Task')
 4 [internal function]: CodeIgniter\Autoloader\Autoloader->loadClass('App\\Entities\\Task')
 5 SYSTEMPATH\Database\MySQLi\Result.php(152): is_subclass_of('App\\Entities\\Task', 'CodeIgniter\\Entity\\Entity')
 6 SYSTEMPATH\Database\BaseResult.php(157): CodeIgniter\Database\MySQLi\Result->fetchObject('App\\Entities\\Task')
 7 SYSTEMPATH\Database\BaseResult.php(112): CodeIgniter\Database\BaseResult->getCustomResultObject('App\\Entities\\Task')
 8 SYSTEMPATH\Model.php(287): CodeIgniter\Database\BaseResult->getResult('App\\Entities\\Task')
 9 SYSTEMPATH\BaseModel.php(677): CodeIgniter\Model->doFindAll(0, 0)
10 APPPATH\Controllers\Tasks.php(10): CodeIgniter\BaseModel->findAll()
11 SYSTEMPATH\CodeIgniter.php(933): App\Controllers\Tasks->index()
12 SYSTEMPATH\CodeIgniter.php(507): CodeIgniter\CodeIgniter->runController(Object(App\Controllers\Tasks))
13 SYSTEMPATH\CodeIgniter.php(354): CodeIgniter\CodeIgniter->handleRequest(null, Object(Config\Cache), false)
14 SYSTEMPATH\Boot.php(363): CodeIgniter\CodeIgniter->run()
15 SYSTEMPATH\Boot.php(68): CodeIgniter\Boot::runCodeIgniter(Object(CodeIgniter\CodeIgniter))
16 FCPATH\index.php(59): CodeIgniter\Boot::bootWeb(Object(Config\Paths))
CRITICAL - 2025-10-08 00:53:05 --> Error: Class "CodeIgniter\Entity" not found
[Method: GET, Route: tasks]
in APPPATH\Entities\Task.php on line 5.
 1 SYSTEMPATH\Autoloader\Autoloader.php(315): include_once()
 2 SYSTEMPATH\Autoloader\Autoloader.php(295): CodeIgniter\Autoloader\Autoloader->includeFile('C:\\xampp\\htdocs\\taskapp\\app\\Entities\\Task.php')
 3 SYSTEMPATH\Autoloader\Autoloader.php(271): CodeIgniter\Autoloader\Autoloader->loadInNamespace('App\\Entities\\Task')
 4 [internal function]: CodeIgniter\Autoloader\Autoloader->loadClass('App\\Entities\\Task')
 5 SYSTEMPATH\Database\MySQLi\Result.php(152): is_subclass_of('App\\Entities\\Task', 'CodeIgniter\\Entity\\Entity')
 6 SYSTEMPATH\Database\BaseResult.php(157): CodeIgniter\Database\MySQLi\Result->fetchObject('App\\Entities\\Task')
 7 SYSTEMPATH\Database\BaseResult.php(112): CodeIgniter\Database\BaseResult->getCustomResultObject('App\\Entities\\Task')
 8 SYSTEMPATH\Model.php(287): CodeIgniter\Database\BaseResult->getResult('App\\Entities\\Task')
 9 SYSTEMPATH\BaseModel.php(677): CodeIgniter\Model->doFindAll(0, 0)
10 APPPATH\Controllers\Tasks.php(10): CodeIgniter\BaseModel->findAll()
11 SYSTEMPATH\CodeIgniter.php(933): App\Controllers\Tasks->index()
12 SYSTEMPATH\CodeIgniter.php(507): CodeIgniter\CodeIgniter->runController(Object(App\Controllers\Tasks))
13 SYSTEMPATH\CodeIgniter.php(354): CodeIgniter\CodeIgniter->handleRequest(null, Object(Config\Cache), false)
14 SYSTEMPATH\Boot.php(363): CodeIgniter\CodeIgniter->run()
15 SYSTEMPATH\Boot.php(68): CodeIgniter\Boot::runCodeIgniter(Object(CodeIgniter\CodeIgniter))
16 FCPATH\index.php(59): CodeIgniter\Boot::bootWeb(Object(Config\Paths))
CRITICAL - 2025-10-08 00:53:06 --> Error: Class "CodeIgniter\Entity" not found
[Method: GET, Route: tasks]
in APPPATH\Entities\Task.php on line 5.
 1 SYSTEMPATH\Autoloader\Autoloader.php(315): include_once()
 2 SYSTEMPATH\Autoloader\Autoloader.php(295): CodeIgniter\Autoloader\Autoloader->includeFile('C:\\xampp\\htdocs\\taskapp\\app\\Entities\\Task.php')
 3 SYSTEMPATH\Autoloader\Autoloader.php(271): CodeIgniter\Autoloader\Autoloader->loadInNamespace('App\\Entities\\Task')
 4 [internal function]: CodeIgniter\Autoloader\Autoloader->loadClass('App\\Entities\\Task')
 5 SYSTEMPATH\Database\MySQLi\Result.php(152): is_subclass_of('App\\Entities\\Task', 'CodeIgniter\\Entity\\Entity')
 6 SYSTEMPATH\Database\BaseResult.php(157): CodeIgniter\Database\MySQLi\Result->fetchObject('App\\Entities\\Task')
 7 SYSTEMPATH\Database\BaseResult.php(112): CodeIgniter\Database\BaseResult->getCustomResultObject('App\\Entities\\Task')
 8 SYSTEMPATH\Model.php(287): CodeIgniter\Database\BaseResult->getResult('App\\Entities\\Task')
 9 SYSTEMPATH\BaseModel.php(677): CodeIgniter\Model->doFindAll(0, 0)
10 APPPATH\Controllers\Tasks.php(10): CodeIgniter\BaseModel->findAll()
11 SYSTEMPATH\CodeIgniter.php(933): App\Controllers\Tasks->index()
12 SYSTEMPATH\CodeIgniter.php(507): CodeIgniter\CodeIgniter->runController(Object(App\Controllers\Tasks))
13 SYSTEMPATH\CodeIgniter.php(354): CodeIgniter\CodeIgniter->handleRequest(null, Object(Config\Cache), false)
14 SYSTEMPATH\Boot.php(363): CodeIgniter\CodeIgniter->run()
15 SYSTEMPATH\Boot.php(68): CodeIgniter\Boot::runCodeIgniter(Object(CodeIgniter\CodeIgniter))
16 FCPATH\index.php(59): CodeIgniter\Boot::bootWeb(Object(Config\Paths))
CRITICAL - 2025-10-08 00:53:06 --> Error: Class "CodeIgniter\Entity" not found
[Method: GET, Route: tasks]
in APPPATH\Entities\Task.php on line 5.
 1 SYSTEMPATH\Autoloader\Autoloader.php(315): include_once()
 2 SYSTEMPATH\Autoloader\Autoloader.php(295): CodeIgniter\Autoloader\Autoloader->includeFile('C:\\xampp\\htdocs\\taskapp\\app\\Entities\\Task.php')
 3 SYSTEMPATH\Autoloader\Autoloader.php(271): CodeIgniter\Autoloader\Autoloader->loadInNamespace('App\\Entities\\Task')
 4 [internal function]: CodeIgniter\Autoloader\Autoloader->loadClass('App\\Entities\\Task')
 5 SYSTEMPATH\Database\MySQLi\Result.php(152): is_subclass_of('App\\Entities\\Task', 'CodeIgniter\\Entity\\Entity')
 6 SYSTEMPATH\Database\BaseResult.php(157): CodeIgniter\Database\MySQLi\Result->fetchObject('App\\Entities\\Task')
 7 SYSTEMPATH\Database\BaseResult.php(112): CodeIgniter\Database\BaseResult->getCustomResultObject('App\\Entities\\Task')
 8 SYSTEMPATH\Model.php(287): CodeIgniter\Database\BaseResult->getResult('App\\Entities\\Task')
 9 SYSTEMPATH\BaseModel.php(677): CodeIgniter\Model->doFindAll(0, 0)
10 APPPATH\Controllers\Tasks.php(10): CodeIgniter\BaseModel->findAll()
11 SYSTEMPATH\CodeIgniter.php(933): App\Controllers\Tasks->index()
12 SYSTEMPATH\CodeIgniter.php(507): CodeIgniter\CodeIgniter->runController(Object(App\Controllers\Tasks))
13 SYSTEMPATH\CodeIgniter.php(354): CodeIgniter\CodeIgniter->handleRequest(null, Object(Config\Cache), false)
14 SYSTEMPATH\Boot.php(363): CodeIgniter\CodeIgniter->run()
15 SYSTEMPATH\Boot.php(68): CodeIgniter\Boot::runCodeIgniter(Object(CodeIgniter\CodeIgniter))
16 FCPATH\index.php(59): CodeIgniter\Boot::bootWeb(Object(Config\Paths))
CRITICAL - 2025-10-08 00:53:06 --> Error: Class "CodeIgniter\Entity" not found
[Method: GET, Route: tasks]
in APPPATH\Entities\Task.php on line 5.
 1 SYSTEMPATH\Autoloader\Autoloader.php(315): include_once()
 2 SYSTEMPATH\Autoloader\Autoloader.php(295): CodeIgniter\Autoloader\Autoloader->includeFile('C:\\xampp\\htdocs\\taskapp\\app\\Entities\\Task.php')
 3 SYSTEMPATH\Autoloader\Autoloader.php(271): CodeIgniter\Autoloader\Autoloader->loadInNamespace('App\\Entities\\Task')
 4 [internal function]: CodeIgniter\Autoloader\Autoloader->loadClass('App\\Entities\\Task')
 5 SYSTEMPATH\Database\MySQLi\Result.php(152): is_subclass_of('App\\Entities\\Task', 'CodeIgniter\\Entity\\Entity')
 6 SYSTEMPATH\Database\BaseResult.php(157): CodeIgniter\Database\MySQLi\Result->fetchObject('App\\Entities\\Task')
 7 SYSTEMPATH\Database\BaseResult.php(112): CodeIgniter\Database\BaseResult->getCustomResultObject('App\\Entities\\Task')
 8 SYSTEMPATH\Model.php(287): CodeIgniter\Database\BaseResult->getResult('App\\Entities\\Task')
 9 SYSTEMPATH\BaseModel.php(677): CodeIgniter\Model->doFindAll(0, 0)
10 APPPATH\Controllers\Tasks.php(10): CodeIgniter\BaseModel->findAll()
11 SYSTEMPATH\CodeIgniter.php(933): App\Controllers\Tasks->index()
12 SYSTEMPATH\CodeIgniter.php(507): CodeIgniter\CodeIgniter->runController(Object(App\Controllers\Tasks))
13 SYSTEMPATH\CodeIgniter.php(354): CodeIgniter\CodeIgniter->handleRequest(null, Object(Config\Cache), false)
14 SYSTEMPATH\Boot.php(363): CodeIgniter\CodeIgniter->run()
15 SYSTEMPATH\Boot.php(68): CodeIgniter\Boot::runCodeIgniter(Object(CodeIgniter\CodeIgniter))
16 FCPATH\index.php(59): CodeIgniter\Boot::bootWeb(Object(Config\Paths))
DEBUG - 2025-10-08 00:54:14 --> Session: Class initialized using 'CodeIgniter\Session\Handlers\FileHandler' driver.
DEBUG - 2025-10-08 00:55:39 --> Session: Class initialized using 'CodeIgniter\Session\Handlers\FileHandler' driver.
DEBUG - 2025-10-08 00:55:41 --> Session: Class initialized using 'CodeIgniter\Session\Handlers\FileHandler' driver.
DEBUG - 2025-10-08 00:55:52 --> Session: Class initialized using 'CodeIgniter\Session\Handlers\FileHandler' driver.
CRITICAL - 2025-10-08 00:57:01 --> Error: Cannot use object of type App\Entities\Task as array
[Method: GET, Route: tasks/show/5]
in APPPATH\Views\Tasks\show.php on line 14.
 1 SYSTEMPATH\View\View.php(226): include()
 2 SYSTEMPATH\View\View.php(229): CodeIgniter\View\View->CodeIgniter\View\{closure}()
 3 SYSTEMPATH\Common.php(1167): CodeIgniter\View\View->render('Tasks/show', [], true)
 4 APPPATH\Controllers\Tasks.php(25): view('Tasks/show', [...])
 5 SYSTEMPATH\CodeIgniter.php(933): App\Controllers\Tasks->show('5')
 6 SYSTEMPATH\CodeIgniter.php(507): CodeIgniter\CodeIgniter->runController(Object(App\Controllers\Tasks))
 7 SYSTEMPATH\CodeIgniter.php(354): CodeIgniter\CodeIgniter->handleRequest(null, Object(Config\Cache), false)
 8 SYSTEMPATH\Boot.php(363): CodeIgniter\CodeIgniter->run()
 9 SYSTEMPATH\Boot.php(68): CodeIgniter\Boot::runCodeIgniter(Object(CodeIgniter\CodeIgniter))
10 FCPATH\index.php(59): CodeIgniter\Boot::bootWeb(Object(Config\Paths))
DEBUG - 2025-10-08 01:00:13 --> Session: Class initialized using 'CodeIgniter\Session\Handlers\FileHandler' driver.
DEBUG - 2025-10-08 01:00:22 --> Session: Class initialized using 'CodeIgniter\Session\Handlers\FileHandler' driver.
CRITICAL - 2025-10-08 01:00:22 --> Error: Cannot use object of type App\Entities\Task as array
[Method: GET, Route: tasks/edit/5]
in APPPATH\Views\Tasks\edit.php on line 17.
 1 SYSTEMPATH\View\View.php(226): include()
 2 SYSTEMPATH\View\View.php(229): CodeIgniter\View\View->CodeIgniter\View\{closure}()
 3 SYSTEMPATH\Common.php(1167): CodeIgniter\View\View->render('Tasks/edit', [], true)
 4 APPPATH\Controllers\Tasks.php(67): view('Tasks/edit', [...])
 5 SYSTEMPATH\CodeIgniter.php(933): App\Controllers\Tasks->edit('5')
 6 SYSTEMPATH\CodeIgniter.php(507): CodeIgniter\CodeIgniter->runController(Object(App\Controllers\Tasks))
 7 SYSTEMPATH\CodeIgniter.php(354): CodeIgniter\CodeIgniter->handleRequest(null, Object(Config\Cache), false)
 8 SYSTEMPATH\Boot.php(363): CodeIgniter\CodeIgniter->run()
 9 SYSTEMPATH\Boot.php(68): CodeIgniter\Boot::runCodeIgniter(Object(CodeIgniter\CodeIgniter))
10 FCPATH\index.php(59): CodeIgniter\Boot::bootWeb(Object(Config\Paths))
DEBUG - 2025-10-08 01:01:50 --> Session: Class initialized using 'CodeIgniter\Session\Handlers\FileHandler' driver.
DEBUG - 2025-10-08 01:01:57 --> Session: Class initialized using 'CodeIgniter\Session\Handlers\FileHandler' driver.
DEBUG - 2025-10-08 01:02:01 --> Session: Class initialized using 'CodeIgniter\Session\Handlers\FileHandler' driver.
DEBUG - 2025-10-08 01:02:07 --> Session: Class initialized using 'CodeIgniter\Session\Handlers\FileHandler' driver.
CRITICAL - 2025-10-08 01:02:07 --> ErrorException: Attempt to read property "description" on array
[Method: GET, Route: tasks/new]
in APPPATH\Views\Tasks\form.php on line 7.
 1 APPPATH\Views\Tasks\form.php(7): CodeIgniter\Debug\Exceptions->errorHandler(2, 'Attempt to read property "description" on array', 'C:\\xampp\\htdocs\\taskapp\\app\\Views\\Tasks\\form.php', 7)
 2 SYSTEMPATH\View\View.php(226): include('C:\\xampp\\htdocs\\taskapp\\app\\Views\\Tasks\\form.php')
 3 SYSTEMPATH\View\View.php(229): CodeIgniter\View\View->CodeIgniter\View\{closure}()
 4 SYSTEMPATH\View\View.php(475): CodeIgniter\View\View->render('Tasks/form', null, true)
 5 APPPATH\Views\Tasks\new.php(19): CodeIgniter\View\View->include('Tasks/form')
 6 SYSTEMPATH\View\View.php(226): include('C:\\xampp\\htdocs\\taskapp\\app\\Views\\Tasks\\new.php')
 7 SYSTEMPATH\View\View.php(229): CodeIgniter\View\View->CodeIgniter\View\{closure}()
 8 SYSTEMPATH\Common.php(1167): CodeIgniter\View\View->render('tasks/new', [], true)
 9 APPPATH\Controllers\Tasks.php(32): view('tasks/new', [...])
10 SYSTEMPATH\CodeIgniter.php(933): App\Controllers\Tasks->new()
11 SYSTEMPATH\CodeIgniter.php(507): CodeIgniter\CodeIgniter->runController(Object(App\Controllers\Tasks))
12 SYSTEMPATH\CodeIgniter.php(354): CodeIgniter\CodeIgniter->handleRequest(null, Object(Config\Cache), false)
13 SYSTEMPATH\Boot.php(363): CodeIgniter\CodeIgniter->run()
14 SYSTEMPATH\Boot.php(68): CodeIgniter\Boot::runCodeIgniter(Object(CodeIgniter\CodeIgniter))
15 FCPATH\index.php(59): CodeIgniter\Boot::bootWeb(Object(Config\Paths))
DEBUG - 2025-10-08 01:04:25 --> Session: Class initialized using 'CodeIgniter\Session\Handlers\FileHandler' driver.
DEBUG - 2025-10-08 16:30:52 --> Session: Class initialized using 'CodeIgniter\Session\Handlers\FileHandler' driver.
DEBUG - 2025-10-08 16:30:52 --> Session: Class initialized using 'CodeIgniter\Session\Handlers\FileHandler' driver.
DEBUG - 2025-10-08 16:31:35 --> Session: Class initialized using 'CodeIgniter\Session\Handlers\FileHandler' driver.
DEBUG - 2025-10-08 16:31:35 --> Session: Class initialized using 'CodeIgniter\Session\Handlers\FileHandler' driver.
DEBUG - 2025-10-08 17:01:10 --> Session: Class initialized using 'CodeIgniter\Session\Handlers\FileHandler' driver.
DEBUG - 2025-10-08 17:01:16 --> Session: Class initialized using 'CodeIgniter\Session\Handlers\FileHandler' driver.
DEBUG - 2025-10-08 17:21:54 --> Session: Class initialized using 'CodeIgniter\Session\Handlers\FileHandler' driver.
DEBUG - 2025-10-08 17:26:03 --> Session: Class initialized using 'CodeIgniter\Session\Handlers\FileHandler' driver.
DEBUG - 2025-10-08 17:50:31 --> Session: Class initialized using 'CodeIgniter\Session\Handlers\FileHandler' driver.
DEBUG - 2025-10-08 17:51:10 --> Session: Class initialized using 'CodeIgniter\Session\Handlers\FileHandler' driver.
CRITICAL - 2025-10-08 17:58:11 --> CodeIgniter\View\Exceptions\ViewException: Invalid file: "Task/edit.php"
[Method: GET, Route: tasks/edit/28]
in SYSTEMPATH\Exceptions\FrameworkException.php on line 39.
 1 SYSTEMPATH\View\View.php(214): CodeIgniter\Exceptions\FrameworkException::forInvalidFile('Task/edit.php')
 2 SYSTEMPATH\Common.php(1167): CodeIgniter\View\View->render('Task/edit', [], true)
 3 APPPATH\Controllers\Tasks.php(68): view('Task/edit', [...])
 4 SYSTEMPATH\CodeIgniter.php(933): App\Controllers\Tasks->edit('28')
 5 SYSTEMPATH\CodeIgniter.php(507): CodeIgniter\CodeIgniter->runController(Object(App\Controllers\Tasks))
 6 SYSTEMPATH\CodeIgniter.php(354): CodeIgniter\CodeIgniter->handleRequest(null, Object(Config\Cache), false)
 7 SYSTEMPATH\Boot.php(363): CodeIgniter\CodeIgniter->run()
 8 SYSTEMPATH\Boot.php(68): CodeIgniter\Boot::runCodeIgniter(Object(CodeIgniter\CodeIgniter))
 9 FCPATH\index.php(59): CodeIgniter\Boot::bootWeb(Object(Config\Paths))
DEBUG - 2025-10-08 17:58:40 --> Session: Class initialized using 'CodeIgniter\Session\Handlers\FileHandler' driver.
DEBUG - 2025-10-08 17:58:44 --> Session: Class initialized using 'CodeIgniter\Session\Handlers\FileHandler' driver.
DEBUG - 2025-10-08 17:58:47 --> Session: Class initialized using 'CodeIgniter\Session\Handlers\FileHandler' driver.
DEBUG - 2025-10-08 18:00:08 --> Session: Class initialized using 'CodeIgniter\Session\Handlers\FileHandler' driver.
DEBUG - 2025-10-08 18:00:08 --> Session: Class initialized using 'CodeIgniter\Session\Handlers\FileHandler' driver.
DEBUG - 2025-10-08 18:00:36 --> Session: Class initialized using 'CodeIgniter\Session\Handlers\FileHandler' driver.
DEBUG - 2025-10-08 18:00:36 --> Session: Class initialized using 'CodeIgniter\Session\Handlers\FileHandler' driver.
DEBUG - 2025-10-08 18:00:51 --> Session: Class initialized using 'CodeIgniter\Session\Handlers\FileHandler' driver.
CRITICAL - 2025-10-08 18:00:58 --> CodeIgniter\Database\Exceptions\DataException: There is no data to update.
[Method: POST, Route: tasks/update/28]
in SYSTEMPATH\BaseModel.php on line 1861.
 1 SYSTEMPATH\BaseModel.php(1861): CodeIgniter\Database\Exceptions\DataException::forEmptyDataset('update')
 2 SYSTEMPATH\BaseModel.php(994): CodeIgniter\BaseModel->transformDataToArray([], 'update')
 3 SYSTEMPATH\Model.php(860): CodeIgniter\BaseModel->update([...], Object(App\Entities\Task))
 4 SYSTEMPATH\BaseModel.php(749): CodeIgniter\Model->update('28', Object(App\Entities\Task))
 5 APPPATH\Controllers\Tasks.php(82): CodeIgniter\BaseModel->save(Object(App\Entities\Task))
 6 SYSTEMPATH\CodeIgniter.php(933): App\Controllers\Tasks->update('28')
 7 SYSTEMPATH\CodeIgniter.php(507): CodeIgniter\CodeIgniter->runController(Object(App\Controllers\Tasks))
 8 SYSTEMPATH\CodeIgniter.php(354): CodeIgniter\CodeIgniter->handleRequest(null, Object(Config\Cache), false)
 9 SYSTEMPATH\Boot.php(363): CodeIgniter\CodeIgniter->run()
10 SYSTEMPATH\Boot.php(68): CodeIgniter\Boot::runCodeIgniter(Object(CodeIgniter\CodeIgniter))
11 FCPATH\index.php(59): CodeIgniter\Boot::bootWeb(Object(Config\Paths))
DEBUG - 2025-10-08 18:06:21 --> Session: Class initialized using 'CodeIgniter\Session\Handlers\FileHandler' driver.
DEBUG - 2025-10-08 18:06:28 --> Session: Class initialized using 'CodeIgniter\Session\Handlers\FileHandler' driver.
DEBUG - 2025-10-08 18:06:28 --> Session: Class initialized using 'CodeIgniter\Session\Handlers\FileHandler' driver.
DEBUG - 2025-10-08 18:06:30 --> Session: Class initialized using 'CodeIgniter\Session\Handlers\FileHandler' driver.
DEBUG - 2025-10-08 18:06:36 --> Session: Class initialized using 'CodeIgniter\Session\Handlers\FileHandler' driver.
DEBUG - 2025-10-08 18:06:41 --> Session: Class initialized using 'CodeIgniter\Session\Handlers\FileHandler' driver.
DEBUG - 2025-10-08 18:06:41 --> Session: Class initialized using 'CodeIgniter\Session\Handlers\FileHandler' driver.
DEBUG - 2025-10-08 18:07:08 --> Session: Class initialized using 'CodeIgniter\Session\Handlers\FileHandler' driver.
DEBUG - 2025-10-08 18:07:08 --> Session: Class initialized using 'CodeIgniter\Session\Handlers\FileHandler' driver.
DEBUG - 2025-10-08 18:38:45 --> Session: Class initialized using 'CodeIgniter\Session\Handlers\FileHandler' driver.
CRITICAL - 2025-10-08 18:38:47 --> ErrorException: Undefined variable $model
[Method: GET, Route: tasks/show/28]
in APPPATH\Controllers\Tasks.php on line 29.
 1 APPPATH\Controllers\Tasks.php(29): CodeIgniter\Debug\Exceptions->errorHandler(2, 'Undefined variable $model', 'C:\\xampp\\htdocs\\taskapp\\app\\Controllers\\Tasks.php', 29)
 2 SYSTEMPATH\CodeIgniter.php(933): App\Controllers\Tasks->show('28')
 3 SYSTEMPATH\CodeIgniter.php(507): CodeIgniter\CodeIgniter->runController(Object(App\Controllers\Tasks))
 4 SYSTEMPATH\CodeIgniter.php(354): CodeIgniter\CodeIgniter->handleRequest(null, Object(Config\Cache), false)
 5 SYSTEMPATH\Boot.php(363): CodeIgniter\CodeIgniter->run()
 6 SYSTEMPATH\Boot.php(68): CodeIgniter\Boot::runCodeIgniter(Object(CodeIgniter\CodeIgniter))
 7 FCPATH\index.php(59): CodeIgniter\Boot::bootWeb(Object(Config\Paths))
CRITICAL - 2025-10-08 18:40:09 --> ErrorException: Undefined variable $model
[Method: GET, Route: tasks/show/28]
in APPPATH\Controllers\Tasks.php on line 29.
 1 APPPATH\Controllers\Tasks.php(29): CodeIgniter\Debug\Exceptions->errorHandler(2, 'Undefined variable $model', 'C:\\xampp\\htdocs\\taskapp\\app\\Controllers\\Tasks.php', 29)
 2 SYSTEMPATH\CodeIgniter.php(933): App\Controllers\Tasks->show('28')
 3 SYSTEMPATH\CodeIgniter.php(507): CodeIgniter\CodeIgniter->runController(Object(App\Controllers\Tasks))
 4 SYSTEMPATH\CodeIgniter.php(354): CodeIgniter\CodeIgniter->handleRequest(null, Object(Config\Cache), false)
 5 SYSTEMPATH\Boot.php(363): CodeIgniter\CodeIgniter->run()
 6 SYSTEMPATH\Boot.php(68): CodeIgniter\Boot::runCodeIgniter(Object(CodeIgniter\CodeIgniter))
 7 FCPATH\index.php(59): CodeIgniter\Boot::bootWeb(Object(Config\Paths))
DEBUG - 2025-10-08 18:40:11 --> Session: Class initialized using 'CodeIgniter\Session\Handlers\FileHandler' driver.
CRITICAL - 2025-10-08 18:40:13 --> ErrorException: Undefined variable $model
[Method: GET, Route: tasks/show/28]
in APPPATH\Controllers\Tasks.php on line 29.
 1 APPPATH\Controllers\Tasks.php(29): CodeIgniter\Debug\Exceptions->errorHandler(2, 'Undefined variable $model', 'C:\\xampp\\htdocs\\taskapp\\app\\Controllers\\Tasks.php', 29)
 2 SYSTEMPATH\CodeIgniter.php(933): App\Controllers\Tasks->show('28')
 3 SYSTEMPATH\CodeIgniter.php(507): CodeIgniter\CodeIgniter->runController(Object(App\Controllers\Tasks))
 4 SYSTEMPATH\CodeIgniter.php(354): CodeIgniter\CodeIgniter->handleRequest(null, Object(Config\Cache), false)
 5 SYSTEMPATH\Boot.php(363): CodeIgniter\CodeIgniter->run()
 6 SYSTEMPATH\Boot.php(68): CodeIgniter\Boot::runCodeIgniter(Object(CodeIgniter\CodeIgniter))
 7 FCPATH\index.php(59): CodeIgniter\Boot::bootWeb(Object(Config\Paths))
DEBUG - 2025-10-08 18:40:55 --> Session: Class initialized using 'CodeIgniter\Session\Handlers\FileHandler' driver.
DEBUG - 2025-10-08 18:41:00 --> Session: Class initialized using 'CodeIgniter\Session\Handlers\FileHandler' driver.
DEBUG - 2025-10-08 18:41:10 --> Session: Class initialized using 'CodeIgniter\Session\Handlers\FileHandler' driver.
DEBUG - 2025-10-08 18:41:15 --> Session: Class initialized using 'CodeIgniter\Session\Handlers\FileHandler' driver.
DEBUG - 2025-10-08 18:41:20 --> Session: Class initialized using 'CodeIgniter\Session\Handlers\FileHandler' driver.
DEBUG - 2025-10-08 18:41:20 --> Session: Class initialized using 'CodeIgniter\Session\Handlers\FileHandler' driver.
DEBUG - 2025-10-08 18:41:25 --> Session: Class initialized using 'CodeIgniter\Session\Handlers\FileHandler' driver.
DEBUG - 2025-10-08 18:42:14 --> Session: Class initialized using 'CodeIgniter\Session\Handlers\FileHandler' driver.
DEBUG - 2025-10-08 18:42:27 --> Session: Class initialized using 'CodeIgniter\Session\Handlers\FileHandler' driver.
DEBUG - 2025-10-08 21:04:37 --> Session: Class initialized using 'CodeIgniter\Session\Handlers\FileHandler' driver.
DEBUG - 2025-10-08 21:04:45 --> Session: Class initialized using 'CodeIgniter\Session\Handlers\FileHandler' driver.
DEBUG - 2025-10-08 21:05:44 --> Session: Class initialized using 'CodeIgniter\Session\Handlers\FileHandler' driver.
DEBUG - 2025-10-08 21:05:44 --> Session: Class initialized using 'CodeIgniter\Session\Handlers\FileHandler' driver.
DEBUG - 2025-10-08 21:05:47 --> Session: Class initialized using 'CodeIgniter\Session\Handlers\FileHandler' driver.
DEBUG - 2025-10-08 21:07:00 --> Session: Class initialized using 'CodeIgniter\Session\Handlers\FileHandler' driver.
DEBUG - 2025-10-08 21:09:22 --> Session: Class initialized using 'CodeIgniter\Session\Handlers\FileHandler' driver.
DEBUG - 2025-10-08 21:09:23 --> Session: Class initialized using 'CodeIgniter\Session\Handlers\FileHandler' driver.
DEBUG - 2025-10-08 21:09:29 --> Session: Class initialized using 'CodeIgniter\Session\Handlers\FileHandler' driver.
ERROR - 2025-10-08 21:09:55 --> mysqli_sql_exception: Unknown column 'updated_at' in 'field list' in C:\xampp\htdocs\taskapp\system\Database\MySQLi\Connection.php:327
Stack trace:
#0 C:\xampp\htdocs\taskapp\system\Database\MySQLi\Connection.php(327): mysqli->query('INSERT INTO `ta...', 0)
#1 C:\xampp\htdocs\taskapp\system\Database\BaseConnection.php(729): CodeIgniter\Database\MySQLi\Connection->execute('INSERT INTO `ta...')
#2 C:\xampp\htdocs\taskapp\system\Database\BaseConnection.php(646): CodeIgniter\Database\BaseConnection->simpleQuery('INSERT INTO `ta...')
#3 C:\xampp\htdocs\taskapp\system\Database\BaseBuilder.php(2345): CodeIgniter\Database\BaseConnection->query('INSERT INTO `ta...', Array, false)
#4 C:\xampp\htdocs\taskapp\system\Model.php(394): CodeIgniter\Database\BaseBuilder->insert()
#5 C:\xampp\htdocs\taskapp\system\BaseModel.php(838): CodeIgniter\Model->doInsert(Array)
#6 C:\xampp\htdocs\taskapp\system\Model.php(797): CodeIgniter\BaseModel->insert(Array, true)
#7 C:\xampp\htdocs\taskapp\app\Controllers\Tasks.php(52): CodeIgniter\Model->insert(Object(App\Entities\Task))
#8 C:\xampp\htdocs\taskapp\system\CodeIgniter.php(933): App\Controllers\Tasks->create()
#9 C:\xampp\htdocs\taskapp\system\CodeIgniter.php(507): CodeIgniter\CodeIgniter->runController(Object(App\Controllers\Tasks))
#10 C:\xampp\htdocs\taskapp\system\CodeIgniter.php(354): CodeIgniter\CodeIgniter->handleRequest(NULL, Object(Config\Cache), false)
#11 C:\xampp\htdocs\taskapp\system\Boot.php(363): CodeIgniter\CodeIgniter->run()
#12 C:\xampp\htdocs\taskapp\system\Boot.php(68): CodeIgniter\Boot::runCodeIgniter(Object(CodeIgniter\CodeIgniter))
#13 C:\xampp\htdocs\taskapp\public\index.php(59): CodeIgniter\Boot::bootWeb(Object(Config\Paths))
#14 {main}
CRITICAL - 2025-10-08 21:09:55 --> CodeIgniter\Database\Exceptions\DatabaseException: Unknown column 'updated_at' in 'field list'
[Method: POST, Route: tasks/create]
in SYSTEMPATH\Database\BaseConnection.php on line 684.
 1 SYSTEMPATH\Database\BaseBuilder.php(2345): CodeIgniter\Database\BaseConnection->query('INSERT INTO `task` (`description`, `created_at`, `updated_at`) VALUES (:description:, :created_at:, :updated_at:)', [...], false)
 2 SYSTEMPATH\Model.php(394): CodeIgniter\Database\BaseBuilder->insert()
 3 SYSTEMPATH\BaseModel.php(838): CodeIgniter\Model->doInsert([...])
 4 SYSTEMPATH\Model.php(797): CodeIgniter\BaseModel->insert([...], true)
 5 APPPATH\Controllers\Tasks.php(52): CodeIgniter\Model->insert(Object(App\Entities\Task))
 6 SYSTEMPATH\CodeIgniter.php(933): App\Controllers\Tasks->create()
 7 SYSTEMPATH\CodeIgniter.php(507): CodeIgniter\CodeIgniter->runController(Object(App\Controllers\Tasks))
 8 SYSTEMPATH\CodeIgniter.php(354): CodeIgniter\CodeIgniter->handleRequest(null, Object(Config\Cache), false)
 9 SYSTEMPATH\Boot.php(363): CodeIgniter\CodeIgniter->run()
10 SYSTEMPATH\Boot.php(68): CodeIgniter\Boot::runCodeIgniter(Object(CodeIgniter\CodeIgniter))
11 FCPATH\index.php(59): CodeIgniter\Boot::bootWeb(Object(Config\Paths))
CRITICAL - 2025-10-08 21:09:55 --> [Caused by] CodeIgniter\Database\Exceptions\DatabaseException: Unknown column 'updated_at' in 'field list'
in SYSTEMPATH\Database\MySQLi\Connection.php on line 332.
 1 SYSTEMPATH\Database\BaseConnection.php(729): CodeIgniter\Database\MySQLi\Connection->execute('INSERT INTO `task` (`description`, `created_at`, `updated_at`) VALUES (\'A task with timestamps\', \'2025-10-08 21:09:55\', \'2025-10-08 21:09:55\')')
 2 SYSTEMPATH\Database\BaseConnection.php(646): CodeIgniter\Database\BaseConnection->simpleQuery('INSERT INTO `task` (`description`, `created_at`, `updated_at`) VALUES (\'A task with timestamps\', \'2025-10-08 21:09:55\', \'2025-10-08 21:09:55\')')
 3 SYSTEMPATH\Database\BaseBuilder.php(2345): CodeIgniter\Database\BaseConnection->query('INSERT INTO `task` (`description`, `created_at`, `updated_at`) VALUES (:description:, :created_at:, :updated_at:)', [...], false)
 4 SYSTEMPATH\Model.php(394): CodeIgniter\Database\BaseBuilder->insert()
 5 SYSTEMPATH\BaseModel.php(838): CodeIgniter\Model->doInsert([...])
 6 SYSTEMPATH\Model.php(797): CodeIgniter\BaseModel->insert([...], true)
 7 APPPATH\Controllers\Tasks.php(52): CodeIgniter\Model->insert(Object(App\Entities\Task))
 8 SYSTEMPATH\CodeIgniter.php(933): App\Controllers\Tasks->create()
 9 SYSTEMPATH\CodeIgniter.php(507): CodeIgniter\CodeIgniter->runController(Object(App\Controllers\Tasks))
10 SYSTEMPATH\CodeIgniter.php(354): CodeIgniter\CodeIgniter->handleRequest(null, Object(Config\Cache), false)
11 SYSTEMPATH\Boot.php(363): CodeIgniter\CodeIgniter->run()
12 SYSTEMPATH\Boot.php(68): CodeIgniter\Boot::runCodeIgniter(Object(CodeIgniter\CodeIgniter))
13 FCPATH\index.php(59): CodeIgniter\Boot::bootWeb(Object(Config\Paths))
CRITICAL - 2025-10-08 21:09:55 --> [Caused by] mysqli_sql_exception: Unknown column 'updated_at' in 'field list'
in SYSTEMPATH\Database\MySQLi\Connection.php on line 327.
 1 SYSTEMPATH\Database\MySQLi\Connection.php(327): mysqli->query('INSERT INTO `task` (`description`, `created_at`, `updated_at`) VALUES (\'A task with timestamps\', \'2025-10-08 21:09:55\', \'2025-10-08 21:09:55\')', 0)
 2 SYSTEMPATH\Database\BaseConnection.php(729): CodeIgniter\Database\MySQLi\Connection->execute('INSERT INTO `task` (`description`, `created_at`, `updated_at`) VALUES (\'A task with timestamps\', \'2025-10-08 21:09:55\', \'2025-10-08 21:09:55\')')
 3 SYSTEMPATH\Database\BaseConnection.php(646): CodeIgniter\Database\BaseConnection->simpleQuery('INSERT INTO `task` (`description`, `created_at`, `updated_at`) VALUES (\'A task with timestamps\', \'2025-10-08 21:09:55\', \'2025-10-08 21:09:55\')')
 4 SYSTEMPATH\Database\BaseBuilder.php(2345): CodeIgniter\Database\BaseConnection->query('INSERT INTO `task` (`description`, `created_at`, `updated_at`) VALUES (:description:, :created_at:, :updated_at:)', [...], false)
 5 SYSTEMPATH\Model.php(394): CodeIgniter\Database\BaseBuilder->insert()
 6 SYSTEMPATH\BaseModel.php(838): CodeIgniter\Model->doInsert([...])
 7 SYSTEMPATH\Model.php(797): CodeIgniter\BaseModel->insert([...], true)
 8 APPPATH\Controllers\Tasks.php(52): CodeIgniter\Model->insert(Object(App\Entities\Task))
 9 SYSTEMPATH\CodeIgniter.php(933): App\Controllers\Tasks->create()
10 SYSTEMPATH\CodeIgniter.php(507): CodeIgniter\CodeIgniter->runController(Object(App\Controllers\Tasks))
11 SYSTEMPATH\CodeIgniter.php(354): CodeIgniter\CodeIgniter->handleRequest(null, Object(Config\Cache), false)
12 SYSTEMPATH\Boot.php(363): CodeIgniter\CodeIgniter->run()
13 SYSTEMPATH\Boot.php(68): CodeIgniter\Boot::runCodeIgniter(Object(CodeIgniter\CodeIgniter))
14 FCPATH\index.php(59): CodeIgniter\Boot::bootWeb(Object(Config\Paths))
CRITICAL - 2025-10-08 21:11:28 --> ErrorException: Undefined variable $model
[Method: POST, Route: tasks/create]
in APPPATH\Controllers\Tasks.php on line 54.
 1 APPPATH\Controllers\Tasks.php(54): CodeIgniter\Debug\Exceptions->errorHandler(2, 'Undefined variable $model', 'C:\\xampp\\htdocs\\taskapp\\app\\Controllers\\Tasks.php', 54)
 2 SYSTEMPATH\CodeIgniter.php(933): App\Controllers\Tasks->create()
 3 SYSTEMPATH\CodeIgniter.php(507): CodeIgniter\CodeIgniter->runController(Object(App\Controllers\Tasks))
 4 SYSTEMPATH\CodeIgniter.php(354): CodeIgniter\CodeIgniter->handleRequest(null, Object(Config\Cache), false)
 5 SYSTEMPATH\Boot.php(363): CodeIgniter\CodeIgniter->run()
 6 SYSTEMPATH\Boot.php(68): CodeIgniter\Boot::runCodeIgniter(Object(CodeIgniter\CodeIgniter))
 7 FCPATH\index.php(59): CodeIgniter\Boot::bootWeb(Object(Config\Paths))
DEBUG - 2025-10-08 21:13:40 --> Session: Class initialized using 'CodeIgniter\Session\Handlers\FileHandler' driver.
DEBUG - 2025-10-08 21:13:40 --> Session: Class initialized using 'CodeIgniter\Session\Handlers\FileHandler' driver.
DEBUG - 2025-10-08 21:15:43 --> Session: Class initialized using 'CodeIgniter\Session\Handlers\FileHandler' driver.
ERROR - 2025-10-08 21:15:44 --> mysqli_sql_exception: Unknown column 'updated_at' in 'field list' in C:\xampp\htdocs\taskapp\system\Database\MySQLi\Connection.php:327
Stack trace:
#0 C:\xampp\htdocs\taskapp\system\Database\MySQLi\Connection.php(327): mysqli->query('INSERT INTO `ta...', 0)
#1 C:\xampp\htdocs\taskapp\system\Database\BaseConnection.php(729): CodeIgniter\Database\MySQLi\Connection->execute('INSERT INTO `ta...')
#2 C:\xampp\htdocs\taskapp\system\Database\BaseConnection.php(646): CodeIgniter\Database\BaseConnection->simpleQuery('INSERT INTO `ta...')
#3 C:\xampp\htdocs\taskapp\system\Database\BaseBuilder.php(2345): CodeIgniter\Database\BaseConnection->query('INSERT INTO `ta...', Array, false)
#4 C:\xampp\htdocs\taskapp\system\Model.php(394): CodeIgniter\Database\BaseBuilder->insert()
#5 C:\xampp\htdocs\taskapp\system\BaseModel.php(838): CodeIgniter\Model->doInsert(Array)
#6 C:\xampp\htdocs\taskapp\system\Model.php(797): CodeIgniter\BaseModel->insert(Array, true)
#7 C:\xampp\htdocs\taskapp\app\Controllers\Tasks.php(52): CodeIgniter\Model->insert(Object(App\Entities\Task))
#8 C:\xampp\htdocs\taskapp\system\CodeIgniter.php(933): App\Controllers\Tasks->create()
#9 C:\xampp\htdocs\taskapp\system\CodeIgniter.php(507): CodeIgniter\CodeIgniter->runController(Object(App\Controllers\Tasks))
#10 C:\xampp\htdocs\taskapp\system\CodeIgniter.php(354): CodeIgniter\CodeIgniter->handleRequest(NULL, Object(Config\Cache), false)
#11 C:\xampp\htdocs\taskapp\system\Boot.php(363): CodeIgniter\CodeIgniter->run()
#12 C:\xampp\htdocs\taskapp\system\Boot.php(68): CodeIgniter\Boot::runCodeIgniter(Object(CodeIgniter\CodeIgniter))
#13 C:\xampp\htdocs\taskapp\public\index.php(59): CodeIgniter\Boot::bootWeb(Object(Config\Paths))
#14 {main}
CRITICAL - 2025-10-08 21:15:44 --> CodeIgniter\Database\Exceptions\DatabaseException: Unknown column 'updated_at' in 'field list'
[Method: POST, Route: tasks/create]
in SYSTEMPATH\Database\BaseConnection.php on line 684.
 1 SYSTEMPATH\Database\BaseBuilder.php(2345): CodeIgniter\Database\BaseConnection->query('INSERT INTO `task` (`description`, `created_at`, `updated_at`) VALUES (:description:, :created_at:, :updated_at:)', [...], false)
 2 SYSTEMPATH\Model.php(394): CodeIgniter\Database\BaseBuilder->insert()
 3 SYSTEMPATH\BaseModel.php(838): CodeIgniter\Model->doInsert([...])
 4 SYSTEMPATH\Model.php(797): CodeIgniter\BaseModel->insert([...], true)
 5 APPPATH\Controllers\Tasks.php(52): CodeIgniter\Model->insert(Object(App\Entities\Task))
 6 SYSTEMPATH\CodeIgniter.php(933): App\Controllers\Tasks->create()
 7 SYSTEMPATH\CodeIgniter.php(507): CodeIgniter\CodeIgniter->runController(Object(App\Controllers\Tasks))
 8 SYSTEMPATH\CodeIgniter.php(354): CodeIgniter\CodeIgniter->handleRequest(null, Object(Config\Cache), false)
 9 SYSTEMPATH\Boot.php(363): CodeIgniter\CodeIgniter->run()
10 SYSTEMPATH\Boot.php(68): CodeIgniter\Boot::runCodeIgniter(Object(CodeIgniter\CodeIgniter))
11 FCPATH\index.php(59): CodeIgniter\Boot::bootWeb(Object(Config\Paths))
CRITICAL - 2025-10-08 21:15:44 --> [Caused by] CodeIgniter\Database\Exceptions\DatabaseException: Unknown column 'updated_at' in 'field list'
in SYSTEMPATH\Database\MySQLi\Connection.php on line 332.
 1 SYSTEMPATH\Database\BaseConnection.php(729): CodeIgniter\Database\MySQLi\Connection->execute('INSERT INTO `task` (`description`, `created_at`, `updated_at`) VALUES (\'A task with timestamps\', \'2025-10-08 21:15:44\', \'2025-10-08 21:15:44\')')
 2 SYSTEMPATH\Database\BaseConnection.php(646): CodeIgniter\Database\BaseConnection->simpleQuery('INSERT INTO `task` (`description`, `created_at`, `updated_at`) VALUES (\'A task with timestamps\', \'2025-10-08 21:15:44\', \'2025-10-08 21:15:44\')')
 3 SYSTEMPATH\Database\BaseBuilder.php(2345): CodeIgniter\Database\BaseConnection->query('INSERT INTO `task` (`description`, `created_at`, `updated_at`) VALUES (:description:, :created_at:, :updated_at:)', [...], false)
 4 SYSTEMPATH\Model.php(394): CodeIgniter\Database\BaseBuilder->insert()
 5 SYSTEMPATH\BaseModel.php(838): CodeIgniter\Model->doInsert([...])
 6 SYSTEMPATH\Model.php(797): CodeIgniter\BaseModel->insert([...], true)
 7 APPPATH\Controllers\Tasks.php(52): CodeIgniter\Model->insert(Object(App\Entities\Task))
 8 SYSTEMPATH\CodeIgniter.php(933): App\Controllers\Tasks->create()
 9 SYSTEMPATH\CodeIgniter.php(507): CodeIgniter\CodeIgniter->runController(Object(App\Controllers\Tasks))
10 SYSTEMPATH\CodeIgniter.php(354): CodeIgniter\CodeIgniter->handleRequest(null, Object(Config\Cache), false)
11 SYSTEMPATH\Boot.php(363): CodeIgniter\CodeIgniter->run()
12 SYSTEMPATH\Boot.php(68): CodeIgniter\Boot::runCodeIgniter(Object(CodeIgniter\CodeIgniter))
13 FCPATH\index.php(59): CodeIgniter\Boot::bootWeb(Object(Config\Paths))
CRITICAL - 2025-10-08 21:15:44 --> [Caused by] mysqli_sql_exception: Unknown column 'updated_at' in 'field list'
in SYSTEMPATH\Database\MySQLi\Connection.php on line 327.
 1 SYSTEMPATH\Database\MySQLi\Connection.php(327): mysqli->query('INSERT INTO `task` (`description`, `created_at`, `updated_at`) VALUES (\'A task with timestamps\', \'2025-10-08 21:15:44\', \'2025-10-08 21:15:44\')', 0)
 2 SYSTEMPATH\Database\BaseConnection.php(729): CodeIgniter\Database\MySQLi\Connection->execute('INSERT INTO `task` (`description`, `created_at`, `updated_at`) VALUES (\'A task with timestamps\', \'2025-10-08 21:15:44\', \'2025-10-08 21:15:44\')')
 3 SYSTEMPATH\Database\BaseConnection.php(646): CodeIgniter\Database\BaseConnection->simpleQuery('INSERT INTO `task` (`description`, `created_at`, `updated_at`) VALUES (\'A task with timestamps\', \'2025-10-08 21:15:44\', \'2025-10-08 21:15:44\')')
 4 SYSTEMPATH\Database\BaseBuilder.php(2345): CodeIgniter\Database\BaseConnection->query('INSERT INTO `task` (`description`, `created_at`, `updated_at`) VALUES (:description:, :created_at:, :updated_at:)', [...], false)
 5 SYSTEMPATH\Model.php(394): CodeIgniter\Database\BaseBuilder->insert()
 6 SYSTEMPATH\BaseModel.php(838): CodeIgniter\Model->doInsert([...])
 7 SYSTEMPATH\Model.php(797): CodeIgniter\BaseModel->insert([...], true)
 8 APPPATH\Controllers\Tasks.php(52): CodeIgniter\Model->insert(Object(App\Entities\Task))
 9 SYSTEMPATH\CodeIgniter.php(933): App\Controllers\Tasks->create()
10 SYSTEMPATH\CodeIgniter.php(507): CodeIgniter\CodeIgniter->runController(Object(App\Controllers\Tasks))
11 SYSTEMPATH\CodeIgniter.php(354): CodeIgniter\CodeIgniter->handleRequest(null, Object(Config\Cache), false)
12 SYSTEMPATH\Boot.php(363): CodeIgniter\CodeIgniter->run()
13 SYSTEMPATH\Boot.php(68): CodeIgniter\Boot::runCodeIgniter(Object(CodeIgniter\CodeIgniter))
14 FCPATH\index.php(59): CodeIgniter\Boot::bootWeb(Object(Config\Paths))
DEBUG - 2025-10-08 23:41:27 --> Session: Class initialized using 'CodeIgniter\Session\Handlers\FileHandler' driver.
ERROR - 2025-10-08 23:41:30 --> mysqli_sql_exception: Unknown column 'updated_at' in 'field list' in C:\xampp\htdocs\taskapp\system\Database\MySQLi\Connection.php:327
Stack trace:
#0 C:\xampp\htdocs\taskapp\system\Database\MySQLi\Connection.php(327): mysqli->query('INSERT INTO `ta...', 0)
#1 C:\xampp\htdocs\taskapp\system\Database\BaseConnection.php(729): CodeIgniter\Database\MySQLi\Connection->execute('INSERT INTO `ta...')
#2 C:\xampp\htdocs\taskapp\system\Database\BaseConnection.php(646): CodeIgniter\Database\BaseConnection->simpleQuery('INSERT INTO `ta...')
#3 C:\xampp\htdocs\taskapp\system\Database\BaseBuilder.php(2345): CodeIgniter\Database\BaseConnection->query('INSERT INTO `ta...', Array, false)
#4 C:\xampp\htdocs\taskapp\system\Model.php(394): CodeIgniter\Database\BaseBuilder->insert()
#5 C:\xampp\htdocs\taskapp\system\BaseModel.php(838): CodeIgniter\Model->doInsert(Array)
#6 C:\xampp\htdocs\taskapp\system\Model.php(797): CodeIgniter\BaseModel->insert(Array, true)
#7 C:\xampp\htdocs\taskapp\app\Controllers\Tasks.php(52): CodeIgniter\Model->insert(Object(App\Entities\Task))
#8 C:\xampp\htdocs\taskapp\system\CodeIgniter.php(933): App\Controllers\Tasks->create()
#9 C:\xampp\htdocs\taskapp\system\CodeIgniter.php(507): CodeIgniter\CodeIgniter->runController(Object(App\Controllers\Tasks))
#10 C:\xampp\htdocs\taskapp\system\CodeIgniter.php(354): CodeIgniter\CodeIgniter->handleRequest(NULL, Object(Config\Cache), false)
#11 C:\xampp\htdocs\taskapp\system\Boot.php(363): CodeIgniter\CodeIgniter->run()
#12 C:\xampp\htdocs\taskapp\system\Boot.php(68): CodeIgniter\Boot::runCodeIgniter(Object(CodeIgniter\CodeIgniter))
#13 C:\xampp\htdocs\taskapp\public\index.php(59): CodeIgniter\Boot::bootWeb(Object(Config\Paths))
#14 {main}
CRITICAL - 2025-10-08 23:41:30 --> CodeIgniter\Database\Exceptions\DatabaseException: Unknown column 'updated_at' in 'field list'
[Method: POST, Route: tasks/create]
in SYSTEMPATH\Database\BaseConnection.php on line 684.
 1 SYSTEMPATH\Database\BaseBuilder.php(2345): CodeIgniter\Database\BaseConnection->query('INSERT INTO `task` (`description`, `created_at`, `updated_at`) VALUES (:description:, :created_at:, :updated_at:)', [...], false)
 2 SYSTEMPATH\Model.php(394): CodeIgniter\Database\BaseBuilder->insert()
 3 SYSTEMPATH\BaseModel.php(838): CodeIgniter\Model->doInsert([...])
 4 SYSTEMPATH\Model.php(797): CodeIgniter\BaseModel->insert([...], true)
 5 APPPATH\Controllers\Tasks.php(52): CodeIgniter\Model->insert(Object(App\Entities\Task))
 6 SYSTEMPATH\CodeIgniter.php(933): App\Controllers\Tasks->create()
 7 SYSTEMPATH\CodeIgniter.php(507): CodeIgniter\CodeIgniter->runController(Object(App\Controllers\Tasks))
 8 SYSTEMPATH\CodeIgniter.php(354): CodeIgniter\CodeIgniter->handleRequest(null, Object(Config\Cache), false)
 9 SYSTEMPATH\Boot.php(363): CodeIgniter\CodeIgniter->run()
10 SYSTEMPATH\Boot.php(68): CodeIgniter\Boot::runCodeIgniter(Object(CodeIgniter\CodeIgniter))
11 FCPATH\index.php(59): CodeIgniter\Boot::bootWeb(Object(Config\Paths))
CRITICAL - 2025-10-08 23:41:30 --> [Caused by] CodeIgniter\Database\Exceptions\DatabaseException: Unknown column 'updated_at' in 'field list'
in SYSTEMPATH\Database\MySQLi\Connection.php on line 332.
 1 SYSTEMPATH\Database\BaseConnection.php(729): CodeIgniter\Database\MySQLi\Connection->execute('INSERT INTO `task` (`description`, `created_at`, `updated_at`) VALUES (\'A task with timestamps\', \'2025-10-08 23:41:30\', \'2025-10-08 23:41:30\')')
 2 SYSTEMPATH\Database\BaseConnection.php(646): CodeIgniter\Database\BaseConnection->simpleQuery('INSERT INTO `task` (`description`, `created_at`, `updated_at`) VALUES (\'A task with timestamps\', \'2025-10-08 23:41:30\', \'2025-10-08 23:41:30\')')
 3 SYSTEMPATH\Database\BaseBuilder.php(2345): CodeIgniter\Database\BaseConnection->query('INSERT INTO `task` (`description`, `created_at`, `updated_at`) VALUES (:description:, :created_at:, :updated_at:)', [...], false)
 4 SYSTEMPATH\Model.php(394): CodeIgniter\Database\BaseBuilder->insert()
 5 SYSTEMPATH\BaseModel.php(838): CodeIgniter\Model->doInsert([...])
 6 SYSTEMPATH\Model.php(797): CodeIgniter\BaseModel->insert([...], true)
 7 APPPATH\Controllers\Tasks.php(52): CodeIgniter\Model->insert(Object(App\Entities\Task))
 8 SYSTEMPATH\CodeIgniter.php(933): App\Controllers\Tasks->create()
 9 SYSTEMPATH\CodeIgniter.php(507): CodeIgniter\CodeIgniter->runController(Object(App\Controllers\Tasks))
10 SYSTEMPATH\CodeIgniter.php(354): CodeIgniter\CodeIgniter->handleRequest(null, Object(Config\Cache), false)
11 SYSTEMPATH\Boot.php(363): CodeIgniter\CodeIgniter->run()
12 SYSTEMPATH\Boot.php(68): CodeIgniter\Boot::runCodeIgniter(Object(CodeIgniter\CodeIgniter))
13 FCPATH\index.php(59): CodeIgniter\Boot::bootWeb(Object(Config\Paths))
CRITICAL - 2025-10-08 23:41:30 --> [Caused by] mysqli_sql_exception: Unknown column 'updated_at' in 'field list'
in SYSTEMPATH\Database\MySQLi\Connection.php on line 327.
 1 SYSTEMPATH\Database\MySQLi\Connection.php(327): mysqli->query('INSERT INTO `task` (`description`, `created_at`, `updated_at`) VALUES (\'A task with timestamps\', \'2025-10-08 23:41:30\', \'2025-10-08 23:41:30\')', 0)
 2 SYSTEMPATH\Database\BaseConnection.php(729): CodeIgniter\Database\MySQLi\Connection->execute('INSERT INTO `task` (`description`, `created_at`, `updated_at`) VALUES (\'A task with timestamps\', \'2025-10-08 23:41:30\', \'2025-10-08 23:41:30\')')
 3 SYSTEMPATH\Database\BaseConnection.php(646): CodeIgniter\Database\BaseConnection->simpleQuery('INSERT INTO `task` (`description`, `created_at`, `updated_at`) VALUES (\'A task with timestamps\', \'2025-10-08 23:41:30\', \'2025-10-08 23:41:30\')')
 4 SYSTEMPATH\Database\BaseBuilder.php(2345): CodeIgniter\Database\BaseConnection->query('INSERT INTO `task` (`description`, `created_at`, `updated_at`) VALUES (:description:, :created_at:, :updated_at:)', [...], false)
 5 SYSTEMPATH\Model.php(394): CodeIgniter\Database\BaseBuilder->insert()
 6 SYSTEMPATH\BaseModel.php(838): CodeIgniter\Model->doInsert([...])
 7 SYSTEMPATH\Model.php(797): CodeIgniter\BaseModel->insert([...], true)
 8 APPPATH\Controllers\Tasks.php(52): CodeIgniter\Model->insert(Object(App\Entities\Task))
 9 SYSTEMPATH\CodeIgniter.php(933): App\Controllers\Tasks->create()
10 SYSTEMPATH\CodeIgniter.php(507): CodeIgniter\CodeIgniter->runController(Object(App\Controllers\Tasks))
11 SYSTEMPATH\CodeIgniter.php(354): CodeIgniter\CodeIgniter->handleRequest(null, Object(Config\Cache), false)
12 SYSTEMPATH\Boot.php(363): CodeIgniter\CodeIgniter->run()
13 SYSTEMPATH\Boot.php(68): CodeIgniter\Boot::runCodeIgniter(Object(CodeIgniter\CodeIgniter))
14 FCPATH\index.php(59): CodeIgniter\Boot::bootWeb(Object(Config\Paths))
DEBUG - 2025-10-08 23:42:56 --> Session: Class initialized using 'CodeIgniter\Session\Handlers\FileHandler' driver.
DEBUG - 2025-10-08 23:42:57 --> Session: Class initialized using 'CodeIgniter\Session\Handlers\FileHandler' driver.
DEBUG - 2025-10-08 23:42:57 --> Session: Class initialized using 'CodeIgniter\Session\Handlers\FileHandler' driver.
DEBUG - 2025-10-08 23:49:28 --> Session: Class initialized using 'CodeIgniter\Session\Handlers\FileHandler' driver.
DEBUG - 2025-10-08 23:49:36 --> Session: Class initialized using 'CodeIgniter\Session\Handlers\FileHandler' driver.
ERROR - 2025-10-08 23:49:49 --> mysqli_sql_exception: Unknown column 'updated_at' in 'field list' in C:\xampp\htdocs\taskapp\system\Database\MySQLi\Connection.php:327
Stack trace:
#0 C:\xampp\htdocs\taskapp\system\Database\MySQLi\Connection.php(327): mysqli->query('INSERT INTO `ta...', 0)
#1 C:\xampp\htdocs\taskapp\system\Database\BaseConnection.php(729): CodeIgniter\Database\MySQLi\Connection->execute('INSERT INTO `ta...')
#2 C:\xampp\htdocs\taskapp\system\Database\BaseConnection.php(646): CodeIgniter\Database\BaseConnection->simpleQuery('INSERT INTO `ta...')
#3 C:\xampp\htdocs\taskapp\system\Database\BaseBuilder.php(2345): CodeIgniter\Database\BaseConnection->query('INSERT INTO `ta...', Array, false)
#4 C:\xampp\htdocs\taskapp\system\Model.php(394): CodeIgniter\Database\BaseBuilder->insert()
#5 C:\xampp\htdocs\taskapp\system\BaseModel.php(838): CodeIgniter\Model->doInsert(Array)
#6 C:\xampp\htdocs\taskapp\system\Model.php(797): CodeIgniter\BaseModel->insert(Array, true)
#7 C:\xampp\htdocs\taskapp\app\Controllers\Tasks.php(52): CodeIgniter\Model->insert(Object(App\Entities\Task))
#8 C:\xampp\htdocs\taskapp\system\CodeIgniter.php(933): App\Controllers\Tasks->create()
#9 C:\xampp\htdocs\taskapp\system\CodeIgniter.php(507): CodeIgniter\CodeIgniter->runController(Object(App\Controllers\Tasks))
#10 C:\xampp\htdocs\taskapp\system\CodeIgniter.php(354): CodeIgniter\CodeIgniter->handleRequest(NULL, Object(Config\Cache), false)
#11 C:\xampp\htdocs\taskapp\system\Boot.php(363): CodeIgniter\CodeIgniter->run()
#12 C:\xampp\htdocs\taskapp\system\Boot.php(68): CodeIgniter\Boot::runCodeIgniter(Object(CodeIgniter\CodeIgniter))
#13 C:\xampp\htdocs\taskapp\public\index.php(59): CodeIgniter\Boot::bootWeb(Object(Config\Paths))
#14 {main}
CRITICAL - 2025-10-08 23:49:49 --> CodeIgniter\Database\Exceptions\DatabaseException: Unknown column 'updated_at' in 'field list'
[Method: POST, Route: tasks/create]
in SYSTEMPATH\Database\BaseConnection.php on line 684.
 1 SYSTEMPATH\Database\BaseBuilder.php(2345): CodeIgniter\Database\BaseConnection->query('INSERT INTO `task` (`description`, `created_at`, `updated_at`) VALUES (:description:, :created_at:, :updated_at:)', [...], false)
 2 SYSTEMPATH\Model.php(394): CodeIgniter\Database\BaseBuilder->insert()
 3 SYSTEMPATH\BaseModel.php(838): CodeIgniter\Model->doInsert([...])
 4 SYSTEMPATH\Model.php(797): CodeIgniter\BaseModel->insert([...], true)
 5 APPPATH\Controllers\Tasks.php(52): CodeIgniter\Model->insert(Object(App\Entities\Task))
 6 SYSTEMPATH\CodeIgniter.php(933): App\Controllers\Tasks->create()
 7 SYSTEMPATH\CodeIgniter.php(507): CodeIgniter\CodeIgniter->runController(Object(App\Controllers\Tasks))
 8 SYSTEMPATH\CodeIgniter.php(354): CodeIgniter\CodeIgniter->handleRequest(null, Object(Config\Cache), false)
 9 SYSTEMPATH\Boot.php(363): CodeIgniter\CodeIgniter->run()
10 SYSTEMPATH\Boot.php(68): CodeIgniter\Boot::runCodeIgniter(Object(CodeIgniter\CodeIgniter))
11 FCPATH\index.php(59): CodeIgniter\Boot::bootWeb(Object(Config\Paths))
CRITICAL - 2025-10-08 23:49:49 --> [Caused by] CodeIgniter\Database\Exceptions\DatabaseException: Unknown column 'updated_at' in 'field list'
in SYSTEMPATH\Database\MySQLi\Connection.php on line 332.
 1 SYSTEMPATH\Database\BaseConnection.php(729): CodeIgniter\Database\MySQLi\Connection->execute('INSERT INTO `task` (`description`, `created_at`, `updated_at`) VALUES (\'A task with timestamps\', \'2025-10-08 23:49:49\', \'2025-10-08 23:49:49\')')
 2 SYSTEMPATH\Database\BaseConnection.php(646): CodeIgniter\Database\BaseConnection->simpleQuery('INSERT INTO `task` (`description`, `created_at`, `updated_at`) VALUES (\'A task with timestamps\', \'2025-10-08 23:49:49\', \'2025-10-08 23:49:49\')')
 3 SYSTEMPATH\Database\BaseBuilder.php(2345): CodeIgniter\Database\BaseConnection->query('INSERT INTO `task` (`description`, `created_at`, `updated_at`) VALUES (:description:, :created_at:, :updated_at:)', [...], false)
 4 SYSTEMPATH\Model.php(394): CodeIgniter\Database\BaseBuilder->insert()
 5 SYSTEMPATH\BaseModel.php(838): CodeIgniter\Model->doInsert([...])
 6 SYSTEMPATH\Model.php(797): CodeIgniter\BaseModel->insert([...], true)
 7 APPPATH\Controllers\Tasks.php(52): CodeIgniter\Model->insert(Object(App\Entities\Task))
 8 SYSTEMPATH\CodeIgniter.php(933): App\Controllers\Tasks->create()
 9 SYSTEMPATH\CodeIgniter.php(507): CodeIgniter\CodeIgniter->runController(Object(App\Controllers\Tasks))
10 SYSTEMPATH\CodeIgniter.php(354): CodeIgniter\CodeIgniter->handleRequest(null, Object(Config\Cache), false)
11 SYSTEMPATH\Boot.php(363): CodeIgniter\CodeIgniter->run()
12 SYSTEMPATH\Boot.php(68): CodeIgniter\Boot::runCodeIgniter(Object(CodeIgniter\CodeIgniter))
13 FCPATH\index.php(59): CodeIgniter\Boot::bootWeb(Object(Config\Paths))
CRITICAL - 2025-10-08 23:49:49 --> [Caused by] mysqli_sql_exception: Unknown column 'updated_at' in 'field list'
in SYSTEMPATH\Database\MySQLi\Connection.php on line 327.
 1 SYSTEMPATH\Database\MySQLi\Connection.php(327): mysqli->query('INSERT INTO `task` (`description`, `created_at`, `updated_at`) VALUES (\'A task with timestamps\', \'2025-10-08 23:49:49\', \'2025-10-08 23:49:49\')', 0)
 2 SYSTEMPATH\Database\BaseConnection.php(729): CodeIgniter\Database\MySQLi\Connection->execute('INSERT INTO `task` (`description`, `created_at`, `updated_at`) VALUES (\'A task with timestamps\', \'2025-10-08 23:49:49\', \'2025-10-08 23:49:49\')')
 3 SYSTEMPATH\Database\BaseConnection.php(646): CodeIgniter\Database\BaseConnection->simpleQuery('INSERT INTO `task` (`description`, `created_at`, `updated_at`) VALUES (\'A task with timestamps\', \'2025-10-08 23:49:49\', \'2025-10-08 23:49:49\')')
 4 SYSTEMPATH\Database\BaseBuilder.php(2345): CodeIgniter\Database\BaseConnection->query('INSERT INTO `task` (`description`, `created_at`, `updated_at`) VALUES (:description:, :created_at:, :updated_at:)', [...], false)
 5 SYSTEMPATH\Model.php(394): CodeIgniter\Database\BaseBuilder->insert()
 6 SYSTEMPATH\BaseModel.php(838): CodeIgniter\Model->doInsert([...])
 7 SYSTEMPATH\Model.php(797): CodeIgniter\BaseModel->insert([...], true)
 8 APPPATH\Controllers\Tasks.php(52): CodeIgniter\Model->insert(Object(App\Entities\Task))
 9 SYSTEMPATH\CodeIgniter.php(933): App\Controllers\Tasks->create()
10 SYSTEMPATH\CodeIgniter.php(507): CodeIgniter\CodeIgniter->runController(Object(App\Controllers\Tasks))
11 SYSTEMPATH\CodeIgniter.php(354): CodeIgniter\CodeIgniter->handleRequest(null, Object(Config\Cache), false)
12 SYSTEMPATH\Boot.php(363): CodeIgniter\CodeIgniter->run()
13 SYSTEMPATH\Boot.php(68): CodeIgniter\Boot::runCodeIgniter(Object(CodeIgniter\CodeIgniter))
14 FCPATH\index.php(59): CodeIgniter\Boot::bootWeb(Object(Config\Paths))
