DEBUG - 2025-10-14 08:32:36 --> Session: Class initialized using 'CodeIgniter\Session\Handlers\FileHandler' driver.
DEBUG - 2025-10-14 08:32:36 --> Session: Class initialized using 'CodeIgniter\Session\Handlers\FileHandler' driver.
DEBUG - 2025-10-14 08:32:58 --> Session: Class initialized using 'CodeIgniter\Session\Handlers\FileHandler' driver.
DEBUG - 2025-10-14 08:33:06 --> Session: Class initialized using 'CodeIgniter\Session\Handlers\FileHandler' driver.
DEBUG - 2025-10-14 08:33:09 --> Session: Class initialized using 'CodeIgniter\Session\Handlers\FileHandler' driver.
DEBUG - 2025-10-14 08:33:11 --> Session: Class initialized using 'CodeIgniter\Session\Handlers\FileHandler' driver.
DEBUG - 2025-10-14 08:33:12 --> Session: Class initialized using 'CodeIgniter\Session\Handlers\FileHandler' driver.
DEBUG - 2025-10-14 08:33:24 --> Session: Class initialized using 'CodeIgniter\Session\Handlers\FileHandler' driver.
DEBUG - 2025-10-14 08:33:25 --> Session: Class initialized using 'CodeIgniter\Session\Handlers\FileHandler' driver.
DEBUG - 2025-10-14 08:33:55 --> Session: Class initialized using 'CodeIgniter\Session\Handlers\FileHandler' driver.
DEBUG - 2025-10-14 08:33:55 --> Session: Class initialized using 'CodeIgniter\Session\Handlers\FileHandler' driver.
DEBUG - 2025-10-14 08:34:20 --> Session: Class initialized using 'CodeIgniter\Session\Handlers\FileHandler' driver.
DEBUG - 2025-10-14 08:34:22 --> Session: Class initialized using 'CodeIgniter\Session\Handlers\FileHandler' driver.
DEBUG - 2025-10-14 08:34:23 --> Session: Class initialized using 'CodeIgniter\Session\Handlers\FileHandler' driver.
DEBUG - 2025-10-14 08:34:24 --> Session: Class initialized using 'CodeIgniter\Session\Handlers\FileHandler' driver.
DEBUG - 2025-10-14 08:34:24 --> Session: Class initialized using 'CodeIgniter\Session\Handlers\FileHandler' driver.
DEBUG - 2025-10-14 08:34:25 --> Session: Class initialized using 'CodeIgniter\Session\Handlers\FileHandler' driver.
DEBUG - 2025-10-14 08:34:25 --> Session: Class initialized using 'CodeIgniter\Session\Handlers\FileHandler' driver.
DEBUG - 2025-10-14 08:34:26 --> Session: Class initialized using 'CodeIgniter\Session\Handlers\FileHandler' driver.
DEBUG - 2025-10-14 08:34:26 --> Session: Class initialized using 'CodeIgniter\Session\Handlers\FileHandler' driver.
DEBUG - 2025-10-14 08:34:26 --> Session: Class initialized using 'CodeIgniter\Session\Handlers\FileHandler' driver.
DEBUG - 2025-10-14 08:34:27 --> Session: Class initialized using 'CodeIgniter\Session\Handlers\FileHandler' driver.
DEBUG - 2025-10-14 08:34:27 --> Session: Class initialized using 'CodeIgniter\Session\Handlers\FileHandler' driver.
DEBUG - 2025-10-14 08:34:28 --> Session: Class initialized using 'CodeIgniter\Session\Handlers\FileHandler' driver.
DEBUG - 2025-10-14 08:34:28 --> Session: Class initialized using 'CodeIgniter\Session\Handlers\FileHandler' driver.
DEBUG - 2025-10-14 08:34:28 --> Session: Class initialized using 'CodeIgniter\Session\Handlers\FileHandler' driver.
DEBUG - 2025-10-14 08:34:28 --> Session: Class initialized using 'CodeIgniter\Session\Handlers\FileHandler' driver.
DEBUG - 2025-10-14 08:34:28 --> Session: Class initialized using 'CodeIgniter\Session\Handlers\FileHandler' driver.
DEBUG - 2025-10-14 08:34:29 --> Session: Class initialized using 'CodeIgniter\Session\Handlers\FileHandler' driver.
DEBUG - 2025-10-14 08:34:29 --> Session: Class initialized using 'CodeIgniter\Session\Handlers\FileHandler' driver.
DEBUG - 2025-10-14 08:34:29 --> Session: Class initialized using 'CodeIgniter\Session\Handlers\FileHandler' driver.
DEBUG - 2025-10-14 08:34:46 --> Session: Class initialized using 'CodeIgniter\Session\Handlers\FileHandler' driver.
DEBUG - 2025-10-14 08:34:46 --> Session: Class initialized using 'CodeIgniter\Session\Handlers\FileHandler' driver.
DEBUG - 2025-10-14 08:35:03 --> Session: Class initialized using 'CodeIgniter\Session\Handlers\FileHandler' driver.
DEBUG - 2025-10-14 08:35:03 --> Session: Class initialized using 'CodeIgniter\Session\Handlers\FileHandler' driver.
DEBUG - 2025-10-14 08:35:24 --> Session: Class initialized using 'CodeIgniter\Session\Handlers\FileHandler' driver.
DEBUG - 2025-10-14 08:35:41 --> Session: Class initialized using 'CodeIgniter\Session\Handlers\FileHandler' driver.
DEBUG - 2025-10-14 08:35:41 --> Session: Class initialized using 'CodeIgniter\Session\Handlers\FileHandler' driver.
DEBUG - 2025-10-14 08:35:55 --> Session: Class initialized using 'CodeIgniter\Session\Handlers\FileHandler' driver.
DEBUG - 2025-10-14 08:35:55 --> Session: Class initialized using 'CodeIgniter\Session\Handlers\FileHandler' driver.
DEBUG - 2025-10-14 08:36:13 --> Session: Class initialized using 'CodeIgniter\Session\Handlers\FileHandler' driver.
DEBUG - 2025-10-14 08:36:13 --> Session: Class initialized using 'CodeIgniter\Session\Handlers\FileHandler' driver.
DEBUG - 2025-10-14 08:37:15 --> Session: Class initialized using 'CodeIgniter\Session\Handlers\FileHandler' driver.
DEBUG - 2025-10-14 08:37:18 --> Session: Class initialized using 'CodeIgniter\Session\Handlers\FileHandler' driver.
DEBUG - 2025-10-14 08:37:19 --> Session: Class initialized using 'CodeIgniter\Session\Handlers\FileHandler' driver.
DEBUG - 2025-10-14 08:37:26 --> Session: Class initialized using 'CodeIgniter\Session\Handlers\FileHandler' driver.
DEBUG - 2025-10-14 08:37:26 --> Session: Class initialized using 'CodeIgniter\Session\Handlers\FileHandler' driver.
DEBUG - 2025-10-14 08:38:06 --> Session: Class initialized using 'CodeIgniter\Session\Handlers\FileHandler' driver.
DEBUG - 2025-10-14 08:38:06 --> Session: Class initialized using 'CodeIgniter\Session\Handlers\FileHandler' driver.
DEBUG - 2025-10-14 08:38:19 --> Session: Class initialized using 'CodeIgniter\Session\Handlers\FileHandler' driver.
DEBUG - 2025-10-14 08:38:19 --> Session: Class initialized using 'CodeIgniter\Session\Handlers\FileHandler' driver.
INFO - 2025-10-14 08:39:36 --> CSRF token verified.
DEBUG - 2025-10-14 08:39:37 --> Session: Class initialized using 'CodeIgniter\Session\Handlers\FileHandler' driver.
DEBUG - 2025-10-14 08:39:37 --> Session: Class initialized using 'CodeIgniter\Session\Handlers\FileHandler' driver.
INFO - 2025-10-14 08:39:47 --> CSRF token verified.
DEBUG - 2025-10-14 08:39:47 --> Session: Class initialized using 'CodeIgniter\Session\Handlers\FileHandler' driver.
ERROR - 2025-10-14 08:39:47 --> mysqli_sql_exception: Table 'taskapp.tasks' doesn't exist in C:\xampp\htdocs\taskapp\system\Database\MySQLi\Connection.php:327
Stack trace:
#0 C:\xampp\htdocs\taskapp\system\Database\MySQLi\Connection.php(327): mysqli->query('INSERT INTO `ta...', 0)
#1 C:\xampp\htdocs\taskapp\system\Database\BaseConnection.php(729): CodeIgniter\Database\MySQLi\Connection->execute('INSERT INTO `ta...')
#2 C:\xampp\htdocs\taskapp\system\Database\BaseConnection.php(646): CodeIgniter\Database\BaseConnection->simpleQuery('INSERT INTO `ta...')
#3 C:\xampp\htdocs\taskapp\system\Database\BaseBuilder.php(2345): CodeIgniter\Database\BaseConnection->query('INSERT INTO `ta...', Array, false)
#4 C:\xampp\htdocs\taskapp\system\Model.php(394): CodeIgniter\Database\BaseBuilder->insert()
#5 C:\xampp\htdocs\taskapp\system\BaseModel.php(838): CodeIgniter\Model->doInsert(Array)
#6 C:\xampp\htdocs\taskapp\system\Model.php(797): CodeIgniter\BaseModel->insert(Array, true)
#7 C:\xampp\htdocs\taskapp\app\Controllers\Tasks.php(52): CodeIgniter\Model->insert(Object(App\Entities\Task))
#8 C:\xampp\htdocs\taskapp\system\CodeIgniter.php(933): App\Controllers\Tasks->create()
#9 C:\xampp\htdocs\taskapp\system\CodeIgniter.php(507): CodeIgniter\CodeIgniter->runController(Object(App\Controllers\Tasks))
#10 C:\xampp\htdocs\taskapp\system\CodeIgniter.php(354): CodeIgniter\CodeIgniter->handleRequest(NULL, Object(Config\Cache), false)
#11 C:\xampp\htdocs\taskapp\system\Boot.php(363): CodeIgniter\CodeIgniter->run()
#12 C:\xampp\htdocs\taskapp\system\Boot.php(68): CodeIgniter\Boot::runCodeIgniter(Object(CodeIgniter\CodeIgniter))
#13 C:\xampp\htdocs\taskapp\public\index.php(59): CodeIgniter\Boot::bootWeb(Object(Config\Paths))
#14 {main}
CRITICAL - 2025-10-14 08:39:47 --> CodeIgniter\Database\Exceptions\DatabaseException: Table 'taskapp.tasks' doesn't exist
[Method: POST, Route: tasks/create]
in SYSTEMPATH\Database\BaseConnection.php on line 684.
 1 SYSTEMPATH\Database\BaseBuilder.php(2345): CodeIgniter\Database\BaseConnection->query('INSERT INTO `tasks` (`description`, `user_id`) VALUES (:description:, :user_id:)', [...], false)
 2 SYSTEMPATH\Model.php(394): CodeIgniter\Database\BaseBuilder->insert()
 3 SYSTEMPATH\BaseModel.php(838): CodeIgniter\Model->doInsert([...])
 4 SYSTEMPATH\Model.php(797): CodeIgniter\BaseModel->insert([...], true)
 5 APPPATH\Controllers\Tasks.php(52): CodeIgniter\Model->insert(Object(App\Entities\Task))
 6 SYSTEMPATH\CodeIgniter.php(933): App\Controllers\Tasks->create()
 7 SYSTEMPATH\CodeIgniter.php(507): CodeIgniter\CodeIgniter->runController(Object(App\Controllers\Tasks))
 8 SYSTEMPATH\CodeIgniter.php(354): CodeIgniter\CodeIgniter->handleRequest(null, Object(Config\Cache), false)
 9 SYSTEMPATH\Boot.php(363): CodeIgniter\CodeIgniter->run()
10 SYSTEMPATH\Boot.php(68): CodeIgniter\Boot::runCodeIgniter(Object(CodeIgniter\CodeIgniter))
11 FCPATH\index.php(59): CodeIgniter\Boot::bootWeb(Object(Config\Paths))
CRITICAL - 2025-10-14 08:39:47 --> [Caused by] CodeIgniter\Database\Exceptions\DatabaseException: Table 'taskapp.tasks' doesn't exist
in SYSTEMPATH\Database\MySQLi\Connection.php on line 332.
 1 SYSTEMPATH\Database\BaseConnection.php(729): CodeIgniter\Database\MySQLi\Connection->execute('INSERT INTO `tasks` (`description`, `user_id`) VALUES (\'A fun task\', \'22\')')
 2 SYSTEMPATH\Database\BaseConnection.php(646): CodeIgniter\Database\BaseConnection->simpleQuery('INSERT INTO `tasks` (`description`, `user_id`) VALUES (\'A fun task\', \'22\')')
 3 SYSTEMPATH\Database\BaseBuilder.php(2345): CodeIgniter\Database\BaseConnection->query('INSERT INTO `tasks` (`description`, `user_id`) VALUES (:description:, :user_id:)', [...], false)
 4 SYSTEMPATH\Model.php(394): CodeIgniter\Database\BaseBuilder->insert()
 5 SYSTEMPATH\BaseModel.php(838): CodeIgniter\Model->doInsert([...])
 6 SYSTEMPATH\Model.php(797): CodeIgniter\BaseModel->insert([...], true)
 7 APPPATH\Controllers\Tasks.php(52): CodeIgniter\Model->insert(Object(App\Entities\Task))
 8 SYSTEMPATH\CodeIgniter.php(933): App\Controllers\Tasks->create()
 9 SYSTEMPATH\CodeIgniter.php(507): CodeIgniter\CodeIgniter->runController(Object(App\Controllers\Tasks))
10 SYSTEMPATH\CodeIgniter.php(354): CodeIgniter\CodeIgniter->handleRequest(null, Object(Config\Cache), false)
11 SYSTEMPATH\Boot.php(363): CodeIgniter\CodeIgniter->run()
12 SYSTEMPATH\Boot.php(68): CodeIgniter\Boot::runCodeIgniter(Object(CodeIgniter\CodeIgniter))
13 FCPATH\index.php(59): CodeIgniter\Boot::bootWeb(Object(Config\Paths))
CRITICAL - 2025-10-14 08:39:47 --> [Caused by] mysqli_sql_exception: Table 'taskapp.tasks' doesn't exist
in SYSTEMPATH\Database\MySQLi\Connection.php on line 327.
 1 SYSTEMPATH\Database\MySQLi\Connection.php(327): mysqli->query('INSERT INTO `tasks` (`description`, `user_id`) VALUES (\'A fun task\', \'22\')', 0)
 2 SYSTEMPATH\Database\BaseConnection.php(729): CodeIgniter\Database\MySQLi\Connection->execute('INSERT INTO `tasks` (`description`, `user_id`) VALUES (\'A fun task\', \'22\')')
 3 SYSTEMPATH\Database\BaseConnection.php(646): CodeIgniter\Database\BaseConnection->simpleQuery('INSERT INTO `tasks` (`description`, `user_id`) VALUES (\'A fun task\', \'22\')')
 4 SYSTEMPATH\Database\BaseBuilder.php(2345): CodeIgniter\Database\BaseConnection->query('INSERT INTO `tasks` (`description`, `user_id`) VALUES (:description:, :user_id:)', [...], false)
 5 SYSTEMPATH\Model.php(394): CodeIgniter\Database\BaseBuilder->insert()
 6 SYSTEMPATH\BaseModel.php(838): CodeIgniter\Model->doInsert([...])
 7 SYSTEMPATH\Model.php(797): CodeIgniter\BaseModel->insert([...], true)
 8 APPPATH\Controllers\Tasks.php(52): CodeIgniter\Model->insert(Object(App\Entities\Task))
 9 SYSTEMPATH\CodeIgniter.php(933): App\Controllers\Tasks->create()
10 SYSTEMPATH\CodeIgniter.php(507): CodeIgniter\CodeIgniter->runController(Object(App\Controllers\Tasks))
11 SYSTEMPATH\CodeIgniter.php(354): CodeIgniter\CodeIgniter->handleRequest(null, Object(Config\Cache), false)
12 SYSTEMPATH\Boot.php(363): CodeIgniter\CodeIgniter->run()
13 SYSTEMPATH\Boot.php(68): CodeIgniter\Boot::runCodeIgniter(Object(CodeIgniter\CodeIgniter))
14 FCPATH\index.php(59): CodeIgniter\Boot::bootWeb(Object(Config\Paths))
DEBUG - 2025-10-14 08:45:17 --> Session: Class initialized using 'CodeIgniter\Session\Handlers\FileHandler' driver.
INFO - 2025-10-14 08:45:19 --> CSRF token verified.
DEBUG - 2025-10-14 08:45:19 --> Session: Class initialized using 'CodeIgniter\Session\Handlers\FileHandler' driver.
ERROR - 2025-10-14 08:45:19 --> mysqli_sql_exception: Table 'taskapp.tasks' doesn't exist in C:\xampp\htdocs\taskapp\system\Database\MySQLi\Connection.php:327
Stack trace:
#0 C:\xampp\htdocs\taskapp\system\Database\MySQLi\Connection.php(327): mysqli->query('INSERT INTO `ta...', 0)
#1 C:\xampp\htdocs\taskapp\system\Database\BaseConnection.php(729): CodeIgniter\Database\MySQLi\Connection->execute('INSERT INTO `ta...')
#2 C:\xampp\htdocs\taskapp\system\Database\BaseConnection.php(646): CodeIgniter\Database\BaseConnection->simpleQuery('INSERT INTO `ta...')
#3 C:\xampp\htdocs\taskapp\system\Database\BaseBuilder.php(2345): CodeIgniter\Database\BaseConnection->query('INSERT INTO `ta...', Array, false)
#4 C:\xampp\htdocs\taskapp\system\Model.php(394): CodeIgniter\Database\BaseBuilder->insert()
#5 C:\xampp\htdocs\taskapp\system\BaseModel.php(838): CodeIgniter\Model->doInsert(Array)
#6 C:\xampp\htdocs\taskapp\system\Model.php(797): CodeIgniter\BaseModel->insert(Array, true)
#7 C:\xampp\htdocs\taskapp\app\Controllers\Tasks.php(52): CodeIgniter\Model->insert(Object(App\Entities\Task))
#8 C:\xampp\htdocs\taskapp\system\CodeIgniter.php(933): App\Controllers\Tasks->create()
#9 C:\xampp\htdocs\taskapp\system\CodeIgniter.php(507): CodeIgniter\CodeIgniter->runController(Object(App\Controllers\Tasks))
#10 C:\xampp\htdocs\taskapp\system\CodeIgniter.php(354): CodeIgniter\CodeIgniter->handleRequest(NULL, Object(Config\Cache), false)
#11 C:\xampp\htdocs\taskapp\system\Boot.php(363): CodeIgniter\CodeIgniter->run()
#12 C:\xampp\htdocs\taskapp\system\Boot.php(68): CodeIgniter\Boot::runCodeIgniter(Object(CodeIgniter\CodeIgniter))
#13 C:\xampp\htdocs\taskapp\public\index.php(59): CodeIgniter\Boot::bootWeb(Object(Config\Paths))
#14 {main}
CRITICAL - 2025-10-14 08:45:19 --> CodeIgniter\Database\Exceptions\DatabaseException: Table 'taskapp.tasks' doesn't exist
[Method: POST, Route: tasks/create]
in SYSTEMPATH\Database\BaseConnection.php on line 684.
 1 SYSTEMPATH\Database\BaseBuilder.php(2345): CodeIgniter\Database\BaseConnection->query('INSERT INTO `tasks` (`description`, `user_id`) VALUES (:description:, :user_id:)', [...], false)
 2 SYSTEMPATH\Model.php(394): CodeIgniter\Database\BaseBuilder->insert()
 3 SYSTEMPATH\BaseModel.php(838): CodeIgniter\Model->doInsert([...])
 4 SYSTEMPATH\Model.php(797): CodeIgniter\BaseModel->insert([...], true)
 5 APPPATH\Controllers\Tasks.php(52): CodeIgniter\Model->insert(Object(App\Entities\Task))
 6 SYSTEMPATH\CodeIgniter.php(933): App\Controllers\Tasks->create()
 7 SYSTEMPATH\CodeIgniter.php(507): CodeIgniter\CodeIgniter->runController(Object(App\Controllers\Tasks))
 8 SYSTEMPATH\CodeIgniter.php(354): CodeIgniter\CodeIgniter->handleRequest(null, Object(Config\Cache), false)
 9 SYSTEMPATH\Boot.php(363): CodeIgniter\CodeIgniter->run()
10 SYSTEMPATH\Boot.php(68): CodeIgniter\Boot::runCodeIgniter(Object(CodeIgniter\CodeIgniter))
11 FCPATH\index.php(59): CodeIgniter\Boot::bootWeb(Object(Config\Paths))
CRITICAL - 2025-10-14 08:45:19 --> [Caused by] CodeIgniter\Database\Exceptions\DatabaseException: Table 'taskapp.tasks' doesn't exist
in SYSTEMPATH\Database\MySQLi\Connection.php on line 332.
 1 SYSTEMPATH\Database\BaseConnection.php(729): CodeIgniter\Database\MySQLi\Connection->execute('INSERT INTO `tasks` (`description`, `user_id`) VALUES (\'A fun task\', \'22\')')
 2 SYSTEMPATH\Database\BaseConnection.php(646): CodeIgniter\Database\BaseConnection->simpleQuery('INSERT INTO `tasks` (`description`, `user_id`) VALUES (\'A fun task\', \'22\')')
 3 SYSTEMPATH\Database\BaseBuilder.php(2345): CodeIgniter\Database\BaseConnection->query('INSERT INTO `tasks` (`description`, `user_id`) VALUES (:description:, :user_id:)', [...], false)
 4 SYSTEMPATH\Model.php(394): CodeIgniter\Database\BaseBuilder->insert()
 5 SYSTEMPATH\BaseModel.php(838): CodeIgniter\Model->doInsert([...])
 6 SYSTEMPATH\Model.php(797): CodeIgniter\BaseModel->insert([...], true)
 7 APPPATH\Controllers\Tasks.php(52): CodeIgniter\Model->insert(Object(App\Entities\Task))
 8 SYSTEMPATH\CodeIgniter.php(933): App\Controllers\Tasks->create()
 9 SYSTEMPATH\CodeIgniter.php(507): CodeIgniter\CodeIgniter->runController(Object(App\Controllers\Tasks))
10 SYSTEMPATH\CodeIgniter.php(354): CodeIgniter\CodeIgniter->handleRequest(null, Object(Config\Cache), false)
11 SYSTEMPATH\Boot.php(363): CodeIgniter\CodeIgniter->run()
12 SYSTEMPATH\Boot.php(68): CodeIgniter\Boot::runCodeIgniter(Object(CodeIgniter\CodeIgniter))
13 FCPATH\index.php(59): CodeIgniter\Boot::bootWeb(Object(Config\Paths))
CRITICAL - 2025-10-14 08:45:19 --> [Caused by] mysqli_sql_exception: Table 'taskapp.tasks' doesn't exist
in SYSTEMPATH\Database\MySQLi\Connection.php on line 327.
 1 SYSTEMPATH\Database\MySQLi\Connection.php(327): mysqli->query('INSERT INTO `tasks` (`description`, `user_id`) VALUES (\'A fun task\', \'22\')', 0)
 2 SYSTEMPATH\Database\BaseConnection.php(729): CodeIgniter\Database\MySQLi\Connection->execute('INSERT INTO `tasks` (`description`, `user_id`) VALUES (\'A fun task\', \'22\')')
 3 SYSTEMPATH\Database\BaseConnection.php(646): CodeIgniter\Database\BaseConnection->simpleQuery('INSERT INTO `tasks` (`description`, `user_id`) VALUES (\'A fun task\', \'22\')')
 4 SYSTEMPATH\Database\BaseBuilder.php(2345): CodeIgniter\Database\BaseConnection->query('INSERT INTO `tasks` (`description`, `user_id`) VALUES (:description:, :user_id:)', [...], false)
 5 SYSTEMPATH\Model.php(394): CodeIgniter\Database\BaseBuilder->insert()
 6 SYSTEMPATH\BaseModel.php(838): CodeIgniter\Model->doInsert([...])
 7 SYSTEMPATH\Model.php(797): CodeIgniter\BaseModel->insert([...], true)
 8 APPPATH\Controllers\Tasks.php(52): CodeIgniter\Model->insert(Object(App\Entities\Task))
 9 SYSTEMPATH\CodeIgniter.php(933): App\Controllers\Tasks->create()
10 SYSTEMPATH\CodeIgniter.php(507): CodeIgniter\CodeIgniter->runController(Object(App\Controllers\Tasks))
11 SYSTEMPATH\CodeIgniter.php(354): CodeIgniter\CodeIgniter->handleRequest(null, Object(Config\Cache), false)
12 SYSTEMPATH\Boot.php(363): CodeIgniter\CodeIgniter->run()
13 SYSTEMPATH\Boot.php(68): CodeIgniter\Boot::runCodeIgniter(Object(CodeIgniter\CodeIgniter))
14 FCPATH\index.php(59): CodeIgniter\Boot::bootWeb(Object(Config\Paths))
DEBUG - 2025-10-14 08:46:18 --> Session: Class initialized using 'CodeIgniter\Session\Handlers\FileHandler' driver.
INFO - 2025-10-14 08:46:19 --> CSRF token verified.
DEBUG - 2025-10-14 08:46:19 --> Session: Class initialized using 'CodeIgniter\Session\Handlers\FileHandler' driver.
DEBUG - 2025-10-14 08:46:20 --> Session: Class initialized using 'CodeIgniter\Session\Handlers\FileHandler' driver.
CRITICAL - 2025-10-14 08:46:20 --> ErrorException: Attempt to read property "id" on array
[Method: GET, Route: tasks/show/38]
in APPPATH\Views\Tasks\show.php on line 14.
 1 APPPATH\Views\Tasks\show.php(14): CodeIgniter\Debug\Exceptions->errorHandler(2, 'Attempt to read property "id" on array', 'C:\\xampp\\htdocs\\taskapp\\app\\Views\\Tasks\\show.php', 14)
 2 SYSTEMPATH\View\View.php(226): include('C:\\xampp\\htdocs\\taskapp\\app\\Views\\Tasks\\show.php')
 3 SYSTEMPATH\View\View.php(229): CodeIgniter\View\View->CodeIgniter\View\{closure}()
 4 SYSTEMPATH\Common.php(1167): CodeIgniter\View\View->render('Tasks/show', [], true)
 5 APPPATH\Controllers\Tasks.php(30): view('Tasks/show', [...])
 6 SYSTEMPATH\CodeIgniter.php(933): App\Controllers\Tasks->show('38')
 7 SYSTEMPATH\CodeIgniter.php(507): CodeIgniter\CodeIgniter->runController(Object(App\Controllers\Tasks))
 8 SYSTEMPATH\CodeIgniter.php(354): CodeIgniter\CodeIgniter->handleRequest(null, Object(Config\Cache), false)
 9 SYSTEMPATH\Boot.php(363): CodeIgniter\CodeIgniter->run()
10 SYSTEMPATH\Boot.php(68): CodeIgniter\Boot::runCodeIgniter(Object(CodeIgniter\CodeIgniter))
11 FCPATH\index.php(59): CodeIgniter\Boot::bootWeb(Object(Config\Paths))
DEBUG - 2025-10-14 08:52:45 --> Session: Class initialized using 'CodeIgniter\Session\Handlers\FileHandler' driver.
INFO - 2025-10-14 08:52:47 --> CSRF token verified.
DEBUG - 2025-10-14 08:52:47 --> Session: Class initialized using 'CodeIgniter\Session\Handlers\FileHandler' driver.
DEBUG - 2025-10-14 08:52:47 --> Session: Class initialized using 'CodeIgniter\Session\Handlers\FileHandler' driver.
DEBUG - 2025-10-14 08:55:22 --> Session: Class initialized using 'CodeIgniter\Session\Handlers\FileHandler' driver.
INFO - 2025-10-14 08:57:36 --> CSRF token verified.
DEBUG - 2025-10-14 08:57:36 --> Session: Class initialized using 'CodeIgniter\Session\Handlers\FileHandler' driver.
ERROR - 2025-10-14 08:57:36 --> mysqli_sql_exception: Table 'taskapp.tasks' doesn't exist in C:\xampp\htdocs\taskapp\system\Database\MySQLi\Connection.php:327
Stack trace:
#0 C:\xampp\htdocs\taskapp\system\Database\MySQLi\Connection.php(327): mysqli->query('INSERT INTO `ta...', 0)
#1 C:\xampp\htdocs\taskapp\system\Database\BaseConnection.php(729): CodeIgniter\Database\MySQLi\Connection->execute('INSERT INTO `ta...')
#2 C:\xampp\htdocs\taskapp\system\Database\BaseConnection.php(646): CodeIgniter\Database\BaseConnection->simpleQuery('INSERT INTO `ta...')
#3 C:\xampp\htdocs\taskapp\system\Database\BaseBuilder.php(2345): CodeIgniter\Database\BaseConnection->query('INSERT INTO `ta...', Array, false)
#4 C:\xampp\htdocs\taskapp\system\Model.php(394): CodeIgniter\Database\BaseBuilder->insert()
#5 C:\xampp\htdocs\taskapp\system\BaseModel.php(838): CodeIgniter\Model->doInsert(Array)
#6 C:\xampp\htdocs\taskapp\system\Model.php(797): CodeIgniter\BaseModel->insert(Array, true)
#7 C:\xampp\htdocs\taskapp\app\Controllers\Tasks.php(49): CodeIgniter\Model->insert(Object(App\Entities\Task))
#8 C:\xampp\htdocs\taskapp\system\CodeIgniter.php(933): App\Controllers\Tasks->create()
#9 C:\xampp\htdocs\taskapp\system\CodeIgniter.php(507): CodeIgniter\CodeIgniter->runController(Object(App\Controllers\Tasks))
#10 C:\xampp\htdocs\taskapp\system\CodeIgniter.php(354): CodeIgniter\CodeIgniter->handleRequest(NULL, Object(Config\Cache), false)
#11 C:\xampp\htdocs\taskapp\system\Boot.php(363): CodeIgniter\CodeIgniter->run()
#12 C:\xampp\htdocs\taskapp\system\Boot.php(68): CodeIgniter\Boot::runCodeIgniter(Object(CodeIgniter\CodeIgniter))
#13 C:\xampp\htdocs\taskapp\public\index.php(59): CodeIgniter\Boot::bootWeb(Object(Config\Paths))
#14 {main}
CRITICAL - 2025-10-14 08:57:36 --> CodeIgniter\Database\Exceptions\DatabaseException: Table 'taskapp.tasks' doesn't exist
[Method: POST, Route: tasks/create]
in SYSTEMPATH\Database\BaseConnection.php on line 684.
 1 SYSTEMPATH\Database\BaseBuilder.php(2345): CodeIgniter\Database\BaseConnection->query('INSERT INTO `tasks` (`description`, `user_id`) VALUES (:description:, :user_id:)', [...], false)
 2 SYSTEMPATH\Model.php(394): CodeIgniter\Database\BaseBuilder->insert()
 3 SYSTEMPATH\BaseModel.php(838): CodeIgniter\Model->doInsert([...])
 4 SYSTEMPATH\Model.php(797): CodeIgniter\BaseModel->insert([...], true)
 5 APPPATH\Controllers\Tasks.php(49): CodeIgniter\Model->insert(Object(App\Entities\Task))
 6 SYSTEMPATH\CodeIgniter.php(933): App\Controllers\Tasks->create()
 7 SYSTEMPATH\CodeIgniter.php(507): CodeIgniter\CodeIgniter->runController(Object(App\Controllers\Tasks))
 8 SYSTEMPATH\CodeIgniter.php(354): CodeIgniter\CodeIgniter->handleRequest(null, Object(Config\Cache), false)
 9 SYSTEMPATH\Boot.php(363): CodeIgniter\CodeIgniter->run()
10 SYSTEMPATH\Boot.php(68): CodeIgniter\Boot::runCodeIgniter(Object(CodeIgniter\CodeIgniter))
11 FCPATH\index.php(59): CodeIgniter\Boot::bootWeb(Object(Config\Paths))
CRITICAL - 2025-10-14 08:57:36 --> [Caused by] CodeIgniter\Database\Exceptions\DatabaseException: Table 'taskapp.tasks' doesn't exist
in SYSTEMPATH\Database\MySQLi\Connection.php on line 332.
 1 SYSTEMPATH\Database\BaseConnection.php(729): CodeIgniter\Database\MySQLi\Connection->execute('INSERT INTO `tasks` (`description`, `user_id`) VALUES (\'A fun task\', \'22\')')
 2 SYSTEMPATH\Database\BaseConnection.php(646): CodeIgniter\Database\BaseConnection->simpleQuery('INSERT INTO `tasks` (`description`, `user_id`) VALUES (\'A fun task\', \'22\')')
 3 SYSTEMPATH\Database\BaseBuilder.php(2345): CodeIgniter\Database\BaseConnection->query('INSERT INTO `tasks` (`description`, `user_id`) VALUES (:description:, :user_id:)', [...], false)
 4 SYSTEMPATH\Model.php(394): CodeIgniter\Database\BaseBuilder->insert()
 5 SYSTEMPATH\BaseModel.php(838): CodeIgniter\Model->doInsert([...])
 6 SYSTEMPATH\Model.php(797): CodeIgniter\BaseModel->insert([...], true)
 7 APPPATH\Controllers\Tasks.php(49): CodeIgniter\Model->insert(Object(App\Entities\Task))
 8 SYSTEMPATH\CodeIgniter.php(933): App\Controllers\Tasks->create()
 9 SYSTEMPATH\CodeIgniter.php(507): CodeIgniter\CodeIgniter->runController(Object(App\Controllers\Tasks))
10 SYSTEMPATH\CodeIgniter.php(354): CodeIgniter\CodeIgniter->handleRequest(null, Object(Config\Cache), false)
11 SYSTEMPATH\Boot.php(363): CodeIgniter\CodeIgniter->run()
12 SYSTEMPATH\Boot.php(68): CodeIgniter\Boot::runCodeIgniter(Object(CodeIgniter\CodeIgniter))
13 FCPATH\index.php(59): CodeIgniter\Boot::bootWeb(Object(Config\Paths))
CRITICAL - 2025-10-14 08:57:36 --> [Caused by] mysqli_sql_exception: Table 'taskapp.tasks' doesn't exist
in SYSTEMPATH\Database\MySQLi\Connection.php on line 327.
 1 SYSTEMPATH\Database\MySQLi\Connection.php(327): mysqli->query('INSERT INTO `tasks` (`description`, `user_id`) VALUES (\'A fun task\', \'22\')', 0)
 2 SYSTEMPATH\Database\BaseConnection.php(729): CodeIgniter\Database\MySQLi\Connection->execute('INSERT INTO `tasks` (`description`, `user_id`) VALUES (\'A fun task\', \'22\')')
 3 SYSTEMPATH\Database\BaseConnection.php(646): CodeIgniter\Database\BaseConnection->simpleQuery('INSERT INTO `tasks` (`description`, `user_id`) VALUES (\'A fun task\', \'22\')')
 4 SYSTEMPATH\Database\BaseBuilder.php(2345): CodeIgniter\Database\BaseConnection->query('INSERT INTO `tasks` (`description`, `user_id`) VALUES (:description:, :user_id:)', [...], false)
 5 SYSTEMPATH\Model.php(394): CodeIgniter\Database\BaseBuilder->insert()
 6 SYSTEMPATH\BaseModel.php(838): CodeIgniter\Model->doInsert([...])
 7 SYSTEMPATH\Model.php(797): CodeIgniter\BaseModel->insert([...], true)
 8 APPPATH\Controllers\Tasks.php(49): CodeIgniter\Model->insert(Object(App\Entities\Task))
 9 SYSTEMPATH\CodeIgniter.php(933): App\Controllers\Tasks->create()
10 SYSTEMPATH\CodeIgniter.php(507): CodeIgniter\CodeIgniter->runController(Object(App\Controllers\Tasks))
11 SYSTEMPATH\CodeIgniter.php(354): CodeIgniter\CodeIgniter->handleRequest(null, Object(Config\Cache), false)
12 SYSTEMPATH\Boot.php(363): CodeIgniter\CodeIgniter->run()
13 SYSTEMPATH\Boot.php(68): CodeIgniter\Boot::runCodeIgniter(Object(CodeIgniter\CodeIgniter))
14 FCPATH\index.php(59): CodeIgniter\Boot::bootWeb(Object(Config\Paths))
INFO - 2025-10-14 09:00:30 --> CSRF token verified.
DEBUG - 2025-10-14 09:00:30 --> Session: Class initialized using 'CodeIgniter\Session\Handlers\FileHandler' driver.
ERROR - 2025-10-14 09:00:30 --> mysqli_sql_exception: Table 'taskapp.tasks' doesn't exist in C:\xampp\htdocs\taskapp\system\Database\MySQLi\Connection.php:327
Stack trace:
#0 C:\xampp\htdocs\taskapp\system\Database\MySQLi\Connection.php(327): mysqli->query('INSERT INTO `ta...', 0)
#1 C:\xampp\htdocs\taskapp\system\Database\BaseConnection.php(729): CodeIgniter\Database\MySQLi\Connection->execute('INSERT INTO `ta...')
#2 C:\xampp\htdocs\taskapp\system\Database\BaseConnection.php(646): CodeIgniter\Database\BaseConnection->simpleQuery('INSERT INTO `ta...')
#3 C:\xampp\htdocs\taskapp\system\Database\BaseBuilder.php(2345): CodeIgniter\Database\BaseConnection->query('INSERT INTO `ta...', Array, false)
#4 C:\xampp\htdocs\taskapp\system\Model.php(394): CodeIgniter\Database\BaseBuilder->insert()
#5 C:\xampp\htdocs\taskapp\system\BaseModel.php(838): CodeIgniter\Model->doInsert(Array)
#6 C:\xampp\htdocs\taskapp\system\Model.php(797): CodeIgniter\BaseModel->insert(Array, true)
#7 C:\xampp\htdocs\taskapp\app\Controllers\Tasks.php(49): CodeIgniter\Model->insert(Object(App\Entities\Task))
#8 C:\xampp\htdocs\taskapp\system\CodeIgniter.php(933): App\Controllers\Tasks->create()
#9 C:\xampp\htdocs\taskapp\system\CodeIgniter.php(507): CodeIgniter\CodeIgniter->runController(Object(App\Controllers\Tasks))
#10 C:\xampp\htdocs\taskapp\system\CodeIgniter.php(354): CodeIgniter\CodeIgniter->handleRequest(NULL, Object(Config\Cache), false)
#11 C:\xampp\htdocs\taskapp\system\Boot.php(363): CodeIgniter\CodeIgniter->run()
#12 C:\xampp\htdocs\taskapp\system\Boot.php(68): CodeIgniter\Boot::runCodeIgniter(Object(CodeIgniter\CodeIgniter))
#13 C:\xampp\htdocs\taskapp\public\index.php(59): CodeIgniter\Boot::bootWeb(Object(Config\Paths))
#14 {main}
CRITICAL - 2025-10-14 09:00:30 --> CodeIgniter\Database\Exceptions\DatabaseException: Table 'taskapp.tasks' doesn't exist
[Method: POST, Route: tasks/create]
in SYSTEMPATH\Database\BaseConnection.php on line 684.
 1 SYSTEMPATH\Database\BaseBuilder.php(2345): CodeIgniter\Database\BaseConnection->query('INSERT INTO `tasks` (`description`, `user_id`) VALUES (:description:, :user_id:)', [...], false)
 2 SYSTEMPATH\Model.php(394): CodeIgniter\Database\BaseBuilder->insert()
 3 SYSTEMPATH\BaseModel.php(838): CodeIgniter\Model->doInsert([...])
 4 SYSTEMPATH\Model.php(797): CodeIgniter\BaseModel->insert([...], true)
 5 APPPATH\Controllers\Tasks.php(49): CodeIgniter\Model->insert(Object(App\Entities\Task))
 6 SYSTEMPATH\CodeIgniter.php(933): App\Controllers\Tasks->create()
 7 SYSTEMPATH\CodeIgniter.php(507): CodeIgniter\CodeIgniter->runController(Object(App\Controllers\Tasks))
 8 SYSTEMPATH\CodeIgniter.php(354): CodeIgniter\CodeIgniter->handleRequest(null, Object(Config\Cache), false)
 9 SYSTEMPATH\Boot.php(363): CodeIgniter\CodeIgniter->run()
10 SYSTEMPATH\Boot.php(68): CodeIgniter\Boot::runCodeIgniter(Object(CodeIgniter\CodeIgniter))
11 FCPATH\index.php(59): CodeIgniter\Boot::bootWeb(Object(Config\Paths))
CRITICAL - 2025-10-14 09:00:30 --> [Caused by] CodeIgniter\Database\Exceptions\DatabaseException: Table 'taskapp.tasks' doesn't exist
in SYSTEMPATH\Database\MySQLi\Connection.php on line 332.
 1 SYSTEMPATH\Database\BaseConnection.php(729): CodeIgniter\Database\MySQLi\Connection->execute('INSERT INTO `tasks` (`description`, `user_id`) VALUES (\'A fun task\', \'22\')')
 2 SYSTEMPATH\Database\BaseConnection.php(646): CodeIgniter\Database\BaseConnection->simpleQuery('INSERT INTO `tasks` (`description`, `user_id`) VALUES (\'A fun task\', \'22\')')
 3 SYSTEMPATH\Database\BaseBuilder.php(2345): CodeIgniter\Database\BaseConnection->query('INSERT INTO `tasks` (`description`, `user_id`) VALUES (:description:, :user_id:)', [...], false)
 4 SYSTEMPATH\Model.php(394): CodeIgniter\Database\BaseBuilder->insert()
 5 SYSTEMPATH\BaseModel.php(838): CodeIgniter\Model->doInsert([...])
 6 SYSTEMPATH\Model.php(797): CodeIgniter\BaseModel->insert([...], true)
 7 APPPATH\Controllers\Tasks.php(49): CodeIgniter\Model->insert(Object(App\Entities\Task))
 8 SYSTEMPATH\CodeIgniter.php(933): App\Controllers\Tasks->create()
 9 SYSTEMPATH\CodeIgniter.php(507): CodeIgniter\CodeIgniter->runController(Object(App\Controllers\Tasks))
10 SYSTEMPATH\CodeIgniter.php(354): CodeIgniter\CodeIgniter->handleRequest(null, Object(Config\Cache), false)
11 SYSTEMPATH\Boot.php(363): CodeIgniter\CodeIgniter->run()
12 SYSTEMPATH\Boot.php(68): CodeIgniter\Boot::runCodeIgniter(Object(CodeIgniter\CodeIgniter))
13 FCPATH\index.php(59): CodeIgniter\Boot::bootWeb(Object(Config\Paths))
CRITICAL - 2025-10-14 09:00:30 --> [Caused by] mysqli_sql_exception: Table 'taskapp.tasks' doesn't exist
in SYSTEMPATH\Database\MySQLi\Connection.php on line 327.
 1 SYSTEMPATH\Database\MySQLi\Connection.php(327): mysqli->query('INSERT INTO `tasks` (`description`, `user_id`) VALUES (\'A fun task\', \'22\')', 0)
 2 SYSTEMPATH\Database\BaseConnection.php(729): CodeIgniter\Database\MySQLi\Connection->execute('INSERT INTO `tasks` (`description`, `user_id`) VALUES (\'A fun task\', \'22\')')
 3 SYSTEMPATH\Database\BaseConnection.php(646): CodeIgniter\Database\BaseConnection->simpleQuery('INSERT INTO `tasks` (`description`, `user_id`) VALUES (\'A fun task\', \'22\')')
 4 SYSTEMPATH\Database\BaseBuilder.php(2345): CodeIgniter\Database\BaseConnection->query('INSERT INTO `tasks` (`description`, `user_id`) VALUES (:description:, :user_id:)', [...], false)
 5 SYSTEMPATH\Model.php(394): CodeIgniter\Database\BaseBuilder->insert()
 6 SYSTEMPATH\BaseModel.php(838): CodeIgniter\Model->doInsert([...])
 7 SYSTEMPATH\Model.php(797): CodeIgniter\BaseModel->insert([...], true)
 8 APPPATH\Controllers\Tasks.php(49): CodeIgniter\Model->insert(Object(App\Entities\Task))
 9 SYSTEMPATH\CodeIgniter.php(933): App\Controllers\Tasks->create()
10 SYSTEMPATH\CodeIgniter.php(507): CodeIgniter\CodeIgniter->runController(Object(App\Controllers\Tasks))
11 SYSTEMPATH\CodeIgniter.php(354): CodeIgniter\CodeIgniter->handleRequest(null, Object(Config\Cache), false)
12 SYSTEMPATH\Boot.php(363): CodeIgniter\CodeIgniter->run()
13 SYSTEMPATH\Boot.php(68): CodeIgniter\Boot::runCodeIgniter(Object(CodeIgniter\CodeIgniter))
14 FCPATH\index.php(59): CodeIgniter\Boot::bootWeb(Object(Config\Paths))
INFO - 2025-10-14 09:00:39 --> CSRF token verified.
DEBUG - 2025-10-14 09:00:39 --> Session: Class initialized using 'CodeIgniter\Session\Handlers\FileHandler' driver.
ERROR - 2025-10-14 09:00:39 --> mysqli_sql_exception: Table 'taskapp.tasks' doesn't exist in C:\xampp\htdocs\taskapp\system\Database\MySQLi\Connection.php:327
Stack trace:
#0 C:\xampp\htdocs\taskapp\system\Database\MySQLi\Connection.php(327): mysqli->query('INSERT INTO `ta...', 0)
#1 C:\xampp\htdocs\taskapp\system\Database\BaseConnection.php(729): CodeIgniter\Database\MySQLi\Connection->execute('INSERT INTO `ta...')
#2 C:\xampp\htdocs\taskapp\system\Database\BaseConnection.php(646): CodeIgniter\Database\BaseConnection->simpleQuery('INSERT INTO `ta...')
#3 C:\xampp\htdocs\taskapp\system\Database\BaseBuilder.php(2345): CodeIgniter\Database\BaseConnection->query('INSERT INTO `ta...', Array, false)
#4 C:\xampp\htdocs\taskapp\system\Model.php(394): CodeIgniter\Database\BaseBuilder->insert()
#5 C:\xampp\htdocs\taskapp\system\BaseModel.php(838): CodeIgniter\Model->doInsert(Array)
#6 C:\xampp\htdocs\taskapp\system\Model.php(797): CodeIgniter\BaseModel->insert(Array, true)
#7 C:\xampp\htdocs\taskapp\app\Controllers\Tasks.php(49): CodeIgniter\Model->insert(Object(App\Entities\Task))
#8 C:\xampp\htdocs\taskapp\system\CodeIgniter.php(933): App\Controllers\Tasks->create()
#9 C:\xampp\htdocs\taskapp\system\CodeIgniter.php(507): CodeIgniter\CodeIgniter->runController(Object(App\Controllers\Tasks))
#10 C:\xampp\htdocs\taskapp\system\CodeIgniter.php(354): CodeIgniter\CodeIgniter->handleRequest(NULL, Object(Config\Cache), false)
#11 C:\xampp\htdocs\taskapp\system\Boot.php(363): CodeIgniter\CodeIgniter->run()
#12 C:\xampp\htdocs\taskapp\system\Boot.php(68): CodeIgniter\Boot::runCodeIgniter(Object(CodeIgniter\CodeIgniter))
#13 C:\xampp\htdocs\taskapp\public\index.php(59): CodeIgniter\Boot::bootWeb(Object(Config\Paths))
#14 {main}
CRITICAL - 2025-10-14 09:00:39 --> CodeIgniter\Database\Exceptions\DatabaseException: Table 'taskapp.tasks' doesn't exist
[Method: POST, Route: tasks/create]
in SYSTEMPATH\Database\BaseConnection.php on line 684.
 1 SYSTEMPATH\Database\BaseBuilder.php(2345): CodeIgniter\Database\BaseConnection->query('INSERT INTO `tasks` (`description`, `user_id`) VALUES (:description:, :user_id:)', [...], false)
 2 SYSTEMPATH\Model.php(394): CodeIgniter\Database\BaseBuilder->insert()
 3 SYSTEMPATH\BaseModel.php(838): CodeIgniter\Model->doInsert([...])
 4 SYSTEMPATH\Model.php(797): CodeIgniter\BaseModel->insert([...], true)
 5 APPPATH\Controllers\Tasks.php(49): CodeIgniter\Model->insert(Object(App\Entities\Task))
 6 SYSTEMPATH\CodeIgniter.php(933): App\Controllers\Tasks->create()
 7 SYSTEMPATH\CodeIgniter.php(507): CodeIgniter\CodeIgniter->runController(Object(App\Controllers\Tasks))
 8 SYSTEMPATH\CodeIgniter.php(354): CodeIgniter\CodeIgniter->handleRequest(null, Object(Config\Cache), false)
 9 SYSTEMPATH\Boot.php(363): CodeIgniter\CodeIgniter->run()
10 SYSTEMPATH\Boot.php(68): CodeIgniter\Boot::runCodeIgniter(Object(CodeIgniter\CodeIgniter))
11 FCPATH\index.php(59): CodeIgniter\Boot::bootWeb(Object(Config\Paths))
CRITICAL - 2025-10-14 09:00:39 --> [Caused by] CodeIgniter\Database\Exceptions\DatabaseException: Table 'taskapp.tasks' doesn't exist
in SYSTEMPATH\Database\MySQLi\Connection.php on line 332.
 1 SYSTEMPATH\Database\BaseConnection.php(729): CodeIgniter\Database\MySQLi\Connection->execute('INSERT INTO `tasks` (`description`, `user_id`) VALUES (\'A fun task\', \'22\')')
 2 SYSTEMPATH\Database\BaseConnection.php(646): CodeIgniter\Database\BaseConnection->simpleQuery('INSERT INTO `tasks` (`description`, `user_id`) VALUES (\'A fun task\', \'22\')')
 3 SYSTEMPATH\Database\BaseBuilder.php(2345): CodeIgniter\Database\BaseConnection->query('INSERT INTO `tasks` (`description`, `user_id`) VALUES (:description:, :user_id:)', [...], false)
 4 SYSTEMPATH\Model.php(394): CodeIgniter\Database\BaseBuilder->insert()
 5 SYSTEMPATH\BaseModel.php(838): CodeIgniter\Model->doInsert([...])
 6 SYSTEMPATH\Model.php(797): CodeIgniter\BaseModel->insert([...], true)
 7 APPPATH\Controllers\Tasks.php(49): CodeIgniter\Model->insert(Object(App\Entities\Task))
 8 SYSTEMPATH\CodeIgniter.php(933): App\Controllers\Tasks->create()
 9 SYSTEMPATH\CodeIgniter.php(507): CodeIgniter\CodeIgniter->runController(Object(App\Controllers\Tasks))
10 SYSTEMPATH\CodeIgniter.php(354): CodeIgniter\CodeIgniter->handleRequest(null, Object(Config\Cache), false)
11 SYSTEMPATH\Boot.php(363): CodeIgniter\CodeIgniter->run()
12 SYSTEMPATH\Boot.php(68): CodeIgniter\Boot::runCodeIgniter(Object(CodeIgniter\CodeIgniter))
13 FCPATH\index.php(59): CodeIgniter\Boot::bootWeb(Object(Config\Paths))
CRITICAL - 2025-10-14 09:00:39 --> [Caused by] mysqli_sql_exception: Table 'taskapp.tasks' doesn't exist
in SYSTEMPATH\Database\MySQLi\Connection.php on line 327.
 1 SYSTEMPATH\Database\MySQLi\Connection.php(327): mysqli->query('INSERT INTO `tasks` (`description`, `user_id`) VALUES (\'A fun task\', \'22\')', 0)
 2 SYSTEMPATH\Database\BaseConnection.php(729): CodeIgniter\Database\MySQLi\Connection->execute('INSERT INTO `tasks` (`description`, `user_id`) VALUES (\'A fun task\', \'22\')')
 3 SYSTEMPATH\Database\BaseConnection.php(646): CodeIgniter\Database\BaseConnection->simpleQuery('INSERT INTO `tasks` (`description`, `user_id`) VALUES (\'A fun task\', \'22\')')
 4 SYSTEMPATH\Database\BaseBuilder.php(2345): CodeIgniter\Database\BaseConnection->query('INSERT INTO `tasks` (`description`, `user_id`) VALUES (:description:, :user_id:)', [...], false)
 5 SYSTEMPATH\Model.php(394): CodeIgniter\Database\BaseBuilder->insert()
 6 SYSTEMPATH\BaseModel.php(838): CodeIgniter\Model->doInsert([...])
 7 SYSTEMPATH\Model.php(797): CodeIgniter\BaseModel->insert([...], true)
 8 APPPATH\Controllers\Tasks.php(49): CodeIgniter\Model->insert(Object(App\Entities\Task))
 9 SYSTEMPATH\CodeIgniter.php(933): App\Controllers\Tasks->create()
10 SYSTEMPATH\CodeIgniter.php(507): CodeIgniter\CodeIgniter->runController(Object(App\Controllers\Tasks))
11 SYSTEMPATH\CodeIgniter.php(354): CodeIgniter\CodeIgniter->handleRequest(null, Object(Config\Cache), false)
12 SYSTEMPATH\Boot.php(363): CodeIgniter\CodeIgniter->run()
13 SYSTEMPATH\Boot.php(68): CodeIgniter\Boot::runCodeIgniter(Object(CodeIgniter\CodeIgniter))
14 FCPATH\index.php(59): CodeIgniter\Boot::bootWeb(Object(Config\Paths))
DEBUG - 2025-10-14 09:00:41 --> Session: Class initialized using 'CodeIgniter\Session\Handlers\FileHandler' driver.
INFO - 2025-10-14 09:00:43 --> CSRF token verified.
DEBUG - 2025-10-14 09:00:43 --> Session: Class initialized using 'CodeIgniter\Session\Handlers\FileHandler' driver.
ERROR - 2025-10-14 09:00:43 --> mysqli_sql_exception: Table 'taskapp.tasks' doesn't exist in C:\xampp\htdocs\taskapp\system\Database\MySQLi\Connection.php:327
Stack trace:
#0 C:\xampp\htdocs\taskapp\system\Database\MySQLi\Connection.php(327): mysqli->query('INSERT INTO `ta...', 0)
#1 C:\xampp\htdocs\taskapp\system\Database\BaseConnection.php(729): CodeIgniter\Database\MySQLi\Connection->execute('INSERT INTO `ta...')
#2 C:\xampp\htdocs\taskapp\system\Database\BaseConnection.php(646): CodeIgniter\Database\BaseConnection->simpleQuery('INSERT INTO `ta...')
#3 C:\xampp\htdocs\taskapp\system\Database\BaseBuilder.php(2345): CodeIgniter\Database\BaseConnection->query('INSERT INTO `ta...', Array, false)
#4 C:\xampp\htdocs\taskapp\system\Model.php(394): CodeIgniter\Database\BaseBuilder->insert()
#5 C:\xampp\htdocs\taskapp\system\BaseModel.php(838): CodeIgniter\Model->doInsert(Array)
#6 C:\xampp\htdocs\taskapp\system\Model.php(797): CodeIgniter\BaseModel->insert(Array, true)
#7 C:\xampp\htdocs\taskapp\app\Controllers\Tasks.php(49): CodeIgniter\Model->insert(Object(App\Entities\Task))
#8 C:\xampp\htdocs\taskapp\system\CodeIgniter.php(933): App\Controllers\Tasks->create()
#9 C:\xampp\htdocs\taskapp\system\CodeIgniter.php(507): CodeIgniter\CodeIgniter->runController(Object(App\Controllers\Tasks))
#10 C:\xampp\htdocs\taskapp\system\CodeIgniter.php(354): CodeIgniter\CodeIgniter->handleRequest(NULL, Object(Config\Cache), false)
#11 C:\xampp\htdocs\taskapp\system\Boot.php(363): CodeIgniter\CodeIgniter->run()
#12 C:\xampp\htdocs\taskapp\system\Boot.php(68): CodeIgniter\Boot::runCodeIgniter(Object(CodeIgniter\CodeIgniter))
#13 C:\xampp\htdocs\taskapp\public\index.php(59): CodeIgniter\Boot::bootWeb(Object(Config\Paths))
#14 {main}
CRITICAL - 2025-10-14 09:00:43 --> CodeIgniter\Database\Exceptions\DatabaseException: Table 'taskapp.tasks' doesn't exist
[Method: POST, Route: tasks/create]
in SYSTEMPATH\Database\BaseConnection.php on line 684.
 1 SYSTEMPATH\Database\BaseBuilder.php(2345): CodeIgniter\Database\BaseConnection->query('INSERT INTO `tasks` (`description`, `user_id`) VALUES (:description:, :user_id:)', [...], false)
 2 SYSTEMPATH\Model.php(394): CodeIgniter\Database\BaseBuilder->insert()
 3 SYSTEMPATH\BaseModel.php(838): CodeIgniter\Model->doInsert([...])
 4 SYSTEMPATH\Model.php(797): CodeIgniter\BaseModel->insert([...], true)
 5 APPPATH\Controllers\Tasks.php(49): CodeIgniter\Model->insert(Object(App\Entities\Task))
 6 SYSTEMPATH\CodeIgniter.php(933): App\Controllers\Tasks->create()
 7 SYSTEMPATH\CodeIgniter.php(507): CodeIgniter\CodeIgniter->runController(Object(App\Controllers\Tasks))
 8 SYSTEMPATH\CodeIgniter.php(354): CodeIgniter\CodeIgniter->handleRequest(null, Object(Config\Cache), false)
 9 SYSTEMPATH\Boot.php(363): CodeIgniter\CodeIgniter->run()
10 SYSTEMPATH\Boot.php(68): CodeIgniter\Boot::runCodeIgniter(Object(CodeIgniter\CodeIgniter))
11 FCPATH\index.php(59): CodeIgniter\Boot::bootWeb(Object(Config\Paths))
CRITICAL - 2025-10-14 09:00:43 --> [Caused by] CodeIgniter\Database\Exceptions\DatabaseException: Table 'taskapp.tasks' doesn't exist
in SYSTEMPATH\Database\MySQLi\Connection.php on line 332.
 1 SYSTEMPATH\Database\BaseConnection.php(729): CodeIgniter\Database\MySQLi\Connection->execute('INSERT INTO `tasks` (`description`, `user_id`) VALUES (\'A fun task\', \'22\')')
 2 SYSTEMPATH\Database\BaseConnection.php(646): CodeIgniter\Database\BaseConnection->simpleQuery('INSERT INTO `tasks` (`description`, `user_id`) VALUES (\'A fun task\', \'22\')')
 3 SYSTEMPATH\Database\BaseBuilder.php(2345): CodeIgniter\Database\BaseConnection->query('INSERT INTO `tasks` (`description`, `user_id`) VALUES (:description:, :user_id:)', [...], false)
 4 SYSTEMPATH\Model.php(394): CodeIgniter\Database\BaseBuilder->insert()
 5 SYSTEMPATH\BaseModel.php(838): CodeIgniter\Model->doInsert([...])
 6 SYSTEMPATH\Model.php(797): CodeIgniter\BaseModel->insert([...], true)
 7 APPPATH\Controllers\Tasks.php(49): CodeIgniter\Model->insert(Object(App\Entities\Task))
 8 SYSTEMPATH\CodeIgniter.php(933): App\Controllers\Tasks->create()
 9 SYSTEMPATH\CodeIgniter.php(507): CodeIgniter\CodeIgniter->runController(Object(App\Controllers\Tasks))
10 SYSTEMPATH\CodeIgniter.php(354): CodeIgniter\CodeIgniter->handleRequest(null, Object(Config\Cache), false)
11 SYSTEMPATH\Boot.php(363): CodeIgniter\CodeIgniter->run()
12 SYSTEMPATH\Boot.php(68): CodeIgniter\Boot::runCodeIgniter(Object(CodeIgniter\CodeIgniter))
13 FCPATH\index.php(59): CodeIgniter\Boot::bootWeb(Object(Config\Paths))
CRITICAL - 2025-10-14 09:00:43 --> [Caused by] mysqli_sql_exception: Table 'taskapp.tasks' doesn't exist
in SYSTEMPATH\Database\MySQLi\Connection.php on line 327.
 1 SYSTEMPATH\Database\MySQLi\Connection.php(327): mysqli->query('INSERT INTO `tasks` (`description`, `user_id`) VALUES (\'A fun task\', \'22\')', 0)
 2 SYSTEMPATH\Database\BaseConnection.php(729): CodeIgniter\Database\MySQLi\Connection->execute('INSERT INTO `tasks` (`description`, `user_id`) VALUES (\'A fun task\', \'22\')')
 3 SYSTEMPATH\Database\BaseConnection.php(646): CodeIgniter\Database\BaseConnection->simpleQuery('INSERT INTO `tasks` (`description`, `user_id`) VALUES (\'A fun task\', \'22\')')
 4 SYSTEMPATH\Database\BaseBuilder.php(2345): CodeIgniter\Database\BaseConnection->query('INSERT INTO `tasks` (`description`, `user_id`) VALUES (:description:, :user_id:)', [...], false)
 5 SYSTEMPATH\Model.php(394): CodeIgniter\Database\BaseBuilder->insert()
 6 SYSTEMPATH\BaseModel.php(838): CodeIgniter\Model->doInsert([...])
 7 SYSTEMPATH\Model.php(797): CodeIgniter\BaseModel->insert([...], true)
 8 APPPATH\Controllers\Tasks.php(49): CodeIgniter\Model->insert(Object(App\Entities\Task))
 9 SYSTEMPATH\CodeIgniter.php(933): App\Controllers\Tasks->create()
10 SYSTEMPATH\CodeIgniter.php(507): CodeIgniter\CodeIgniter->runController(Object(App\Controllers\Tasks))
11 SYSTEMPATH\CodeIgniter.php(354): CodeIgniter\CodeIgniter->handleRequest(null, Object(Config\Cache), false)
12 SYSTEMPATH\Boot.php(363): CodeIgniter\CodeIgniter->run()
13 SYSTEMPATH\Boot.php(68): CodeIgniter\Boot::runCodeIgniter(Object(CodeIgniter\CodeIgniter))
14 FCPATH\index.php(59): CodeIgniter\Boot::bootWeb(Object(Config\Paths))
INFO - 2025-10-14 09:02:50 --> CSRF token verified.
DEBUG - 2025-10-14 09:02:50 --> Session: Class initialized using 'CodeIgniter\Session\Handlers\FileHandler' driver.
ERROR - 2025-10-14 09:02:50 --> mysqli_sql_exception: Table 'taskapp.tasks' doesn't exist in C:\xampp\htdocs\taskapp\system\Database\MySQLi\Connection.php:327
Stack trace:
#0 C:\xampp\htdocs\taskapp\system\Database\MySQLi\Connection.php(327): mysqli->query('INSERT INTO `ta...', 0)
#1 C:\xampp\htdocs\taskapp\system\Database\BaseConnection.php(729): CodeIgniter\Database\MySQLi\Connection->execute('INSERT INTO `ta...')
#2 C:\xampp\htdocs\taskapp\system\Database\BaseConnection.php(646): CodeIgniter\Database\BaseConnection->simpleQuery('INSERT INTO `ta...')
#3 C:\xampp\htdocs\taskapp\system\Database\BaseBuilder.php(2345): CodeIgniter\Database\BaseConnection->query('INSERT INTO `ta...', Array, false)
#4 C:\xampp\htdocs\taskapp\system\Model.php(394): CodeIgniter\Database\BaseBuilder->insert()
#5 C:\xampp\htdocs\taskapp\system\BaseModel.php(838): CodeIgniter\Model->doInsert(Array)
#6 C:\xampp\htdocs\taskapp\system\Model.php(797): CodeIgniter\BaseModel->insert(Array, true)
#7 C:\xampp\htdocs\taskapp\app\Controllers\Tasks.php(49): CodeIgniter\Model->insert(Object(App\Entities\Task))
#8 C:\xampp\htdocs\taskapp\system\CodeIgniter.php(933): App\Controllers\Tasks->create()
#9 C:\xampp\htdocs\taskapp\system\CodeIgniter.php(507): CodeIgniter\CodeIgniter->runController(Object(App\Controllers\Tasks))
#10 C:\xampp\htdocs\taskapp\system\CodeIgniter.php(354): CodeIgniter\CodeIgniter->handleRequest(NULL, Object(Config\Cache), false)
#11 C:\xampp\htdocs\taskapp\system\Boot.php(363): CodeIgniter\CodeIgniter->run()
#12 C:\xampp\htdocs\taskapp\system\Boot.php(68): CodeIgniter\Boot::runCodeIgniter(Object(CodeIgniter\CodeIgniter))
#13 C:\xampp\htdocs\taskapp\public\index.php(59): CodeIgniter\Boot::bootWeb(Object(Config\Paths))
#14 {main}
CRITICAL - 2025-10-14 09:02:50 --> CodeIgniter\Database\Exceptions\DatabaseException: Table 'taskapp.tasks' doesn't exist
[Method: POST, Route: tasks/create]
in SYSTEMPATH\Database\BaseConnection.php on line 684.
 1 SYSTEMPATH\Database\BaseBuilder.php(2345): CodeIgniter\Database\BaseConnection->query('INSERT INTO `tasks` (`description`, `user_id`) VALUES (:description:, :user_id:)', [...], false)
 2 SYSTEMPATH\Model.php(394): CodeIgniter\Database\BaseBuilder->insert()
 3 SYSTEMPATH\BaseModel.php(838): CodeIgniter\Model->doInsert([...])
 4 SYSTEMPATH\Model.php(797): CodeIgniter\BaseModel->insert([...], true)
 5 APPPATH\Controllers\Tasks.php(49): CodeIgniter\Model->insert(Object(App\Entities\Task))
 6 SYSTEMPATH\CodeIgniter.php(933): App\Controllers\Tasks->create()
 7 SYSTEMPATH\CodeIgniter.php(507): CodeIgniter\CodeIgniter->runController(Object(App\Controllers\Tasks))
 8 SYSTEMPATH\CodeIgniter.php(354): CodeIgniter\CodeIgniter->handleRequest(null, Object(Config\Cache), false)
 9 SYSTEMPATH\Boot.php(363): CodeIgniter\CodeIgniter->run()
10 SYSTEMPATH\Boot.php(68): CodeIgniter\Boot::runCodeIgniter(Object(CodeIgniter\CodeIgniter))
11 FCPATH\index.php(59): CodeIgniter\Boot::bootWeb(Object(Config\Paths))
CRITICAL - 2025-10-14 09:02:50 --> [Caused by] CodeIgniter\Database\Exceptions\DatabaseException: Table 'taskapp.tasks' doesn't exist
in SYSTEMPATH\Database\MySQLi\Connection.php on line 332.
 1 SYSTEMPATH\Database\BaseConnection.php(729): CodeIgniter\Database\MySQLi\Connection->execute('INSERT INTO `tasks` (`description`, `user_id`) VALUES (\'A fun task\', \'22\')')
 2 SYSTEMPATH\Database\BaseConnection.php(646): CodeIgniter\Database\BaseConnection->simpleQuery('INSERT INTO `tasks` (`description`, `user_id`) VALUES (\'A fun task\', \'22\')')
 3 SYSTEMPATH\Database\BaseBuilder.php(2345): CodeIgniter\Database\BaseConnection->query('INSERT INTO `tasks` (`description`, `user_id`) VALUES (:description:, :user_id:)', [...], false)
 4 SYSTEMPATH\Model.php(394): CodeIgniter\Database\BaseBuilder->insert()
 5 SYSTEMPATH\BaseModel.php(838): CodeIgniter\Model->doInsert([...])
 6 SYSTEMPATH\Model.php(797): CodeIgniter\BaseModel->insert([...], true)
 7 APPPATH\Controllers\Tasks.php(49): CodeIgniter\Model->insert(Object(App\Entities\Task))
 8 SYSTEMPATH\CodeIgniter.php(933): App\Controllers\Tasks->create()
 9 SYSTEMPATH\CodeIgniter.php(507): CodeIgniter\CodeIgniter->runController(Object(App\Controllers\Tasks))
10 SYSTEMPATH\CodeIgniter.php(354): CodeIgniter\CodeIgniter->handleRequest(null, Object(Config\Cache), false)
11 SYSTEMPATH\Boot.php(363): CodeIgniter\CodeIgniter->run()
12 SYSTEMPATH\Boot.php(68): CodeIgniter\Boot::runCodeIgniter(Object(CodeIgniter\CodeIgniter))
13 FCPATH\index.php(59): CodeIgniter\Boot::bootWeb(Object(Config\Paths))
CRITICAL - 2025-10-14 09:02:50 --> [Caused by] mysqli_sql_exception: Table 'taskapp.tasks' doesn't exist
in SYSTEMPATH\Database\MySQLi\Connection.php on line 327.
 1 SYSTEMPATH\Database\MySQLi\Connection.php(327): mysqli->query('INSERT INTO `tasks` (`description`, `user_id`) VALUES (\'A fun task\', \'22\')', 0)
 2 SYSTEMPATH\Database\BaseConnection.php(729): CodeIgniter\Database\MySQLi\Connection->execute('INSERT INTO `tasks` (`description`, `user_id`) VALUES (\'A fun task\', \'22\')')
 3 SYSTEMPATH\Database\BaseConnection.php(646): CodeIgniter\Database\BaseConnection->simpleQuery('INSERT INTO `tasks` (`description`, `user_id`) VALUES (\'A fun task\', \'22\')')
 4 SYSTEMPATH\Database\BaseBuilder.php(2345): CodeIgniter\Database\BaseConnection->query('INSERT INTO `tasks` (`description`, `user_id`) VALUES (:description:, :user_id:)', [...], false)
 5 SYSTEMPATH\Model.php(394): CodeIgniter\Database\BaseBuilder->insert()
 6 SYSTEMPATH\BaseModel.php(838): CodeIgniter\Model->doInsert([...])
 7 SYSTEMPATH\Model.php(797): CodeIgniter\BaseModel->insert([...], true)
 8 APPPATH\Controllers\Tasks.php(49): CodeIgniter\Model->insert(Object(App\Entities\Task))
 9 SYSTEMPATH\CodeIgniter.php(933): App\Controllers\Tasks->create()
10 SYSTEMPATH\CodeIgniter.php(507): CodeIgniter\CodeIgniter->runController(Object(App\Controllers\Tasks))
11 SYSTEMPATH\CodeIgniter.php(354): CodeIgniter\CodeIgniter->handleRequest(null, Object(Config\Cache), false)
12 SYSTEMPATH\Boot.php(363): CodeIgniter\CodeIgniter->run()
13 SYSTEMPATH\Boot.php(68): CodeIgniter\Boot::runCodeIgniter(Object(CodeIgniter\CodeIgniter))
14 FCPATH\index.php(59): CodeIgniter\Boot::bootWeb(Object(Config\Paths))
DEBUG - 2025-10-14 09:03:11 --> Session: Class initialized using 'CodeIgniter\Session\Handlers\FileHandler' driver.
DEBUG - 2025-10-14 09:03:16 --> Session: Class initialized using 'CodeIgniter\Session\Handlers\FileHandler' driver.
INFO - 2025-10-14 09:03:21 --> CSRF token verified.
DEBUG - 2025-10-14 09:03:21 --> Session: Class initialized using 'CodeIgniter\Session\Handlers\FileHandler' driver.
ERROR - 2025-10-14 09:03:21 --> mysqli_sql_exception: Table 'taskapp.tasks' doesn't exist in C:\xampp\htdocs\taskapp\system\Database\MySQLi\Connection.php:327
Stack trace:
#0 C:\xampp\htdocs\taskapp\system\Database\MySQLi\Connection.php(327): mysqli->query('INSERT INTO `ta...', 0)
#1 C:\xampp\htdocs\taskapp\system\Database\BaseConnection.php(729): CodeIgniter\Database\MySQLi\Connection->execute('INSERT INTO `ta...')
#2 C:\xampp\htdocs\taskapp\system\Database\BaseConnection.php(646): CodeIgniter\Database\BaseConnection->simpleQuery('INSERT INTO `ta...')
#3 C:\xampp\htdocs\taskapp\system\Database\BaseBuilder.php(2345): CodeIgniter\Database\BaseConnection->query('INSERT INTO `ta...', Array, false)
#4 C:\xampp\htdocs\taskapp\system\Model.php(394): CodeIgniter\Database\BaseBuilder->insert()
#5 C:\xampp\htdocs\taskapp\system\BaseModel.php(838): CodeIgniter\Model->doInsert(Array)
#6 C:\xampp\htdocs\taskapp\system\Model.php(797): CodeIgniter\BaseModel->insert(Array, true)
#7 C:\xampp\htdocs\taskapp\app\Controllers\Tasks.php(49): CodeIgniter\Model->insert(Object(App\Entities\Task))
#8 C:\xampp\htdocs\taskapp\system\CodeIgniter.php(933): App\Controllers\Tasks->create()
#9 C:\xampp\htdocs\taskapp\system\CodeIgniter.php(507): CodeIgniter\CodeIgniter->runController(Object(App\Controllers\Tasks))
#10 C:\xampp\htdocs\taskapp\system\CodeIgniter.php(354): CodeIgniter\CodeIgniter->handleRequest(NULL, Object(Config\Cache), false)
#11 C:\xampp\htdocs\taskapp\system\Boot.php(363): CodeIgniter\CodeIgniter->run()
#12 C:\xampp\htdocs\taskapp\system\Boot.php(68): CodeIgniter\Boot::runCodeIgniter(Object(CodeIgniter\CodeIgniter))
#13 C:\xampp\htdocs\taskapp\public\index.php(59): CodeIgniter\Boot::bootWeb(Object(Config\Paths))
#14 {main}
CRITICAL - 2025-10-14 09:03:21 --> CodeIgniter\Database\Exceptions\DatabaseException: Table 'taskapp.tasks' doesn't exist
[Method: POST, Route: tasks/create]
in SYSTEMPATH\Database\BaseConnection.php on line 684.
 1 SYSTEMPATH\Database\BaseBuilder.php(2345): CodeIgniter\Database\BaseConnection->query('INSERT INTO `tasks` (`description`, `user_id`) VALUES (:description:, :user_id:)', [...], false)
 2 SYSTEMPATH\Model.php(394): CodeIgniter\Database\BaseBuilder->insert()
 3 SYSTEMPATH\BaseModel.php(838): CodeIgniter\Model->doInsert([...])
 4 SYSTEMPATH\Model.php(797): CodeIgniter\BaseModel->insert([...], true)
 5 APPPATH\Controllers\Tasks.php(49): CodeIgniter\Model->insert(Object(App\Entities\Task))
 6 SYSTEMPATH\CodeIgniter.php(933): App\Controllers\Tasks->create()
 7 SYSTEMPATH\CodeIgniter.php(507): CodeIgniter\CodeIgniter->runController(Object(App\Controllers\Tasks))
 8 SYSTEMPATH\CodeIgniter.php(354): CodeIgniter\CodeIgniter->handleRequest(null, Object(Config\Cache), false)
 9 SYSTEMPATH\Boot.php(363): CodeIgniter\CodeIgniter->run()
10 SYSTEMPATH\Boot.php(68): CodeIgniter\Boot::runCodeIgniter(Object(CodeIgniter\CodeIgniter))
11 FCPATH\index.php(59): CodeIgniter\Boot::bootWeb(Object(Config\Paths))
CRITICAL - 2025-10-14 09:03:21 --> [Caused by] CodeIgniter\Database\Exceptions\DatabaseException: Table 'taskapp.tasks' doesn't exist
in SYSTEMPATH\Database\MySQLi\Connection.php on line 332.
 1 SYSTEMPATH\Database\BaseConnection.php(729): CodeIgniter\Database\MySQLi\Connection->execute('INSERT INTO `tasks` (`description`, `user_id`) VALUES (\'A fun task\', \'22\')')
 2 SYSTEMPATH\Database\BaseConnection.php(646): CodeIgniter\Database\BaseConnection->simpleQuery('INSERT INTO `tasks` (`description`, `user_id`) VALUES (\'A fun task\', \'22\')')
 3 SYSTEMPATH\Database\BaseBuilder.php(2345): CodeIgniter\Database\BaseConnection->query('INSERT INTO `tasks` (`description`, `user_id`) VALUES (:description:, :user_id:)', [...], false)
 4 SYSTEMPATH\Model.php(394): CodeIgniter\Database\BaseBuilder->insert()
 5 SYSTEMPATH\BaseModel.php(838): CodeIgniter\Model->doInsert([...])
 6 SYSTEMPATH\Model.php(797): CodeIgniter\BaseModel->insert([...], true)
 7 APPPATH\Controllers\Tasks.php(49): CodeIgniter\Model->insert(Object(App\Entities\Task))
 8 SYSTEMPATH\CodeIgniter.php(933): App\Controllers\Tasks->create()
 9 SYSTEMPATH\CodeIgniter.php(507): CodeIgniter\CodeIgniter->runController(Object(App\Controllers\Tasks))
10 SYSTEMPATH\CodeIgniter.php(354): CodeIgniter\CodeIgniter->handleRequest(null, Object(Config\Cache), false)
11 SYSTEMPATH\Boot.php(363): CodeIgniter\CodeIgniter->run()
12 SYSTEMPATH\Boot.php(68): CodeIgniter\Boot::runCodeIgniter(Object(CodeIgniter\CodeIgniter))
13 FCPATH\index.php(59): CodeIgniter\Boot::bootWeb(Object(Config\Paths))
CRITICAL - 2025-10-14 09:03:21 --> [Caused by] mysqli_sql_exception: Table 'taskapp.tasks' doesn't exist
in SYSTEMPATH\Database\MySQLi\Connection.php on line 327.
 1 SYSTEMPATH\Database\MySQLi\Connection.php(327): mysqli->query('INSERT INTO `tasks` (`description`, `user_id`) VALUES (\'A fun task\', \'22\')', 0)
 2 SYSTEMPATH\Database\BaseConnection.php(729): CodeIgniter\Database\MySQLi\Connection->execute('INSERT INTO `tasks` (`description`, `user_id`) VALUES (\'A fun task\', \'22\')')
 3 SYSTEMPATH\Database\BaseConnection.php(646): CodeIgniter\Database\BaseConnection->simpleQuery('INSERT INTO `tasks` (`description`, `user_id`) VALUES (\'A fun task\', \'22\')')
 4 SYSTEMPATH\Database\BaseBuilder.php(2345): CodeIgniter\Database\BaseConnection->query('INSERT INTO `tasks` (`description`, `user_id`) VALUES (:description:, :user_id:)', [...], false)
 5 SYSTEMPATH\Model.php(394): CodeIgniter\Database\BaseBuilder->insert()
 6 SYSTEMPATH\BaseModel.php(838): CodeIgniter\Model->doInsert([...])
 7 SYSTEMPATH\Model.php(797): CodeIgniter\BaseModel->insert([...], true)
 8 APPPATH\Controllers\Tasks.php(49): CodeIgniter\Model->insert(Object(App\Entities\Task))
 9 SYSTEMPATH\CodeIgniter.php(933): App\Controllers\Tasks->create()
10 SYSTEMPATH\CodeIgniter.php(507): CodeIgniter\CodeIgniter->runController(Object(App\Controllers\Tasks))
11 SYSTEMPATH\CodeIgniter.php(354): CodeIgniter\CodeIgniter->handleRequest(null, Object(Config\Cache), false)
12 SYSTEMPATH\Boot.php(363): CodeIgniter\CodeIgniter->run()
13 SYSTEMPATH\Boot.php(68): CodeIgniter\Boot::runCodeIgniter(Object(CodeIgniter\CodeIgniter))
14 FCPATH\index.php(59): CodeIgniter\Boot::bootWeb(Object(Config\Paths))
DEBUG - 2025-10-14 09:07:49 --> Session: Class initialized using 'CodeIgniter\Session\Handlers\FileHandler' driver.
INFO - 2025-10-14 09:07:50 --> CSRF token verified.
DEBUG - 2025-10-14 09:07:50 --> Session: Class initialized using 'CodeIgniter\Session\Handlers\FileHandler' driver.
DEBUG - 2025-10-14 09:07:50 --> Session: Class initialized using 'CodeIgniter\Session\Handlers\FileHandler' driver.
DEBUG - 2025-10-14 09:13:51 --> Session: Class initialized using 'CodeIgniter\Session\Handlers\FileHandler' driver.
INFO - 2025-10-14 09:13:53 --> CSRF token verified.
DEBUG - 2025-10-14 09:13:53 --> Session: Class initialized using 'CodeIgniter\Session\Handlers\FileHandler' driver.
DEBUG - 2025-10-14 09:13:53 --> Session: Class initialized using 'CodeIgniter\Session\Handlers\FileHandler' driver.
DEBUG - 2025-10-14 09:28:19 --> Session: Class initialized using 'CodeIgniter\Session\Handlers\FileHandler' driver.
DEBUG - 2025-10-14 09:28:37 --> Session: Class initialized using 'CodeIgniter\Session\Handlers\FileHandler' driver.
CRITICAL - 2025-10-14 09:28:37 --> ErrorException: Attempt to read property "id" on array
[Method: GET, Route: tasks/edit/37]
in APPPATH\Views\Tasks\edit.php on line 17.
 1 APPPATH\Views\Tasks\edit.php(17): CodeIgniter\Debug\Exceptions->errorHandler(2, 'Attempt to read property "id" on array', 'C:\\xampp\\htdocs\\taskapp\\app\\Views\\Tasks\\edit.php', 17)
 2 SYSTEMPATH\View\View.php(226): include('C:\\xampp\\htdocs\\taskapp\\app\\Views\\Tasks\\edit.php')
 3 SYSTEMPATH\View\View.php(229): CodeIgniter\View\View->CodeIgniter\View\{closure}()
 4 SYSTEMPATH\Common.php(1167): CodeIgniter\View\View->render('Tasks/edit', [], true)
 5 APPPATH\Controllers\Tasks.php(62): view('Tasks/edit', [...])
 6 SYSTEMPATH\CodeIgniter.php(933): App\Controllers\Tasks->edit('37')
 7 SYSTEMPATH\CodeIgniter.php(507): CodeIgniter\CodeIgniter->runController(Object(App\Controllers\Tasks))
 8 SYSTEMPATH\CodeIgniter.php(354): CodeIgniter\CodeIgniter->handleRequest(null, Object(Config\Cache), false)
 9 SYSTEMPATH\Boot.php(363): CodeIgniter\CodeIgniter->run()
10 SYSTEMPATH\Boot.php(68): CodeIgniter\Boot::runCodeIgniter(Object(CodeIgniter\CodeIgniter))
11 FCPATH\index.php(59): CodeIgniter\Boot::bootWeb(Object(Config\Paths))
DEBUG - 2025-10-14 09:28:45 --> Session: Class initialized using 'CodeIgniter\Session\Handlers\FileHandler' driver.
DEBUG - 2025-10-14 09:28:46 --> Session: Class initialized using 'CodeIgniter\Session\Handlers\FileHandler' driver.
DEBUG - 2025-10-14 09:28:47 --> Session: Class initialized using 'CodeIgniter\Session\Handlers\FileHandler' driver.
INFO - 2025-10-14 09:28:50 --> CSRF token verified.
DEBUG - 2025-10-14 09:28:50 --> Session: Class initialized using 'CodeIgniter\Session\Handlers\FileHandler' driver.
DEBUG - 2025-10-14 09:28:50 --> Session: Class initialized using 'CodeIgniter\Session\Handlers\FileHandler' driver.
DEBUG - 2025-10-14 09:29:26 --> Session: Class initialized using 'CodeIgniter\Session\Handlers\FileHandler' driver.
CRITICAL - 2025-10-14 09:29:26 --> ErrorException: Attempt to read property "id" on array
[Method: GET, Route: tasks/edit/42]
in APPPATH\Views\Tasks\edit.php on line 17.
 1 APPPATH\Views\Tasks\edit.php(17): CodeIgniter\Debug\Exceptions->errorHandler(2, 'Attempt to read property "id" on array', 'C:\\xampp\\htdocs\\taskapp\\app\\Views\\Tasks\\edit.php', 17)
 2 SYSTEMPATH\View\View.php(226): include('C:\\xampp\\htdocs\\taskapp\\app\\Views\\Tasks\\edit.php')
 3 SYSTEMPATH\View\View.php(229): CodeIgniter\View\View->CodeIgniter\View\{closure}()
 4 SYSTEMPATH\Common.php(1167): CodeIgniter\View\View->render('Tasks/edit', [], true)
 5 APPPATH\Controllers\Tasks.php(62): view('Tasks/edit', [...])
 6 SYSTEMPATH\CodeIgniter.php(933): App\Controllers\Tasks->edit('42')
 7 SYSTEMPATH\CodeIgniter.php(507): CodeIgniter\CodeIgniter->runController(Object(App\Controllers\Tasks))
 8 SYSTEMPATH\CodeIgniter.php(354): CodeIgniter\CodeIgniter->handleRequest(null, Object(Config\Cache), false)
 9 SYSTEMPATH\Boot.php(363): CodeIgniter\CodeIgniter->run()
10 SYSTEMPATH\Boot.php(68): CodeIgniter\Boot::runCodeIgniter(Object(CodeIgniter\CodeIgniter))
11 FCPATH\index.php(59): CodeIgniter\Boot::bootWeb(Object(Config\Paths))
DEBUG - 2025-10-14 10:39:05 --> Session: Class initialized using 'CodeIgniter\Session\Handlers\FileHandler' driver.
DEBUG - 2025-10-14 10:39:08 --> Session: Class initialized using 'CodeIgniter\Session\Handlers\FileHandler' driver.
CRITICAL - 2025-10-14 10:39:08 --> ErrorException: Attempt to read property "id" on array
[Method: GET, Route: tasks/edit/42]
in APPPATH\Views\Tasks\edit.php on line 17.
 1 APPPATH\Views\Tasks\edit.php(17): CodeIgniter\Debug\Exceptions->errorHandler(2, 'Attempt to read property "id" on array', 'C:\\xampp\\htdocs\\taskapp\\app\\Views\\Tasks\\edit.php', 17)
 2 SYSTEMPATH\View\View.php(226): include('C:\\xampp\\htdocs\\taskapp\\app\\Views\\Tasks\\edit.php')
 3 SYSTEMPATH\View\View.php(229): CodeIgniter\View\View->CodeIgniter\View\{closure}()
 4 SYSTEMPATH\Common.php(1167): CodeIgniter\View\View->render('Tasks/edit', [], true)
 5 APPPATH\Controllers\Tasks.php(62): view('Tasks/edit', [...])
 6 SYSTEMPATH\CodeIgniter.php(933): App\Controllers\Tasks->edit('42')
 7 SYSTEMPATH\CodeIgniter.php(507): CodeIgniter\CodeIgniter->runController(Object(App\Controllers\Tasks))
 8 SYSTEMPATH\CodeIgniter.php(354): CodeIgniter\CodeIgniter->handleRequest(null, Object(Config\Cache), false)
 9 SYSTEMPATH\Boot.php(363): CodeIgniter\CodeIgniter->run()
10 SYSTEMPATH\Boot.php(68): CodeIgniter\Boot::runCodeIgniter(Object(CodeIgniter\CodeIgniter))
11 FCPATH\index.php(59): CodeIgniter\Boot::bootWeb(Object(Config\Paths))
DEBUG - 2025-10-14 10:40:36 --> Session: Class initialized using 'CodeIgniter\Session\Handlers\FileHandler' driver.
DEBUG - 2025-10-14 10:40:39 --> Session: Class initialized using 'CodeIgniter\Session\Handlers\FileHandler' driver.
CRITICAL - 2025-10-14 10:40:39 --> ErrorException: Attempt to read property "description" on array
[Method: GET, Route: tasks/edit/42]
in APPPATH\Views\Tasks\form.php on line 4.
 1 APPPATH\Views\Tasks\form.php(4): CodeIgniter\Debug\Exceptions->errorHandler(2, 'Attempt to read property "description" on array', 'C:\\xampp\\htdocs\\taskapp\\app\\Views\\Tasks\\form.php', 4)
 2 SYSTEMPATH\View\View.php(226): include('C:\\xampp\\htdocs\\taskapp\\app\\Views\\Tasks\\form.php')
 3 SYSTEMPATH\View\View.php(229): CodeIgniter\View\View->CodeIgniter\View\{closure}()
 4 SYSTEMPATH\View\View.php(475): CodeIgniter\View\View->render('Tasks/form', null, true)
 5 APPPATH\Views\Tasks\edit.php(19): CodeIgniter\View\View->include('Tasks/form')
 6 SYSTEMPATH\View\View.php(226): include('C:\\xampp\\htdocs\\taskapp\\app\\Views\\Tasks\\edit.php')
 7 SYSTEMPATH\View\View.php(229): CodeIgniter\View\View->CodeIgniter\View\{closure}()
 8 SYSTEMPATH\Common.php(1167): CodeIgniter\View\View->render('Tasks/edit', [], true)
 9 APPPATH\Controllers\Tasks.php(62): view('Tasks/edit', [...])
10 SYSTEMPATH\CodeIgniter.php(933): App\Controllers\Tasks->edit('42')
11 SYSTEMPATH\CodeIgniter.php(507): CodeIgniter\CodeIgniter->runController(Object(App\Controllers\Tasks))
12 SYSTEMPATH\CodeIgniter.php(354): CodeIgniter\CodeIgniter->handleRequest(null, Object(Config\Cache), false)
13 SYSTEMPATH\Boot.php(363): CodeIgniter\CodeIgniter->run()
14 SYSTEMPATH\Boot.php(68): CodeIgniter\Boot::runCodeIgniter(Object(CodeIgniter\CodeIgniter))
15 FCPATH\index.php(59): CodeIgniter\Boot::bootWeb(Object(Config\Paths))
DEBUG - 2025-10-14 10:41:43 --> Session: Class initialized using 'CodeIgniter\Session\Handlers\FileHandler' driver.
DEBUG - 2025-10-14 10:41:45 --> Session: Class initialized using 'CodeIgniter\Session\Handlers\FileHandler' driver.
INFO - 2025-10-14 10:42:13 --> CSRF token verified.
DEBUG - 2025-10-14 10:42:13 --> Session: Class initialized using 'CodeIgniter\Session\Handlers\FileHandler' driver.
CRITICAL - 2025-10-14 10:42:13 --> Error: Call to a member function fill() on array
[Method: POST, Route: tasks/update/42]
in APPPATH\Controllers\Tasks.php on line 74.
 1 SYSTEMPATH\CodeIgniter.php(933): App\Controllers\Tasks->update('42')
 2 SYSTEMPATH\CodeIgniter.php(507): CodeIgniter\CodeIgniter->runController(Object(App\Controllers\Tasks))
 3 SYSTEMPATH\CodeIgniter.php(354): CodeIgniter\CodeIgniter->handleRequest(null, Object(Config\Cache), false)
 4 SYSTEMPATH\Boot.php(363): CodeIgniter\CodeIgniter->run()
 5 SYSTEMPATH\Boot.php(68): CodeIgniter\Boot::runCodeIgniter(Object(CodeIgniter\CodeIgniter))
 6 FCPATH\index.php(59): CodeIgniter\Boot::bootWeb(Object(Config\Paths))
DEBUG - 2025-10-14 10:43:34 --> Session: Class initialized using 'CodeIgniter\Session\Handlers\FileHandler' driver.
INFO - 2025-10-14 10:43:36 --> CSRF token verified.
DEBUG - 2025-10-14 10:43:36 --> Session: Class initialized using 'CodeIgniter\Session\Handlers\FileHandler' driver.
CRITICAL - 2025-10-14 10:43:36 --> Error: Call to a member function hasChanged() on array
[Method: POST, Route: tasks/update/42]
in APPPATH\Controllers\Tasks.php on line 76.
 1 SYSTEMPATH\CodeIgniter.php(933): App\Controllers\Tasks->update('42')
 2 SYSTEMPATH\CodeIgniter.php(507): CodeIgniter\CodeIgniter->runController(Object(App\Controllers\Tasks))
 3 SYSTEMPATH\CodeIgniter.php(354): CodeIgniter\CodeIgniter->handleRequest(null, Object(Config\Cache), false)
 4 SYSTEMPATH\Boot.php(363): CodeIgniter\CodeIgniter->run()
 5 SYSTEMPATH\Boot.php(68): CodeIgniter\Boot::runCodeIgniter(Object(CodeIgniter\CodeIgniter))
 6 FCPATH\index.php(59): CodeIgniter\Boot::bootWeb(Object(Config\Paths))
DEBUG - 2025-10-14 11:03:23 --> Session: Class initialized using 'CodeIgniter\Session\Handlers\FileHandler' driver.
INFO - 2025-10-14 11:03:25 --> CSRF token verified.
DEBUG - 2025-10-14 11:03:25 --> Session: Class initialized using 'CodeIgniter\Session\Handlers\FileHandler' driver.
CRITICAL - 2025-10-14 11:03:25 --> Error: Call to a member function fill() on array
[Method: POST, Route: tasks/update/42]
in APPPATH\Controllers\Tasks.php on line 82.
 1 SYSTEMPATH\CodeIgniter.php(933): App\Controllers\Tasks->update('42')
 2 SYSTEMPATH\CodeIgniter.php(507): CodeIgniter\CodeIgniter->runController(Object(App\Controllers\Tasks))
 3 SYSTEMPATH\CodeIgniter.php(354): CodeIgniter\CodeIgniter->handleRequest(null, Object(Config\Cache), false)
 4 SYSTEMPATH\Boot.php(363): CodeIgniter\CodeIgniter->run()
 5 SYSTEMPATH\Boot.php(68): CodeIgniter\Boot::runCodeIgniter(Object(CodeIgniter\CodeIgniter))
 6 FCPATH\index.php(59): CodeIgniter\Boot::bootWeb(Object(Config\Paths))
DEBUG - 2025-10-14 11:11:59 --> Session: Class initialized using 'CodeIgniter\Session\Handlers\FileHandler' driver.
INFO - 2025-10-14 11:12:00 --> CSRF token verified.
DEBUG - 2025-10-14 11:12:00 --> Session: Class initialized using 'CodeIgniter\Session\Handlers\FileHandler' driver.
DEBUG - 2025-10-14 11:12:01 --> Session: Class initialized using 'CodeIgniter\Session\Handlers\FileHandler' driver.
CRITICAL - 2025-10-14 11:12:01 --> ErrorException: Attempt to read property "id" on array
[Method: GET, Route: tasks/show/42]
in APPPATH\Views\Tasks\show.php on line 14.
 1 APPPATH\Views\Tasks\show.php(14): CodeIgniter\Debug\Exceptions->errorHandler(2, 'Attempt to read property "id" on array', 'C:\\xampp\\htdocs\\taskapp\\app\\Views\\Tasks\\show.php', 14)
 2 SYSTEMPATH\View\View.php(226): include('C:\\xampp\\htdocs\\taskapp\\app\\Views\\Tasks\\show.php')
 3 SYSTEMPATH\View\View.php(229): CodeIgniter\View\View->CodeIgniter\View\{closure}()
 4 SYSTEMPATH\Common.php(1167): CodeIgniter\View\View->render('Tasks/show', [], true)
 5 APPPATH\Controllers\Tasks.php(30): view('Tasks/show', [...])
 6 SYSTEMPATH\CodeIgniter.php(933): App\Controllers\Tasks->show('42')
 7 SYSTEMPATH\CodeIgniter.php(507): CodeIgniter\CodeIgniter->runController(Object(App\Controllers\Tasks))
 8 SYSTEMPATH\CodeIgniter.php(354): CodeIgniter\CodeIgniter->handleRequest(null, Object(Config\Cache), false)
 9 SYSTEMPATH\Boot.php(363): CodeIgniter\CodeIgniter->run()
10 SYSTEMPATH\Boot.php(68): CodeIgniter\Boot::runCodeIgniter(Object(CodeIgniter\CodeIgniter))
11 FCPATH\index.php(59): CodeIgniter\Boot::bootWeb(Object(Config\Paths))
DEBUG - 2025-10-14 11:13:25 --> Session: Class initialized using 'CodeIgniter\Session\Handlers\FileHandler' driver.
INFO - 2025-10-14 11:13:27 --> CSRF token verified.
DEBUG - 2025-10-14 11:13:27 --> Session: Class initialized using 'CodeIgniter\Session\Handlers\FileHandler' driver.
DEBUG - 2025-10-14 11:13:27 --> Session: Class initialized using 'CodeIgniter\Session\Handlers\FileHandler' driver.
CRITICAL - 2025-10-14 11:13:27 --> ErrorException: Attempt to read property "id" on array
[Method: GET, Route: tasks/show/42]
in APPPATH\Views\Tasks\show.php on line 14.
 1 APPPATH\Views\Tasks\show.php(14): CodeIgniter\Debug\Exceptions->errorHandler(2, 'Attempt to read property "id" on array', 'C:\\xampp\\htdocs\\taskapp\\app\\Views\\Tasks\\show.php', 14)
 2 SYSTEMPATH\View\View.php(226): include('C:\\xampp\\htdocs\\taskapp\\app\\Views\\Tasks\\show.php')
 3 SYSTEMPATH\View\View.php(229): CodeIgniter\View\View->CodeIgniter\View\{closure}()
 4 SYSTEMPATH\Common.php(1167): CodeIgniter\View\View->render('Tasks/show', [], true)
 5 APPPATH\Controllers\Tasks.php(30): view('Tasks/show', [...])
 6 SYSTEMPATH\CodeIgniter.php(933): App\Controllers\Tasks->show('42')
 7 SYSTEMPATH\CodeIgniter.php(507): CodeIgniter\CodeIgniter->runController(Object(App\Controllers\Tasks))
 8 SYSTEMPATH\CodeIgniter.php(354): CodeIgniter\CodeIgniter->handleRequest(null, Object(Config\Cache), false)
 9 SYSTEMPATH\Boot.php(363): CodeIgniter\CodeIgniter->run()
10 SYSTEMPATH\Boot.php(68): CodeIgniter\Boot::runCodeIgniter(Object(CodeIgniter\CodeIgniter))
11 FCPATH\index.php(59): CodeIgniter\Boot::bootWeb(Object(Config\Paths))
DEBUG - 2025-10-14 11:18:05 --> Session: Class initialized using 'CodeIgniter\Session\Handlers\FileHandler' driver.
INFO - 2025-10-14 11:18:19 --> CSRF token verified.
DEBUG - 2025-10-14 11:18:19 --> Session: Class initialized using 'CodeIgniter\Session\Handlers\FileHandler' driver.
CRITICAL - 2025-10-14 11:18:19 --> Error: Call to a member function fill() on array
[Method: POST, Route: tasks/update/42]
in APPPATH\Controllers\Tasks.php on line 82.
 1 SYSTEMPATH\CodeIgniter.php(933): App\Controllers\Tasks->update('42')
 2 SYSTEMPATH\CodeIgniter.php(507): CodeIgniter\CodeIgniter->runController(Object(App\Controllers\Tasks))
 3 SYSTEMPATH\CodeIgniter.php(354): CodeIgniter\CodeIgniter->handleRequest(null, Object(Config\Cache), false)
 4 SYSTEMPATH\Boot.php(363): CodeIgniter\CodeIgniter->run()
 5 SYSTEMPATH\Boot.php(68): CodeIgniter\Boot::runCodeIgniter(Object(CodeIgniter\CodeIgniter))
 6 FCPATH\index.php(59): CodeIgniter\Boot::bootWeb(Object(Config\Paths))
DEBUG - 2025-10-14 12:01:27 --> Session: Class initialized using 'CodeIgniter\Session\Handlers\FileHandler' driver.
INFO - 2025-10-14 12:01:29 --> CSRF token verified.
DEBUG - 2025-10-14 12:01:29 --> Session: Class initialized using 'CodeIgniter\Session\Handlers\FileHandler' driver.
CRITICAL - 2025-10-14 12:01:29 --> Error: Call to a member function fill() on array
[Method: POST, Route: tasks/update/42]
in APPPATH\Controllers\Tasks.php on line 81.
 1 SYSTEMPATH\CodeIgniter.php(933): App\Controllers\Tasks->update('42')
 2 SYSTEMPATH\CodeIgniter.php(507): CodeIgniter\CodeIgniter->runController(Object(App\Controllers\Tasks))
 3 SYSTEMPATH\CodeIgniter.php(354): CodeIgniter\CodeIgniter->handleRequest(null, Object(Config\Cache), false)
 4 SYSTEMPATH\Boot.php(363): CodeIgniter\CodeIgniter->run()
 5 SYSTEMPATH\Boot.php(68): CodeIgniter\Boot::runCodeIgniter(Object(CodeIgniter\CodeIgniter))
 6 FCPATH\index.php(59): CodeIgniter\Boot::bootWeb(Object(Config\Paths))
DEBUG - 2025-10-14 12:04:35 --> Session: Class initialized using 'CodeIgniter\Session\Handlers\FileHandler' driver.
CRITICAL - 2025-10-14 12:04:35 --> Error: Cannot use object of type App\Entities\Task as array
[Method: GET, Route: tasks/edit/42]
in APPPATH\Views\Tasks\edit.php on line 17.
 1 SYSTEMPATH\View\View.php(226): include()
 2 SYSTEMPATH\View\View.php(229): CodeIgniter\View\View->CodeIgniter\View\{closure}()
 3 SYSTEMPATH\Common.php(1167): CodeIgniter\View\View->render('Tasks/edit', [], true)
 4 APPPATH\Controllers\Tasks.php(69): view('Tasks/edit', [...])
 5 SYSTEMPATH\CodeIgniter.php(933): App\Controllers\Tasks->edit('42')
 6 SYSTEMPATH\CodeIgniter.php(507): CodeIgniter\CodeIgniter->runController(Object(App\Controllers\Tasks))
 7 SYSTEMPATH\CodeIgniter.php(354): CodeIgniter\CodeIgniter->handleRequest(null, Object(Config\Cache), false)
 8 SYSTEMPATH\Boot.php(363): CodeIgniter\CodeIgniter->run()
 9 SYSTEMPATH\Boot.php(68): CodeIgniter\Boot::runCodeIgniter(Object(CodeIgniter\CodeIgniter))
10 FCPATH\index.php(59): CodeIgniter\Boot::bootWeb(Object(Config\Paths))
DEBUG - 2025-10-14 12:04:36 --> Session: Class initialized using 'CodeIgniter\Session\Handlers\FileHandler' driver.
DEBUG - 2025-10-14 12:04:38 --> Session: Class initialized using 'CodeIgniter\Session\Handlers\FileHandler' driver.
CRITICAL - 2025-10-14 12:04:38 --> Error: Cannot use object of type App\Entities\Task as array
[Method: GET, Route: tasks/edit/42]
in APPPATH\Views\Tasks\edit.php on line 17.
 1 SYSTEMPATH\View\View.php(226): include()
 2 SYSTEMPATH\View\View.php(229): CodeIgniter\View\View->CodeIgniter\View\{closure}()
 3 SYSTEMPATH\Common.php(1167): CodeIgniter\View\View->render('Tasks/edit', [], true)
 4 APPPATH\Controllers\Tasks.php(69): view('Tasks/edit', [...])
 5 SYSTEMPATH\CodeIgniter.php(933): App\Controllers\Tasks->edit('42')
 6 SYSTEMPATH\CodeIgniter.php(507): CodeIgniter\CodeIgniter->runController(Object(App\Controllers\Tasks))
 7 SYSTEMPATH\CodeIgniter.php(354): CodeIgniter\CodeIgniter->handleRequest(null, Object(Config\Cache), false)
 8 SYSTEMPATH\Boot.php(363): CodeIgniter\CodeIgniter->run()
 9 SYSTEMPATH\Boot.php(68): CodeIgniter\Boot::runCodeIgniter(Object(CodeIgniter\CodeIgniter))
10 FCPATH\index.php(59): CodeIgniter\Boot::bootWeb(Object(Config\Paths))
DEBUG - 2025-10-14 12:06:19 --> Session: Class initialized using 'CodeIgniter\Session\Handlers\FileHandler' driver.
CRITICAL - 2025-10-14 12:06:19 --> Error: Cannot use object of type App\Entities\Task as array
[Method: GET, Route: tasks/edit/42]
in APPPATH\Views\Tasks\form.php on line 4.
 1 SYSTEMPATH\View\View.php(226): include()
 2 SYSTEMPATH\View\View.php(229): CodeIgniter\View\View->CodeIgniter\View\{closure}()
 3 SYSTEMPATH\View\View.php(475): CodeIgniter\View\View->render('Tasks/form', null, true)
 4 APPPATH\Views\Tasks\edit.php(20): CodeIgniter\View\View->include('Tasks/form')
 5 SYSTEMPATH\View\View.php(226): include('C:\\xampp\\htdocs\\taskapp\\app\\Views\\Tasks\\edit.php')
 6 SYSTEMPATH\View\View.php(229): CodeIgniter\View\View->CodeIgniter\View\{closure}()
 7 SYSTEMPATH\Common.php(1167): CodeIgniter\View\View->render('Tasks/edit', [], true)
 8 APPPATH\Controllers\Tasks.php(69): view('Tasks/edit', [...])
 9 SYSTEMPATH\CodeIgniter.php(933): App\Controllers\Tasks->edit('42')
10 SYSTEMPATH\CodeIgniter.php(507): CodeIgniter\CodeIgniter->runController(Object(App\Controllers\Tasks))
11 SYSTEMPATH\CodeIgniter.php(354): CodeIgniter\CodeIgniter->handleRequest(null, Object(Config\Cache), false)
12 SYSTEMPATH\Boot.php(363): CodeIgniter\CodeIgniter->run()
13 SYSTEMPATH\Boot.php(68): CodeIgniter\Boot::runCodeIgniter(Object(CodeIgniter\CodeIgniter))
14 FCPATH\index.php(59): CodeIgniter\Boot::bootWeb(Object(Config\Paths))
DEBUG - 2025-10-14 12:08:25 --> Session: Class initialized using 'CodeIgniter\Session\Handlers\FileHandler' driver.
DEBUG - 2025-10-14 12:09:18 --> Session: Class initialized using 'CodeIgniter\Session\Handlers\FileHandler' driver.
DEBUG - 2025-10-14 12:09:50 --> Session: Class initialized using 'CodeIgniter\Session\Handlers\FileHandler' driver.
DEBUG - 2025-10-14 12:09:52 --> Session: Class initialized using 'CodeIgniter\Session\Handlers\FileHandler' driver.
DEBUG - 2025-10-14 12:15:05 --> Session: Class initialized using 'CodeIgniter\Session\Handlers\FileHandler' driver.
DEBUG - 2025-10-14 12:15:08 --> Session: Class initialized using 'CodeIgniter\Session\Handlers\FileHandler' driver.
DEBUG - 2025-10-14 12:15:33 --> Session: Class initialized using 'CodeIgniter\Session\Handlers\FileHandler' driver.
DEBUG - 2025-10-14 12:16:13 --> Session: Class initialized using 'CodeIgniter\Session\Handlers\FileHandler' driver.
DEBUG - 2025-10-14 12:16:38 --> Session: Class initialized using 'CodeIgniter\Session\Handlers\FileHandler' driver.
INFO - 2025-10-14 12:16:52 --> CSRF token verified.
DEBUG - 2025-10-14 12:16:52 --> Session: Class initialized using 'CodeIgniter\Session\Handlers\FileHandler' driver.
ERROR - 2025-10-14 12:16:52 --> mysqli_sql_exception: Unknown column 'title' in 'field list' in C:\xampp\htdocs\taskapp\system\Database\MySQLi\Connection.php:327
Stack trace:
#0 C:\xampp\htdocs\taskapp\system\Database\MySQLi\Connection.php(327): mysqli->query('INSERT INTO `ta...', 0)
#1 C:\xampp\htdocs\taskapp\system\Database\BaseConnection.php(729): CodeIgniter\Database\MySQLi\Connection->execute('INSERT INTO `ta...')
#2 C:\xampp\htdocs\taskapp\system\Database\BaseConnection.php(646): CodeIgniter\Database\BaseConnection->simpleQuery('INSERT INTO `ta...')
#3 C:\xampp\htdocs\taskapp\system\Database\BaseBuilder.php(2345): CodeIgniter\Database\BaseConnection->query('INSERT INTO `ta...', Array, false)
#4 C:\xampp\htdocs\taskapp\system\Model.php(394): CodeIgniter\Database\BaseBuilder->insert()
#5 C:\xampp\htdocs\taskapp\system\BaseModel.php(838): CodeIgniter\Model->doInsert(Array)
#6 C:\xampp\htdocs\taskapp\system\Model.php(797): CodeIgniter\BaseModel->insert(Array, true)
#7 C:\xampp\htdocs\taskapp\app\Controllers\Tasks.php(50): CodeIgniter\Model->insert(Object(App\Entities\Task))
#8 C:\xampp\htdocs\taskapp\system\CodeIgniter.php(933): App\Controllers\Tasks->create()
#9 C:\xampp\htdocs\taskapp\system\CodeIgniter.php(507): CodeIgniter\CodeIgniter->runController(Object(App\Controllers\Tasks))
#10 C:\xampp\htdocs\taskapp\system\CodeIgniter.php(354): CodeIgniter\CodeIgniter->handleRequest(NULL, Object(Config\Cache), false)
#11 C:\xampp\htdocs\taskapp\system\Boot.php(363): CodeIgniter\CodeIgniter->run()
#12 C:\xampp\htdocs\taskapp\system\Boot.php(68): CodeIgniter\Boot::runCodeIgniter(Object(CodeIgniter\CodeIgniter))
#13 C:\xampp\htdocs\taskapp\public\index.php(59): CodeIgniter\Boot::bootWeb(Object(Config\Paths))
#14 {main}
CRITICAL - 2025-10-14 12:16:52 --> CodeIgniter\Database\Exceptions\DatabaseException: Unknown column 'title' in 'field list'
[Method: POST, Route: tasks/create]
in SYSTEMPATH\Database\BaseConnection.php on line 684.
 1 SYSTEMPATH\Database\BaseBuilder.php(2345): CodeIgniter\Database\BaseConnection->query('INSERT INTO `task` (`title`, `user_id`) VALUES (:title:, :user_id:)', [...], false)
 2 SYSTEMPATH\Model.php(394): CodeIgniter\Database\BaseBuilder->insert()
 3 SYSTEMPATH\BaseModel.php(838): CodeIgniter\Model->doInsert([...])
 4 SYSTEMPATH\Model.php(797): CodeIgniter\BaseModel->insert([...], true)
 5 APPPATH\Controllers\Tasks.php(50): CodeIgniter\Model->insert(Object(App\Entities\Task))
 6 SYSTEMPATH\CodeIgniter.php(933): App\Controllers\Tasks->create()
 7 SYSTEMPATH\CodeIgniter.php(507): CodeIgniter\CodeIgniter->runController(Object(App\Controllers\Tasks))
 8 SYSTEMPATH\CodeIgniter.php(354): CodeIgniter\CodeIgniter->handleRequest(null, Object(Config\Cache), false)
 9 SYSTEMPATH\Boot.php(363): CodeIgniter\CodeIgniter->run()
10 SYSTEMPATH\Boot.php(68): CodeIgniter\Boot::runCodeIgniter(Object(CodeIgniter\CodeIgniter))
11 FCPATH\index.php(59): CodeIgniter\Boot::bootWeb(Object(Config\Paths))
CRITICAL - 2025-10-14 12:16:52 --> [Caused by] CodeIgniter\Database\Exceptions\DatabaseException: Unknown column 'title' in 'field list'
in SYSTEMPATH\Database\MySQLi\Connection.php on line 332.
 1 SYSTEMPATH\Database\BaseConnection.php(729): CodeIgniter\Database\MySQLi\Connection->execute('INSERT INTO `task` (`title`, `user_id`) VALUES (\'Urgent task\', \'22\')')
 2 SYSTEMPATH\Database\BaseConnection.php(646): CodeIgniter\Database\BaseConnection->simpleQuery('INSERT INTO `task` (`title`, `user_id`) VALUES (\'Urgent task\', \'22\')')
 3 SYSTEMPATH\Database\BaseBuilder.php(2345): CodeIgniter\Database\BaseConnection->query('INSERT INTO `task` (`title`, `user_id`) VALUES (:title:, :user_id:)', [...], false)
 4 SYSTEMPATH\Model.php(394): CodeIgniter\Database\BaseBuilder->insert()
 5 SYSTEMPATH\BaseModel.php(838): CodeIgniter\Model->doInsert([...])
 6 SYSTEMPATH\Model.php(797): CodeIgniter\BaseModel->insert([...], true)
 7 APPPATH\Controllers\Tasks.php(50): CodeIgniter\Model->insert(Object(App\Entities\Task))
 8 SYSTEMPATH\CodeIgniter.php(933): App\Controllers\Tasks->create()
 9 SYSTEMPATH\CodeIgniter.php(507): CodeIgniter\CodeIgniter->runController(Object(App\Controllers\Tasks))
10 SYSTEMPATH\CodeIgniter.php(354): CodeIgniter\CodeIgniter->handleRequest(null, Object(Config\Cache), false)
11 SYSTEMPATH\Boot.php(363): CodeIgniter\CodeIgniter->run()
12 SYSTEMPATH\Boot.php(68): CodeIgniter\Boot::runCodeIgniter(Object(CodeIgniter\CodeIgniter))
13 FCPATH\index.php(59): CodeIgniter\Boot::bootWeb(Object(Config\Paths))
CRITICAL - 2025-10-14 12:16:52 --> [Caused by] mysqli_sql_exception: Unknown column 'title' in 'field list'
in SYSTEMPATH\Database\MySQLi\Connection.php on line 327.
 1 SYSTEMPATH\Database\MySQLi\Connection.php(327): mysqli->query('INSERT INTO `task` (`title`, `user_id`) VALUES (\'Urgent task\', \'22\')', 0)
 2 SYSTEMPATH\Database\BaseConnection.php(729): CodeIgniter\Database\MySQLi\Connection->execute('INSERT INTO `task` (`title`, `user_id`) VALUES (\'Urgent task\', \'22\')')
 3 SYSTEMPATH\Database\BaseConnection.php(646): CodeIgniter\Database\BaseConnection->simpleQuery('INSERT INTO `task` (`title`, `user_id`) VALUES (\'Urgent task\', \'22\')')
 4 SYSTEMPATH\Database\BaseBuilder.php(2345): CodeIgniter\Database\BaseConnection->query('INSERT INTO `task` (`title`, `user_id`) VALUES (:title:, :user_id:)', [...], false)
 5 SYSTEMPATH\Model.php(394): CodeIgniter\Database\BaseBuilder->insert()
 6 SYSTEMPATH\BaseModel.php(838): CodeIgniter\Model->doInsert([...])
 7 SYSTEMPATH\Model.php(797): CodeIgniter\BaseModel->insert([...], true)
 8 APPPATH\Controllers\Tasks.php(50): CodeIgniter\Model->insert(Object(App\Entities\Task))
 9 SYSTEMPATH\CodeIgniter.php(933): App\Controllers\Tasks->create()
10 SYSTEMPATH\CodeIgniter.php(507): CodeIgniter\CodeIgniter->runController(Object(App\Controllers\Tasks))
11 SYSTEMPATH\CodeIgniter.php(354): CodeIgniter\CodeIgniter->handleRequest(null, Object(Config\Cache), false)
12 SYSTEMPATH\Boot.php(363): CodeIgniter\CodeIgniter->run()
13 SYSTEMPATH\Boot.php(68): CodeIgniter\Boot::runCodeIgniter(Object(CodeIgniter\CodeIgniter))
14 FCPATH\index.php(59): CodeIgniter\Boot::bootWeb(Object(Config\Paths))
INFO - 2025-10-14 12:18:21 --> CSRF token verified.
DEBUG - 2025-10-14 12:18:21 --> Session: Class initialized using 'CodeIgniter\Session\Handlers\FileHandler' driver.
ERROR - 2025-10-14 12:18:21 --> mysqli_sql_exception: Unknown column 'title' in 'field list' in C:\xampp\htdocs\taskapp\system\Database\MySQLi\Connection.php:327
Stack trace:
#0 C:\xampp\htdocs\taskapp\system\Database\MySQLi\Connection.php(327): mysqli->query('INSERT INTO `ta...', 0)
#1 C:\xampp\htdocs\taskapp\system\Database\BaseConnection.php(729): CodeIgniter\Database\MySQLi\Connection->execute('INSERT INTO `ta...')
#2 C:\xampp\htdocs\taskapp\system\Database\BaseConnection.php(646): CodeIgniter\Database\BaseConnection->simpleQuery('INSERT INTO `ta...')
#3 C:\xampp\htdocs\taskapp\system\Database\BaseBuilder.php(2345): CodeIgniter\Database\BaseConnection->query('INSERT INTO `ta...', Array, false)
#4 C:\xampp\htdocs\taskapp\system\Model.php(394): CodeIgniter\Database\BaseBuilder->insert()
#5 C:\xampp\htdocs\taskapp\system\BaseModel.php(838): CodeIgniter\Model->doInsert(Array)
#6 C:\xampp\htdocs\taskapp\system\Model.php(797): CodeIgniter\BaseModel->insert(Array, true)
#7 C:\xampp\htdocs\taskapp\app\Controllers\Tasks.php(50): CodeIgniter\Model->insert(Object(App\Entities\Task))
#8 C:\xampp\htdocs\taskapp\system\CodeIgniter.php(933): App\Controllers\Tasks->create()
#9 C:\xampp\htdocs\taskapp\system\CodeIgniter.php(507): CodeIgniter\CodeIgniter->runController(Object(App\Controllers\Tasks))
#10 C:\xampp\htdocs\taskapp\system\CodeIgniter.php(354): CodeIgniter\CodeIgniter->handleRequest(NULL, Object(Config\Cache), false)
#11 C:\xampp\htdocs\taskapp\system\Boot.php(363): CodeIgniter\CodeIgniter->run()
#12 C:\xampp\htdocs\taskapp\system\Boot.php(68): CodeIgniter\Boot::runCodeIgniter(Object(CodeIgniter\CodeIgniter))
#13 C:\xampp\htdocs\taskapp\public\index.php(59): CodeIgniter\Boot::bootWeb(Object(Config\Paths))
#14 {main}
CRITICAL - 2025-10-14 12:18:21 --> CodeIgniter\Database\Exceptions\DatabaseException: Unknown column 'title' in 'field list'
[Method: POST, Route: tasks/create]
in SYSTEMPATH\Database\BaseConnection.php on line 684.
 1 SYSTEMPATH\Database\BaseBuilder.php(2345): CodeIgniter\Database\BaseConnection->query('INSERT INTO `task` (`title`, `user_id`) VALUES (:title:, :user_id:)', [...], false)
 2 SYSTEMPATH\Model.php(394): CodeIgniter\Database\BaseBuilder->insert()
 3 SYSTEMPATH\BaseModel.php(838): CodeIgniter\Model->doInsert([...])
 4 SYSTEMPATH\Model.php(797): CodeIgniter\BaseModel->insert([...], true)
 5 APPPATH\Controllers\Tasks.php(50): CodeIgniter\Model->insert(Object(App\Entities\Task))
 6 SYSTEMPATH\CodeIgniter.php(933): App\Controllers\Tasks->create()
 7 SYSTEMPATH\CodeIgniter.php(507): CodeIgniter\CodeIgniter->runController(Object(App\Controllers\Tasks))
 8 SYSTEMPATH\CodeIgniter.php(354): CodeIgniter\CodeIgniter->handleRequest(null, Object(Config\Cache), false)
 9 SYSTEMPATH\Boot.php(363): CodeIgniter\CodeIgniter->run()
10 SYSTEMPATH\Boot.php(68): CodeIgniter\Boot::runCodeIgniter(Object(CodeIgniter\CodeIgniter))
11 FCPATH\index.php(59): CodeIgniter\Boot::bootWeb(Object(Config\Paths))
CRITICAL - 2025-10-14 12:18:21 --> [Caused by] CodeIgniter\Database\Exceptions\DatabaseException: Unknown column 'title' in 'field list'
in SYSTEMPATH\Database\MySQLi\Connection.php on line 332.
 1 SYSTEMPATH\Database\BaseConnection.php(729): CodeIgniter\Database\MySQLi\Connection->execute('INSERT INTO `task` (`title`, `user_id`) VALUES (\'Urgent task\', \'22\')')
 2 SYSTEMPATH\Database\BaseConnection.php(646): CodeIgniter\Database\BaseConnection->simpleQuery('INSERT INTO `task` (`title`, `user_id`) VALUES (\'Urgent task\', \'22\')')
 3 SYSTEMPATH\Database\BaseBuilder.php(2345): CodeIgniter\Database\BaseConnection->query('INSERT INTO `task` (`title`, `user_id`) VALUES (:title:, :user_id:)', [...], false)
 4 SYSTEMPATH\Model.php(394): CodeIgniter\Database\BaseBuilder->insert()
 5 SYSTEMPATH\BaseModel.php(838): CodeIgniter\Model->doInsert([...])
 6 SYSTEMPATH\Model.php(797): CodeIgniter\BaseModel->insert([...], true)
 7 APPPATH\Controllers\Tasks.php(50): CodeIgniter\Model->insert(Object(App\Entities\Task))
 8 SYSTEMPATH\CodeIgniter.php(933): App\Controllers\Tasks->create()
 9 SYSTEMPATH\CodeIgniter.php(507): CodeIgniter\CodeIgniter->runController(Object(App\Controllers\Tasks))
10 SYSTEMPATH\CodeIgniter.php(354): CodeIgniter\CodeIgniter->handleRequest(null, Object(Config\Cache), false)
11 SYSTEMPATH\Boot.php(363): CodeIgniter\CodeIgniter->run()
12 SYSTEMPATH\Boot.php(68): CodeIgniter\Boot::runCodeIgniter(Object(CodeIgniter\CodeIgniter))
13 FCPATH\index.php(59): CodeIgniter\Boot::bootWeb(Object(Config\Paths))
CRITICAL - 2025-10-14 12:18:21 --> [Caused by] mysqli_sql_exception: Unknown column 'title' in 'field list'
in SYSTEMPATH\Database\MySQLi\Connection.php on line 327.
 1 SYSTEMPATH\Database\MySQLi\Connection.php(327): mysqli->query('INSERT INTO `task` (`title`, `user_id`) VALUES (\'Urgent task\', \'22\')', 0)
 2 SYSTEMPATH\Database\BaseConnection.php(729): CodeIgniter\Database\MySQLi\Connection->execute('INSERT INTO `task` (`title`, `user_id`) VALUES (\'Urgent task\', \'22\')')
 3 SYSTEMPATH\Database\BaseConnection.php(646): CodeIgniter\Database\BaseConnection->simpleQuery('INSERT INTO `task` (`title`, `user_id`) VALUES (\'Urgent task\', \'22\')')
 4 SYSTEMPATH\Database\BaseBuilder.php(2345): CodeIgniter\Database\BaseConnection->query('INSERT INTO `task` (`title`, `user_id`) VALUES (:title:, :user_id:)', [...], false)
 5 SYSTEMPATH\Model.php(394): CodeIgniter\Database\BaseBuilder->insert()
 6 SYSTEMPATH\BaseModel.php(838): CodeIgniter\Model->doInsert([...])
 7 SYSTEMPATH\Model.php(797): CodeIgniter\BaseModel->insert([...], true)
 8 APPPATH\Controllers\Tasks.php(50): CodeIgniter\Model->insert(Object(App\Entities\Task))
 9 SYSTEMPATH\CodeIgniter.php(933): App\Controllers\Tasks->create()
10 SYSTEMPATH\CodeIgniter.php(507): CodeIgniter\CodeIgniter->runController(Object(App\Controllers\Tasks))
11 SYSTEMPATH\CodeIgniter.php(354): CodeIgniter\CodeIgniter->handleRequest(null, Object(Config\Cache), false)
12 SYSTEMPATH\Boot.php(363): CodeIgniter\CodeIgniter->run()
13 SYSTEMPATH\Boot.php(68): CodeIgniter\Boot::runCodeIgniter(Object(CodeIgniter\CodeIgniter))
14 FCPATH\index.php(59): CodeIgniter\Boot::bootWeb(Object(Config\Paths))
INFO - 2025-10-14 12:20:03 --> CSRF token verified.
DEBUG - 2025-10-14 12:20:03 --> Session: Class initialized using 'CodeIgniter\Session\Handlers\FileHandler' driver.
DEBUG - 2025-10-14 12:20:04 --> Session: Class initialized using 'CodeIgniter\Session\Handlers\FileHandler' driver.
INFO - 2025-10-14 12:20:42 --> CSRF token verified.
DEBUG - 2025-10-14 12:20:42 --> Session: Class initialized using 'CodeIgniter\Session\Handlers\FileHandler' driver.
DEBUG - 2025-10-14 12:20:42 --> Session: Class initialized using 'CodeIgniter\Session\Handlers\FileHandler' driver.
DEBUG - 2025-10-14 12:24:03 --> Session: Class initialized using 'CodeIgniter\Session\Handlers\FileHandler' driver.
DEBUG - 2025-10-14 12:47:26 --> Session: Class initialized using 'CodeIgniter\Session\Handlers\FileHandler' driver.
DEBUG - 2025-10-14 12:47:37 --> Session: Class initialized using 'CodeIgniter\Session\Handlers\FileHandler' driver.
DEBUG - 2025-10-14 12:47:38 --> Session: Class initialized using 'CodeIgniter\Session\Handlers\FileHandler' driver.
DEBUG - 2025-10-14 12:47:39 --> Session: Class initialized using 'CodeIgniter\Session\Handlers\FileHandler' driver.
DEBUG - 2025-10-14 12:51:15 --> Session: Class initialized using 'CodeIgniter\Session\Handlers\FileHandler' driver.
DEBUG - 2025-10-14 12:53:54 --> Session: Class initialized using 'CodeIgniter\Session\Handlers\FileHandler' driver.
DEBUG - 2025-10-14 12:56:21 --> Session: Class initialized using 'CodeIgniter\Session\Handlers\FileHandler' driver.
DEBUG - 2025-10-14 12:56:22 --> Session: Class initialized using 'CodeIgniter\Session\Handlers\FileHandler' driver.
DEBUG - 2025-10-14 12:59:38 --> Session: Class initialized using 'CodeIgniter\Session\Handlers\FileHandler' driver.
DEBUG - 2025-10-14 13:00:21 --> Session: Class initialized using 'CodeIgniter\Session\Handlers\FileHandler' driver.
DEBUG - 2025-10-14 13:00:23 --> Session: Class initialized using 'CodeIgniter\Session\Handlers\FileHandler' driver.
DEBUG - 2025-10-14 13:19:57 --> Session: Class initialized using 'CodeIgniter\Session\Handlers\FileHandler' driver.
DEBUG - 2025-10-14 13:20:11 --> Session: Class initialized using 'CodeIgniter\Session\Handlers\FileHandler' driver.
DEBUG - 2025-10-14 13:20:12 --> Session: Class initialized using 'CodeIgniter\Session\Handlers\FileHandler' driver.
DEBUG - 2025-10-14 13:20:12 --> Session: Class initialized using 'CodeIgniter\Session\Handlers\FileHandler' driver.
DEBUG - 2025-10-14 13:20:19 --> Session: Class initialized using 'CodeIgniter\Session\Handlers\FileHandler' driver.
DEBUG - 2025-10-14 13:20:21 --> Session: Class initialized using 'CodeIgniter\Session\Handlers\FileHandler' driver.
DEBUG - 2025-10-14 13:20:22 --> Session: Class initialized using 'CodeIgniter\Session\Handlers\FileHandler' driver.
DEBUG - 2025-10-14 13:20:23 --> Session: Class initialized using 'CodeIgniter\Session\Handlers\FileHandler' driver.
DEBUG - 2025-10-14 13:20:26 --> Session: Class initialized using 'CodeIgniter\Session\Handlers\FileHandler' driver.
DEBUG - 2025-10-14 13:20:50 --> Session: Class initialized using 'CodeIgniter\Session\Handlers\FileHandler' driver.
DEBUG - 2025-10-14 13:25:52 --> Session: Class initialized using 'CodeIgniter\Session\Handlers\FileHandler' driver.
DEBUG - 2025-10-14 13:25:53 --> Session: Class initialized using 'CodeIgniter\Session\Handlers\FileHandler' driver.
DEBUG - 2025-10-14 13:25:54 --> Session: Class initialized using 'CodeIgniter\Session\Handlers\FileHandler' driver.
DEBUG - 2025-10-14 13:25:54 --> Session: Class initialized using 'CodeIgniter\Session\Handlers\FileHandler' driver.
DEBUG - 2025-10-14 13:25:55 --> Session: Class initialized using 'CodeIgniter\Session\Handlers\FileHandler' driver.
DEBUG - 2025-10-14 13:25:55 --> Session: Class initialized using 'CodeIgniter\Session\Handlers\FileHandler' driver.
DEBUG - 2025-10-14 13:25:55 --> Session: Class initialized using 'CodeIgniter\Session\Handlers\FileHandler' driver.
DEBUG - 2025-10-14 13:25:58 --> Session: Class initialized using 'CodeIgniter\Session\Handlers\FileHandler' driver.
DEBUG - 2025-10-14 13:26:17 --> Session: Class initialized using 'CodeIgniter\Session\Handlers\FileHandler' driver.
DEBUG - 2025-10-14 13:26:19 --> Session: Class initialized using 'CodeIgniter\Session\Handlers\FileHandler' driver.
DEBUG - 2025-10-14 13:27:23 --> Session: Class initialized using 'CodeIgniter\Session\Handlers\FileHandler' driver.
DEBUG - 2025-10-14 13:27:32 --> Session: Class initialized using 'CodeIgniter\Session\Handlers\FileHandler' driver.
DEBUG - 2025-10-14 13:27:36 --> Session: Class initialized using 'CodeIgniter\Session\Handlers\FileHandler' driver.
DEBUG - 2025-10-14 13:27:44 --> Session: Class initialized using 'CodeIgniter\Session\Handlers\FileHandler' driver.
DEBUG - 2025-10-14 13:27:47 --> Session: Class initialized using 'CodeIgniter\Session\Handlers\FileHandler' driver.
DEBUG - 2025-10-14 13:27:59 --> Session: Class initialized using 'CodeIgniter\Session\Handlers\FileHandler' driver.
DEBUG - 2025-10-14 13:28:01 --> Session: Class initialized using 'CodeIgniter\Session\Handlers\FileHandler' driver.
DEBUG - 2025-10-14 13:28:05 --> Session: Class initialized using 'CodeIgniter\Session\Handlers\FileHandler' driver.
CRITICAL - 2025-10-14 13:35:02 --> CodeIgniter\View\Exceptions\ViewException: Invalid file: "Admin/Users/index.php"
[Method: GET, Route: admin/users]
in SYSTEMPATH\Exceptions\FrameworkException.php on line 39.
 1 SYSTEMPATH\View\View.php(214): CodeIgniter\Exceptions\FrameworkException::forInvalidFile('Admin/Users/index.php')
 2 SYSTEMPATH\Common.php(1167): CodeIgniter\View\View->render('Admin/Users/index', [], true)
 3 APPPATH\Controllers\Admin\Users.php(9): view('Admin/Users/index')
 4 SYSTEMPATH\CodeIgniter.php(933): App\Controllers\Admin\Users->index()
 5 SYSTEMPATH\CodeIgniter.php(507): CodeIgniter\CodeIgniter->runController(Object(App\Controllers\Admin\Users))
 6 SYSTEMPATH\CodeIgniter.php(354): CodeIgniter\CodeIgniter->handleRequest(null, Object(Config\Cache), false)
 7 SYSTEMPATH\Boot.php(363): CodeIgniter\CodeIgniter->run()
 8 SYSTEMPATH\Boot.php(68): CodeIgniter\Boot::runCodeIgniter(Object(CodeIgniter\CodeIgniter))
 9 FCPATH\index.php(59): CodeIgniter\Boot::bootWeb(Object(Config\Paths))
CRITICAL - 2025-10-14 13:37:11 --> CodeIgniter\View\Exceptions\ViewException: Invalid file: "Admin/Users/index.php"
[Method: GET, Route: admin/users]
in SYSTEMPATH\Exceptions\FrameworkException.php on line 39.
 1 SYSTEMPATH\View\View.php(214): CodeIgniter\Exceptions\FrameworkException::forInvalidFile('Admin/Users/index.php')
 2 SYSTEMPATH\Common.php(1167): CodeIgniter\View\View->render('Admin/Users/index', [], true)
 3 APPPATH\Controllers\Admin\Users.php(9): view('Admin/Users/index')
 4 SYSTEMPATH\CodeIgniter.php(933): App\Controllers\Admin\Users->index()
 5 SYSTEMPATH\CodeIgniter.php(507): CodeIgniter\CodeIgniter->runController(Object(App\Controllers\Admin\Users))
 6 SYSTEMPATH\CodeIgniter.php(354): CodeIgniter\CodeIgniter->handleRequest(null, Object(Config\Cache), false)
 7 SYSTEMPATH\Boot.php(363): CodeIgniter\CodeIgniter->run()
 8 SYSTEMPATH\Boot.php(68): CodeIgniter\Boot::runCodeIgniter(Object(CodeIgniter\CodeIgniter))
 9 FCPATH\index.php(59): CodeIgniter\Boot::bootWeb(Object(Config\Paths))
CRITICAL - 2025-10-14 13:37:12 --> CodeIgniter\View\Exceptions\ViewException: Invalid file: "Admin/Users/index.php"
[Method: GET, Route: admin/users]
in SYSTEMPATH\Exceptions\FrameworkException.php on line 39.
 1 SYSTEMPATH\View\View.php(214): CodeIgniter\Exceptions\FrameworkException::forInvalidFile('Admin/Users/index.php')
 2 SYSTEMPATH\Common.php(1167): CodeIgniter\View\View->render('Admin/Users/index', [], true)
 3 APPPATH\Controllers\Admin\Users.php(9): view('Admin/Users/index')
 4 SYSTEMPATH\CodeIgniter.php(933): App\Controllers\Admin\Users->index()
 5 SYSTEMPATH\CodeIgniter.php(507): CodeIgniter\CodeIgniter->runController(Object(App\Controllers\Admin\Users))
 6 SYSTEMPATH\CodeIgniter.php(354): CodeIgniter\CodeIgniter->handleRequest(null, Object(Config\Cache), false)
 7 SYSTEMPATH\Boot.php(363): CodeIgniter\CodeIgniter->run()
 8 SYSTEMPATH\Boot.php(68): CodeIgniter\Boot::runCodeIgniter(Object(CodeIgniter\CodeIgniter))
 9 FCPATH\index.php(59): CodeIgniter\Boot::bootWeb(Object(Config\Paths))
CRITICAL - 2025-10-14 13:37:12 --> CodeIgniter\View\Exceptions\ViewException: Invalid file: "Admin/Users/index.php"
[Method: GET, Route: admin/users]
in SYSTEMPATH\Exceptions\FrameworkException.php on line 39.
 1 SYSTEMPATH\View\View.php(214): CodeIgniter\Exceptions\FrameworkException::forInvalidFile('Admin/Users/index.php')
 2 SYSTEMPATH\Common.php(1167): CodeIgniter\View\View->render('Admin/Users/index', [], true)
 3 APPPATH\Controllers\Admin\Users.php(9): view('Admin/Users/index')
 4 SYSTEMPATH\CodeIgniter.php(933): App\Controllers\Admin\Users->index()
 5 SYSTEMPATH\CodeIgniter.php(507): CodeIgniter\CodeIgniter->runController(Object(App\Controllers\Admin\Users))
 6 SYSTEMPATH\CodeIgniter.php(354): CodeIgniter\CodeIgniter->handleRequest(null, Object(Config\Cache), false)
 7 SYSTEMPATH\Boot.php(363): CodeIgniter\CodeIgniter->run()
 8 SYSTEMPATH\Boot.php(68): CodeIgniter\Boot::runCodeIgniter(Object(CodeIgniter\CodeIgniter))
 9 FCPATH\index.php(59): CodeIgniter\Boot::bootWeb(Object(Config\Paths))
CRITICAL - 2025-10-14 13:37:12 --> CodeIgniter\View\Exceptions\ViewException: Invalid file: "Admin/Users/index.php"
[Method: GET, Route: admin/users]
in SYSTEMPATH\Exceptions\FrameworkException.php on line 39.
 1 SYSTEMPATH\View\View.php(214): CodeIgniter\Exceptions\FrameworkException::forInvalidFile('Admin/Users/index.php')
 2 SYSTEMPATH\Common.php(1167): CodeIgniter\View\View->render('Admin/Users/index', [], true)
 3 APPPATH\Controllers\Admin\Users.php(9): view('Admin/Users/index')
 4 SYSTEMPATH\CodeIgniter.php(933): App\Controllers\Admin\Users->index()
 5 SYSTEMPATH\CodeIgniter.php(507): CodeIgniter\CodeIgniter->runController(Object(App\Controllers\Admin\Users))
 6 SYSTEMPATH\CodeIgniter.php(354): CodeIgniter\CodeIgniter->handleRequest(null, Object(Config\Cache), false)
 7 SYSTEMPATH\Boot.php(363): CodeIgniter\CodeIgniter->run()
 8 SYSTEMPATH\Boot.php(68): CodeIgniter\Boot::runCodeIgniter(Object(CodeIgniter\CodeIgniter))
 9 FCPATH\index.php(59): CodeIgniter\Boot::bootWeb(Object(Config\Paths))
CRITICAL - 2025-10-14 13:37:12 --> CodeIgniter\View\Exceptions\ViewException: Invalid file: "Admin/Users/index.php"
[Method: GET, Route: admin/users]
in SYSTEMPATH\Exceptions\FrameworkException.php on line 39.
 1 SYSTEMPATH\View\View.php(214): CodeIgniter\Exceptions\FrameworkException::forInvalidFile('Admin/Users/index.php')
 2 SYSTEMPATH\Common.php(1167): CodeIgniter\View\View->render('Admin/Users/index', [], true)
 3 APPPATH\Controllers\Admin\Users.php(9): view('Admin/Users/index')
 4 SYSTEMPATH\CodeIgniter.php(933): App\Controllers\Admin\Users->index()
 5 SYSTEMPATH\CodeIgniter.php(507): CodeIgniter\CodeIgniter->runController(Object(App\Controllers\Admin\Users))
 6 SYSTEMPATH\CodeIgniter.php(354): CodeIgniter\CodeIgniter->handleRequest(null, Object(Config\Cache), false)
 7 SYSTEMPATH\Boot.php(363): CodeIgniter\CodeIgniter->run()
 8 SYSTEMPATH\Boot.php(68): CodeIgniter\Boot::runCodeIgniter(Object(CodeIgniter\CodeIgniter))
 9 FCPATH\index.php(59): CodeIgniter\Boot::bootWeb(Object(Config\Paths))
DEBUG - 2025-10-14 13:40:34 --> Session: Class initialized using 'CodeIgniter\Session\Handlers\FileHandler' driver.
DEBUG - 2025-10-14 13:40:51 --> Session: Class initialized using 'CodeIgniter\Session\Handlers\FileHandler' driver.
DEBUG - 2025-10-14 13:45:03 --> Session: Class initialized using 'CodeIgniter\Session\Handlers\FileHandler' driver.
CRITICAL - 2025-10-14 13:45:03 --> TypeError: mysqli_result::fetch_object(): Argument #1 ($class) must be a valid class name, App\Entities\User given
[Method: GET, Route: /]
in SYSTEMPATH\Database\MySQLi\Result.php on line 156.
 1 SYSTEMPATH\Database\MySQLi\Result.php(156): mysqli_result->fetch_object('App\\Entities\\User')
 2 SYSTEMPATH\Database\BaseResult.php(157): CodeIgniter\Database\MySQLi\Result->fetchObject('App\\Entities\\User')
 3 SYSTEMPATH\Database\BaseResult.php(112): CodeIgniter\Database\BaseResult->getCustomResultObject('App\\Entities\\User')
 4 SYSTEMPATH\Database\BaseResult.php(395): CodeIgniter\Database\BaseResult->getResult('App\\Entities\\User')
 5 SYSTEMPATH\Model.php(211): CodeIgniter\Database\BaseResult->getFirstRow('App\\Entities\\User')
 6 SYSTEMPATH\BaseModel.php(611): CodeIgniter\Model->doFind(true, '22')
 7 APPPATH\Libraries\Authentication.php(51): CodeIgniter\BaseModel->find('22')
 8 APPPATH\Helpers\auth_helper.php(9): App\Libraries\Authentication->getCurrentUser()
 9 APPPATH\Views\layouts\default.php(11): current_user()
10 SYSTEMPATH\View\View.php(226): include('C:\\xampp\\htdocs\\taskapp\\app\\Views\\layouts\\default.php')
11 SYSTEMPATH\View\View.php(229): CodeIgniter\View\View->CodeIgniter\View\{closure}()
12 SYSTEMPATH\View\View.php(242): CodeIgniter\View\View->render('layouts/default', [], true)
13 SYSTEMPATH\Common.php(1167): CodeIgniter\View\View->render('Home/index', [], true)
14 APPPATH\Controllers\Home.php(7): view('Home/index')
15 SYSTEMPATH\CodeIgniter.php(933): App\Controllers\Home->index()
16 SYSTEMPATH\CodeIgniter.php(507): CodeIgniter\CodeIgniter->runController(Object(App\Controllers\Home))
17 SYSTEMPATH\CodeIgniter.php(354): CodeIgniter\CodeIgniter->handleRequest(null, Object(Config\Cache), false)
18 SYSTEMPATH\Boot.php(363): CodeIgniter\CodeIgniter->run()
19 SYSTEMPATH\Boot.php(68): CodeIgniter\Boot::runCodeIgniter(Object(CodeIgniter\CodeIgniter))
20 FCPATH\index.php(59): CodeIgniter\Boot::bootWeb(Object(Config\Paths))
CRITICAL - 2025-10-14 17:36:35 --> TypeError: mysqli_result::fetch_object(): Argument #1 ($class) must be a valid class name, App\Entities\User given
[Method: GET, Route: admin/users]
in SYSTEMPATH\Database\MySQLi\Result.php on line 156.
 1 SYSTEMPATH\Database\MySQLi\Result.php(156): mysqli_result->fetch_object('App\\Entities\\User')
 2 SYSTEMPATH\Database\BaseResult.php(157): CodeIgniter\Database\MySQLi\Result->fetchObject('App\\Entities\\User')
 3 SYSTEMPATH\Database\BaseResult.php(112): CodeIgniter\Database\BaseResult->getCustomResultObject('App\\Entities\\User')
 4 SYSTEMPATH\Model.php(287): CodeIgniter\Database\BaseResult->getResult('App\\Entities\\User')
 5 SYSTEMPATH\BaseModel.php(677): CodeIgniter\Model->doFindAll(5, 0)
 6 SYSTEMPATH\BaseModel.php(1281): CodeIgniter\BaseModel->findAll(5, 0)
 7 APPPATH\Controllers\Admin\Users.php(17): CodeIgniter\BaseModel->paginate(5)
 8 SYSTEMPATH\CodeIgniter.php(933): App\Controllers\Admin\Users->index()
 9 SYSTEMPATH\CodeIgniter.php(507): CodeIgniter\CodeIgniter->runController(Object(App\Controllers\Admin\Users))
10 SYSTEMPATH\CodeIgniter.php(354): CodeIgniter\CodeIgniter->handleRequest(null, Object(Config\Cache), false)
11 SYSTEMPATH\Boot.php(363): CodeIgniter\CodeIgniter->run()
12 SYSTEMPATH\Boot.php(68): CodeIgniter\Boot::runCodeIgniter(Object(CodeIgniter\CodeIgniter))
13 FCPATH\index.php(59): CodeIgniter\Boot::bootWeb(Object(Config\Paths))
DEBUG - 2025-10-14 17:38:58 --> Session: Class initialized using 'CodeIgniter\Session\Handlers\FileHandler' driver.
DEBUG - 2025-10-14 17:38:59 --> Session: Class initialized using 'CodeIgniter\Session\Handlers\FileHandler' driver.
DEBUG - 2025-10-14 17:39:00 --> Session: Class initialized using 'CodeIgniter\Session\Handlers\FileHandler' driver.
DEBUG - 2025-10-14 17:39:01 --> Session: Class initialized using 'CodeIgniter\Session\Handlers\FileHandler' driver.
CRITICAL - 2025-10-14 17:39:09 --> Error: Class "CodeIgniter\Entity" not found
[Method: GET, Route: admin/users]
in APPPATH\Entities\User.php on line 5.
 1 SYSTEMPATH\Autoloader\Autoloader.php(315): include_once()
 2 SYSTEMPATH\Autoloader\Autoloader.php(295): CodeIgniter\Autoloader\Autoloader->includeFile('C:\\xampp\\htdocs\\taskapp\\app\\Entities\\User.php')
 3 SYSTEMPATH\Autoloader\Autoloader.php(271): CodeIgniter\Autoloader\Autoloader->loadInNamespace('App\\Entities\\User')
 4 [internal function]: CodeIgniter\Autoloader\Autoloader->loadClass('App\\Entities\\User')
 5 SYSTEMPATH\Database\MySQLi\Result.php(152): is_subclass_of('App\\Entities\\User', 'CodeIgniter\\Entity\\Entity')
 6 SYSTEMPATH\Database\BaseResult.php(157): CodeIgniter\Database\MySQLi\Result->fetchObject('App\\Entities\\User')
 7 SYSTEMPATH\Database\BaseResult.php(112): CodeIgniter\Database\BaseResult->getCustomResultObject('App\\Entities\\User')
 8 SYSTEMPATH\Model.php(287): CodeIgniter\Database\BaseResult->getResult('App\\Entities\\User')
 9 SYSTEMPATH\BaseModel.php(677): CodeIgniter\Model->doFindAll(5, 0)
10 SYSTEMPATH\BaseModel.php(1281): CodeIgniter\BaseModel->findAll(5, 0)
11 APPPATH\Controllers\Admin\Users.php(17): CodeIgniter\BaseModel->paginate(5)
12 SYSTEMPATH\CodeIgniter.php(933): App\Controllers\Admin\Users->index()
13 SYSTEMPATH\CodeIgniter.php(507): CodeIgniter\CodeIgniter->runController(Object(App\Controllers\Admin\Users))
14 SYSTEMPATH\CodeIgniter.php(354): CodeIgniter\CodeIgniter->handleRequest(null, Object(Config\Cache), false)
15 SYSTEMPATH\Boot.php(363): CodeIgniter\CodeIgniter->run()
16 SYSTEMPATH\Boot.php(68): CodeIgniter\Boot::runCodeIgniter(Object(CodeIgniter\CodeIgniter))
17 FCPATH\index.php(59): CodeIgniter\Boot::bootWeb(Object(Config\Paths))
DEBUG - 2025-10-14 17:39:47 --> Session: Class initialized using 'CodeIgniter\Session\Handlers\FileHandler' driver.
CRITICAL - 2025-10-14 17:50:18 --> CodeIgniter\View\Exceptions\ViewException: Invalid file: "Admin/Users/show.php"
[Method: GET, Route: admin/users/show/1]
in SYSTEMPATH\Exceptions\FrameworkException.php on line 39.
 1 SYSTEMPATH\View\View.php(214): CodeIgniter\Exceptions\FrameworkException::forInvalidFile('Admin/Users/show.php')
 2 SYSTEMPATH\Common.php(1167): CodeIgniter\View\View->render('Admin/Users/show', [], true)
 3 APPPATH\Controllers\Admin\Users.php(29): view('Admin/Users/show', [...])
 4 SYSTEMPATH\CodeIgniter.php(933): App\Controllers\Admin\Users->show('1')
 5 SYSTEMPATH\CodeIgniter.php(507): CodeIgniter\CodeIgniter->runController(Object(App\Controllers\Admin\Users))
 6 SYSTEMPATH\CodeIgniter.php(354): CodeIgniter\CodeIgniter->handleRequest(null, Object(Config\Cache), false)
 7 SYSTEMPATH\Boot.php(363): CodeIgniter\CodeIgniter->run()
 8 SYSTEMPATH\Boot.php(68): CodeIgniter\Boot::runCodeIgniter(Object(CodeIgniter\CodeIgniter))
 9 FCPATH\index.php(59): CodeIgniter\Boot::bootWeb(Object(Config\Paths))
DEBUG - 2025-10-14 17:59:13 --> Session: Class initialized using 'CodeIgniter\Session\Handlers\FileHandler' driver.
CRITICAL - 2025-10-14 17:59:19 --> CodeIgniter\View\Exceptions\ViewException: Invalid file: "Admin/Users/show.php"
[Method: GET, Route: admin/users/show/1]
in SYSTEMPATH\Exceptions\FrameworkException.php on line 39.
 1 SYSTEMPATH\View\View.php(214): CodeIgniter\Exceptions\FrameworkException::forInvalidFile('Admin/Users/show.php')
 2 SYSTEMPATH\Common.php(1167): CodeIgniter\View\View->render('Admin/Users/show', [], true)
 3 APPPATH\Controllers\Admin\Users.php(29): view('Admin/Users/show', [...])
 4 SYSTEMPATH\CodeIgniter.php(933): App\Controllers\Admin\Users->show('1')
 5 SYSTEMPATH\CodeIgniter.php(507): CodeIgniter\CodeIgniter->runController(Object(App\Controllers\Admin\Users))
 6 SYSTEMPATH\CodeIgniter.php(354): CodeIgniter\CodeIgniter->handleRequest(null, Object(Config\Cache), false)
 7 SYSTEMPATH\Boot.php(363): CodeIgniter\CodeIgniter->run()
 8 SYSTEMPATH\Boot.php(68): CodeIgniter\Boot::runCodeIgniter(Object(CodeIgniter\CodeIgniter))
 9 FCPATH\index.php(59): CodeIgniter\Boot::bootWeb(Object(Config\Paths))
DEBUG - 2025-10-14 17:59:21 --> Session: Class initialized using 'CodeIgniter\Session\Handlers\FileHandler' driver.
DEBUG - 2025-10-14 18:04:35 --> Session: Class initialized using 'CodeIgniter\Session\Handlers\FileHandler' driver.
DEBUG - 2025-10-14 18:04:50 --> Session: Class initialized using 'CodeIgniter\Session\Handlers\FileHandler' driver.
DEBUG - 2025-10-14 18:05:04 --> Session: Class initialized using 'CodeIgniter\Session\Handlers\FileHandler' driver.
DEBUG - 2025-10-14 18:06:57 --> Session: Class initialized using 'CodeIgniter\Session\Handlers\FileHandler' driver.
DEBUG - 2025-10-14 18:07:09 --> Session: Class initialized using 'CodeIgniter\Session\Handlers\FileHandler' driver.
CRITICAL - 2025-10-14 18:22:06 --> CodeIgniter\View\Exceptions\ViewException: Invalid file: "Admin/Users/new.php"
[Method: GET, Route: admin/users/new]
in SYSTEMPATH\Exceptions\FrameworkException.php on line 39.
 1 SYSTEMPATH\View\View.php(214): CodeIgniter\Exceptions\FrameworkException::forInvalidFile('Admin/Users/new.php')
 2 SYSTEMPATH\Common.php(1167): CodeIgniter\View\View->render('Admin/Users/new', [], true)
 3 APPPATH\Controllers\Admin\Users.php(40): view('Admin/Users/new', [...])
 4 SYSTEMPATH\CodeIgniter.php(933): App\Controllers\Admin\Users->new()
 5 SYSTEMPATH\CodeIgniter.php(507): CodeIgniter\CodeIgniter->runController(Object(App\Controllers\Admin\Users))
 6 SYSTEMPATH\CodeIgniter.php(354): CodeIgniter\CodeIgniter->handleRequest(null, Object(Config\Cache), false)
 7 SYSTEMPATH\Boot.php(363): CodeIgniter\CodeIgniter->run()
 8 SYSTEMPATH\Boot.php(68): CodeIgniter\Boot::runCodeIgniter(Object(CodeIgniter\CodeIgniter))
 9 FCPATH\index.php(59): CodeIgniter\Boot::bootWeb(Object(Config\Paths))
CRITICAL - 2025-10-14 18:23:49 --> CodeIgniter\View\Exceptions\ViewException: Invalid file: "Admin/Users/new.php"
[Method: GET, Route: admin/users/new]
in SYSTEMPATH\Exceptions\FrameworkException.php on line 39.
 1 SYSTEMPATH\View\View.php(214): CodeIgniter\Exceptions\FrameworkException::forInvalidFile('Admin/Users/new.php')
 2 SYSTEMPATH\Common.php(1167): CodeIgniter\View\View->render('Admin/Users/new', [], true)
 3 APPPATH\Controllers\Admin\Users.php(40): view('Admin/Users/new', [...])
 4 SYSTEMPATH\CodeIgniter.php(933): App\Controllers\Admin\Users->new()
 5 SYSTEMPATH\CodeIgniter.php(507): CodeIgniter\CodeIgniter->runController(Object(App\Controllers\Admin\Users))
 6 SYSTEMPATH\CodeIgniter.php(354): CodeIgniter\CodeIgniter->handleRequest(null, Object(Config\Cache), false)
 7 SYSTEMPATH\Boot.php(363): CodeIgniter\CodeIgniter->run()
 8 SYSTEMPATH\Boot.php(68): CodeIgniter\Boot::runCodeIgniter(Object(CodeIgniter\CodeIgniter))
 9 FCPATH\index.php(59): CodeIgniter\Boot::bootWeb(Object(Config\Paths))
DEBUG - 2025-10-14 18:23:52 --> Session: Class initialized using 'CodeIgniter\Session\Handlers\FileHandler' driver.
CRITICAL - 2025-10-14 18:23:53 --> CodeIgniter\View\Exceptions\ViewException: Invalid file: "Admin/Users/new.php"
[Method: GET, Route: admin/users/new]
in SYSTEMPATH\Exceptions\FrameworkException.php on line 39.
 1 SYSTEMPATH\View\View.php(214): CodeIgniter\Exceptions\FrameworkException::forInvalidFile('Admin/Users/new.php')
 2 SYSTEMPATH\Common.php(1167): CodeIgniter\View\View->render('Admin/Users/new', [], true)
 3 APPPATH\Controllers\Admin\Users.php(40): view('Admin/Users/new', [...])
 4 SYSTEMPATH\CodeIgniter.php(933): App\Controllers\Admin\Users->new()
 5 SYSTEMPATH\CodeIgniter.php(507): CodeIgniter\CodeIgniter->runController(Object(App\Controllers\Admin\Users))
 6 SYSTEMPATH\CodeIgniter.php(354): CodeIgniter\CodeIgniter->handleRequest(null, Object(Config\Cache), false)
 7 SYSTEMPATH\Boot.php(363): CodeIgniter\CodeIgniter->run()
 8 SYSTEMPATH\Boot.php(68): CodeIgniter\Boot::runCodeIgniter(Object(CodeIgniter\CodeIgniter))
 9 FCPATH\index.php(59): CodeIgniter\Boot::bootWeb(Object(Config\Paths))
DEBUG - 2025-10-14 18:33:09 --> Session: Class initialized using 'CodeIgniter\Session\Handlers\FileHandler' driver.
CRITICAL - 2025-10-14 18:33:24 --> CodeIgniter\View\Exceptions\ViewException: Invalid file: "Admin/Users/new.php"
[Method: GET, Route: admin/users/new]
in SYSTEMPATH\Exceptions\FrameworkException.php on line 39.
 1 SYSTEMPATH\View\View.php(214): CodeIgniter\Exceptions\FrameworkException::forInvalidFile('Admin/Users/new.php')
 2 SYSTEMPATH\Common.php(1167): CodeIgniter\View\View->render('Admin/Users/new', [], true)
 3 APPPATH\Controllers\Admin\Users.php(40): view('Admin/Users/new', [...])
 4 SYSTEMPATH\CodeIgniter.php(933): App\Controllers\Admin\Users->new()
 5 SYSTEMPATH\CodeIgniter.php(507): CodeIgniter\CodeIgniter->runController(Object(App\Controllers\Admin\Users))
 6 SYSTEMPATH\CodeIgniter.php(354): CodeIgniter\CodeIgniter->handleRequest(null, Object(Config\Cache), false)
 7 SYSTEMPATH\Boot.php(363): CodeIgniter\CodeIgniter->run()
 8 SYSTEMPATH\Boot.php(68): CodeIgniter\Boot::runCodeIgniter(Object(CodeIgniter\CodeIgniter))
 9 FCPATH\index.php(59): CodeIgniter\Boot::bootWeb(Object(Config\Paths))
DEBUG - 2025-10-14 19:15:20 --> Session: Class initialized using 'CodeIgniter\Session\Handlers\FileHandler' driver.
CRITICAL - 2025-10-14 19:15:27 --> CodeIgniter\View\Exceptions\ViewException: Invalid file: "Admin/Users/new.php"
[Method: GET, Route: admin/users/new]
in SYSTEMPATH\Exceptions\FrameworkException.php on line 39.
 1 SYSTEMPATH\View\View.php(214): CodeIgniter\Exceptions\FrameworkException::forInvalidFile('Admin/Users/new.php')
 2 SYSTEMPATH\Common.php(1167): CodeIgniter\View\View->render('Admin/Users/new', [], true)
 3 APPPATH\Controllers\Admin\Users.php(40): view('Admin/Users/new', [...])
 4 SYSTEMPATH\CodeIgniter.php(933): App\Controllers\Admin\Users->new()
 5 SYSTEMPATH\CodeIgniter.php(507): CodeIgniter\CodeIgniter->runController(Object(App\Controllers\Admin\Users))
 6 SYSTEMPATH\CodeIgniter.php(354): CodeIgniter\CodeIgniter->handleRequest(null, Object(Config\Cache), false)
 7 SYSTEMPATH\Boot.php(363): CodeIgniter\CodeIgniter->run()
 8 SYSTEMPATH\Boot.php(68): CodeIgniter\Boot::runCodeIgniter(Object(CodeIgniter\CodeIgniter))
 9 FCPATH\index.php(59): CodeIgniter\Boot::bootWeb(Object(Config\Paths))
DEBUG - 2025-10-14 19:19:47 --> Session: Class initialized using 'CodeIgniter\Session\Handlers\FileHandler' driver.
CRITICAL - 2025-10-14 19:19:48 --> CodeIgniter\View\Exceptions\ViewException: Invalid file: "Admin/Users/new.php"
[Method: GET, Route: admin/users/new]
in SYSTEMPATH\Exceptions\FrameworkException.php on line 39.
 1 SYSTEMPATH\View\View.php(214): CodeIgniter\Exceptions\FrameworkException::forInvalidFile('Admin/Users/new.php')
 2 SYSTEMPATH\Common.php(1167): CodeIgniter\View\View->render('Admin/Users/new', [], true)
 3 APPPATH\Controllers\Admin\Users.php(40): view('Admin/Users/new', [...])
 4 SYSTEMPATH\CodeIgniter.php(933): App\Controllers\Admin\Users->new()
 5 SYSTEMPATH\CodeIgniter.php(507): CodeIgniter\CodeIgniter->runController(Object(App\Controllers\Admin\Users))
 6 SYSTEMPATH\CodeIgniter.php(354): CodeIgniter\CodeIgniter->handleRequest(null, Object(Config\Cache), false)
 7 SYSTEMPATH\Boot.php(363): CodeIgniter\CodeIgniter->run()
 8 SYSTEMPATH\Boot.php(68): CodeIgniter\Boot::runCodeIgniter(Object(CodeIgniter\CodeIgniter))
 9 FCPATH\index.php(59): CodeIgniter\Boot::bootWeb(Object(Config\Paths))
CRITICAL - 2025-10-14 19:19:51 --> CodeIgniter\View\Exceptions\ViewException: Invalid file: "Admin/Users/new.php"
[Method: GET, Route: admin/users/new]
in SYSTEMPATH\Exceptions\FrameworkException.php on line 39.
 1 SYSTEMPATH\View\View.php(214): CodeIgniter\Exceptions\FrameworkException::forInvalidFile('Admin/Users/new.php')
 2 SYSTEMPATH\Common.php(1167): CodeIgniter\View\View->render('Admin/Users/new', [], true)
 3 APPPATH\Controllers\Admin\Users.php(40): view('Admin/Users/new', [...])
 4 SYSTEMPATH\CodeIgniter.php(933): App\Controllers\Admin\Users->new()
 5 SYSTEMPATH\CodeIgniter.php(507): CodeIgniter\CodeIgniter->runController(Object(App\Controllers\Admin\Users))
 6 SYSTEMPATH\CodeIgniter.php(354): CodeIgniter\CodeIgniter->handleRequest(null, Object(Config\Cache), false)
 7 SYSTEMPATH\Boot.php(363): CodeIgniter\CodeIgniter->run()
 8 SYSTEMPATH\Boot.php(68): CodeIgniter\Boot::runCodeIgniter(Object(CodeIgniter\CodeIgniter))
 9 FCPATH\index.php(59): CodeIgniter\Boot::bootWeb(Object(Config\Paths))
CRITICAL - 2025-10-14 19:19:51 --> CodeIgniter\View\Exceptions\ViewException: Invalid file: "Admin/Users/new.php"
[Method: GET, Route: admin/users/new]
in SYSTEMPATH\Exceptions\FrameworkException.php on line 39.
 1 SYSTEMPATH\View\View.php(214): CodeIgniter\Exceptions\FrameworkException::forInvalidFile('Admin/Users/new.php')
 2 SYSTEMPATH\Common.php(1167): CodeIgniter\View\View->render('Admin/Users/new', [], true)
 3 APPPATH\Controllers\Admin\Users.php(40): view('Admin/Users/new', [...])
 4 SYSTEMPATH\CodeIgniter.php(933): App\Controllers\Admin\Users->new()
 5 SYSTEMPATH\CodeIgniter.php(507): CodeIgniter\CodeIgniter->runController(Object(App\Controllers\Admin\Users))
 6 SYSTEMPATH\CodeIgniter.php(354): CodeIgniter\CodeIgniter->handleRequest(null, Object(Config\Cache), false)
 7 SYSTEMPATH\Boot.php(363): CodeIgniter\CodeIgniter->run()
 8 SYSTEMPATH\Boot.php(68): CodeIgniter\Boot::runCodeIgniter(Object(CodeIgniter\CodeIgniter))
 9 FCPATH\index.php(59): CodeIgniter\Boot::bootWeb(Object(Config\Paths))
CRITICAL - 2025-10-14 19:19:52 --> CodeIgniter\View\Exceptions\ViewException: Invalid file: "Admin/Users/new.php"
[Method: GET, Route: admin/users/new]
in SYSTEMPATH\Exceptions\FrameworkException.php on line 39.
 1 SYSTEMPATH\View\View.php(214): CodeIgniter\Exceptions\FrameworkException::forInvalidFile('Admin/Users/new.php')
 2 SYSTEMPATH\Common.php(1167): CodeIgniter\View\View->render('Admin/Users/new', [], true)
 3 APPPATH\Controllers\Admin\Users.php(40): view('Admin/Users/new', [...])
 4 SYSTEMPATH\CodeIgniter.php(933): App\Controllers\Admin\Users->new()
 5 SYSTEMPATH\CodeIgniter.php(507): CodeIgniter\CodeIgniter->runController(Object(App\Controllers\Admin\Users))
 6 SYSTEMPATH\CodeIgniter.php(354): CodeIgniter\CodeIgniter->handleRequest(null, Object(Config\Cache), false)
 7 SYSTEMPATH\Boot.php(363): CodeIgniter\CodeIgniter->run()
 8 SYSTEMPATH\Boot.php(68): CodeIgniter\Boot::runCodeIgniter(Object(CodeIgniter\CodeIgniter))
 9 FCPATH\index.php(59): CodeIgniter\Boot::bootWeb(Object(Config\Paths))
CRITICAL - 2025-10-14 19:22:28 --> CodeIgniter\View\Exceptions\ViewException: Invalid file: "Admin/Users/new.php"
[Method: GET, Route: admin/users/new]
in SYSTEMPATH\Exceptions\FrameworkException.php on line 39.
 1 SYSTEMPATH\View\View.php(214): CodeIgniter\Exceptions\FrameworkException::forInvalidFile('Admin/Users/new.php')
 2 SYSTEMPATH\Common.php(1167): CodeIgniter\View\View->render('Admin/Users/new', [], true)
 3 APPPATH\Controllers\Admin\Users.php(40): view('Admin/Users/new', [...])
 4 SYSTEMPATH\CodeIgniter.php(933): App\Controllers\Admin\Users->new()
 5 SYSTEMPATH\CodeIgniter.php(507): CodeIgniter\CodeIgniter->runController(Object(App\Controllers\Admin\Users))
 6 SYSTEMPATH\CodeIgniter.php(354): CodeIgniter\CodeIgniter->handleRequest(null, Object(Config\Cache), false)
 7 SYSTEMPATH\Boot.php(363): CodeIgniter\CodeIgniter->run()
 8 SYSTEMPATH\Boot.php(68): CodeIgniter\Boot::runCodeIgniter(Object(CodeIgniter\CodeIgniter))
 9 FCPATH\index.php(59): CodeIgniter\Boot::bootWeb(Object(Config\Paths))
CRITICAL - 2025-10-14 19:22:29 --> CodeIgniter\View\Exceptions\ViewException: Invalid file: "Admin/Users/new.php"
[Method: GET, Route: admin/users/new]
in SYSTEMPATH\Exceptions\FrameworkException.php on line 39.
 1 SYSTEMPATH\View\View.php(214): CodeIgniter\Exceptions\FrameworkException::forInvalidFile('Admin/Users/new.php')
 2 SYSTEMPATH\Common.php(1167): CodeIgniter\View\View->render('Admin/Users/new', [], true)
 3 APPPATH\Controllers\Admin\Users.php(40): view('Admin/Users/new', [...])
 4 SYSTEMPATH\CodeIgniter.php(933): App\Controllers\Admin\Users->new()
 5 SYSTEMPATH\CodeIgniter.php(507): CodeIgniter\CodeIgniter->runController(Object(App\Controllers\Admin\Users))
 6 SYSTEMPATH\CodeIgniter.php(354): CodeIgniter\CodeIgniter->handleRequest(null, Object(Config\Cache), false)
 7 SYSTEMPATH\Boot.php(363): CodeIgniter\CodeIgniter->run()
 8 SYSTEMPATH\Boot.php(68): CodeIgniter\Boot::runCodeIgniter(Object(CodeIgniter\CodeIgniter))
 9 FCPATH\index.php(59): CodeIgniter\Boot::bootWeb(Object(Config\Paths))
CRITICAL - 2025-10-14 19:22:30 --> CodeIgniter\View\Exceptions\ViewException: Invalid file: "Admin/Users/new.php"
[Method: GET, Route: admin/users/new]
in SYSTEMPATH\Exceptions\FrameworkException.php on line 39.
 1 SYSTEMPATH\View\View.php(214): CodeIgniter\Exceptions\FrameworkException::forInvalidFile('Admin/Users/new.php')
 2 SYSTEMPATH\Common.php(1167): CodeIgniter\View\View->render('Admin/Users/new', [], true)
 3 APPPATH\Controllers\Admin\Users.php(40): view('Admin/Users/new', [...])
 4 SYSTEMPATH\CodeIgniter.php(933): App\Controllers\Admin\Users->new()
 5 SYSTEMPATH\CodeIgniter.php(507): CodeIgniter\CodeIgniter->runController(Object(App\Controllers\Admin\Users))
 6 SYSTEMPATH\CodeIgniter.php(354): CodeIgniter\CodeIgniter->handleRequest(null, Object(Config\Cache), false)
 7 SYSTEMPATH\Boot.php(363): CodeIgniter\CodeIgniter->run()
 8 SYSTEMPATH\Boot.php(68): CodeIgniter\Boot::runCodeIgniter(Object(CodeIgniter\CodeIgniter))
 9 FCPATH\index.php(59): CodeIgniter\Boot::bootWeb(Object(Config\Paths))
CRITICAL - 2025-10-14 19:22:30 --> CodeIgniter\View\Exceptions\ViewException: Invalid file: "Admin/Users/new.php"
[Method: GET, Route: admin/users/new]
in SYSTEMPATH\Exceptions\FrameworkException.php on line 39.
 1 SYSTEMPATH\View\View.php(214): CodeIgniter\Exceptions\FrameworkException::forInvalidFile('Admin/Users/new.php')
 2 SYSTEMPATH\Common.php(1167): CodeIgniter\View\View->render('Admin/Users/new', [], true)
 3 APPPATH\Controllers\Admin\Users.php(40): view('Admin/Users/new', [...])
 4 SYSTEMPATH\CodeIgniter.php(933): App\Controllers\Admin\Users->new()
 5 SYSTEMPATH\CodeIgniter.php(507): CodeIgniter\CodeIgniter->runController(Object(App\Controllers\Admin\Users))
 6 SYSTEMPATH\CodeIgniter.php(354): CodeIgniter\CodeIgniter->handleRequest(null, Object(Config\Cache), false)
 7 SYSTEMPATH\Boot.php(363): CodeIgniter\CodeIgniter->run()
 8 SYSTEMPATH\Boot.php(68): CodeIgniter\Boot::runCodeIgniter(Object(CodeIgniter\CodeIgniter))
 9 FCPATH\index.php(59): CodeIgniter\Boot::bootWeb(Object(Config\Paths))
CRITICAL - 2025-10-14 19:22:30 --> CodeIgniter\View\Exceptions\ViewException: Invalid file: "Admin/Users/new.php"
[Method: GET, Route: admin/users/new]
in SYSTEMPATH\Exceptions\FrameworkException.php on line 39.
 1 SYSTEMPATH\View\View.php(214): CodeIgniter\Exceptions\FrameworkException::forInvalidFile('Admin/Users/new.php')
 2 SYSTEMPATH\Common.php(1167): CodeIgniter\View\View->render('Admin/Users/new', [], true)
 3 APPPATH\Controllers\Admin\Users.php(40): view('Admin/Users/new', [...])
 4 SYSTEMPATH\CodeIgniter.php(933): App\Controllers\Admin\Users->new()
 5 SYSTEMPATH\CodeIgniter.php(507): CodeIgniter\CodeIgniter->runController(Object(App\Controllers\Admin\Users))
 6 SYSTEMPATH\CodeIgniter.php(354): CodeIgniter\CodeIgniter->handleRequest(null, Object(Config\Cache), false)
 7 SYSTEMPATH\Boot.php(363): CodeIgniter\CodeIgniter->run()
 8 SYSTEMPATH\Boot.php(68): CodeIgniter\Boot::runCodeIgniter(Object(CodeIgniter\CodeIgniter))
 9 FCPATH\index.php(59): CodeIgniter\Boot::bootWeb(Object(Config\Paths))
CRITICAL - 2025-10-14 19:22:31 --> CodeIgniter\View\Exceptions\ViewException: Invalid file: "Admin/Users/new.php"
[Method: GET, Route: admin/users/new]
in SYSTEMPATH\Exceptions\FrameworkException.php on line 39.
 1 SYSTEMPATH\View\View.php(214): CodeIgniter\Exceptions\FrameworkException::forInvalidFile('Admin/Users/new.php')
 2 SYSTEMPATH\Common.php(1167): CodeIgniter\View\View->render('Admin/Users/new', [], true)
 3 APPPATH\Controllers\Admin\Users.php(40): view('Admin/Users/new', [...])
 4 SYSTEMPATH\CodeIgniter.php(933): App\Controllers\Admin\Users->new()
 5 SYSTEMPATH\CodeIgniter.php(507): CodeIgniter\CodeIgniter->runController(Object(App\Controllers\Admin\Users))
 6 SYSTEMPATH\CodeIgniter.php(354): CodeIgniter\CodeIgniter->handleRequest(null, Object(Config\Cache), false)
 7 SYSTEMPATH\Boot.php(363): CodeIgniter\CodeIgniter->run()
 8 SYSTEMPATH\Boot.php(68): CodeIgniter\Boot::runCodeIgniter(Object(CodeIgniter\CodeIgniter))
 9 FCPATH\index.php(59): CodeIgniter\Boot::bootWeb(Object(Config\Paths))
CRITICAL - 2025-10-14 19:22:31 --> CodeIgniter\View\Exceptions\ViewException: Invalid file: "Admin/Users/new.php"
[Method: GET, Route: admin/users/new]
in SYSTEMPATH\Exceptions\FrameworkException.php on line 39.
 1 SYSTEMPATH\View\View.php(214): CodeIgniter\Exceptions\FrameworkException::forInvalidFile('Admin/Users/new.php')
 2 SYSTEMPATH\Common.php(1167): CodeIgniter\View\View->render('Admin/Users/new', [], true)
 3 APPPATH\Controllers\Admin\Users.php(40): view('Admin/Users/new', [...])
 4 SYSTEMPATH\CodeIgniter.php(933): App\Controllers\Admin\Users->new()
 5 SYSTEMPATH\CodeIgniter.php(507): CodeIgniter\CodeIgniter->runController(Object(App\Controllers\Admin\Users))
 6 SYSTEMPATH\CodeIgniter.php(354): CodeIgniter\CodeIgniter->handleRequest(null, Object(Config\Cache), false)
 7 SYSTEMPATH\Boot.php(363): CodeIgniter\CodeIgniter->run()
 8 SYSTEMPATH\Boot.php(68): CodeIgniter\Boot::runCodeIgniter(Object(CodeIgniter\CodeIgniter))
 9 FCPATH\index.php(59): CodeIgniter\Boot::bootWeb(Object(Config\Paths))
CRITICAL - 2025-10-14 19:22:32 --> CodeIgniter\View\Exceptions\ViewException: Invalid file: "Admin/Users/new.php"
[Method: GET, Route: admin/users/new]
in SYSTEMPATH\Exceptions\FrameworkException.php on line 39.
 1 SYSTEMPATH\View\View.php(214): CodeIgniter\Exceptions\FrameworkException::forInvalidFile('Admin/Users/new.php')
 2 SYSTEMPATH\Common.php(1167): CodeIgniter\View\View->render('Admin/Users/new', [], true)
 3 APPPATH\Controllers\Admin\Users.php(40): view('Admin/Users/new', [...])
 4 SYSTEMPATH\CodeIgniter.php(933): App\Controllers\Admin\Users->new()
 5 SYSTEMPATH\CodeIgniter.php(507): CodeIgniter\CodeIgniter->runController(Object(App\Controllers\Admin\Users))
 6 SYSTEMPATH\CodeIgniter.php(354): CodeIgniter\CodeIgniter->handleRequest(null, Object(Config\Cache), false)
 7 SYSTEMPATH\Boot.php(363): CodeIgniter\CodeIgniter->run()
 8 SYSTEMPATH\Boot.php(68): CodeIgniter\Boot::runCodeIgniter(Object(CodeIgniter\CodeIgniter))
 9 FCPATH\index.php(59): CodeIgniter\Boot::bootWeb(Object(Config\Paths))
CRITICAL - 2025-10-14 19:22:32 --> CodeIgniter\View\Exceptions\ViewException: Invalid file: "Admin/Users/new.php"
[Method: GET, Route: admin/users/new]
in SYSTEMPATH\Exceptions\FrameworkException.php on line 39.
 1 SYSTEMPATH\View\View.php(214): CodeIgniter\Exceptions\FrameworkException::forInvalidFile('Admin/Users/new.php')
 2 SYSTEMPATH\Common.php(1167): CodeIgniter\View\View->render('Admin/Users/new', [], true)
 3 APPPATH\Controllers\Admin\Users.php(40): view('Admin/Users/new', [...])
 4 SYSTEMPATH\CodeIgniter.php(933): App\Controllers\Admin\Users->new()
 5 SYSTEMPATH\CodeIgniter.php(507): CodeIgniter\CodeIgniter->runController(Object(App\Controllers\Admin\Users))
 6 SYSTEMPATH\CodeIgniter.php(354): CodeIgniter\CodeIgniter->handleRequest(null, Object(Config\Cache), false)
 7 SYSTEMPATH\Boot.php(363): CodeIgniter\CodeIgniter->run()
 8 SYSTEMPATH\Boot.php(68): CodeIgniter\Boot::runCodeIgniter(Object(CodeIgniter\CodeIgniter))
 9 FCPATH\index.php(59): CodeIgniter\Boot::bootWeb(Object(Config\Paths))
CRITICAL - 2025-10-14 19:22:32 --> CodeIgniter\View\Exceptions\ViewException: Invalid file: "Admin/Users/new.php"
[Method: GET, Route: admin/users/new]
in SYSTEMPATH\Exceptions\FrameworkException.php on line 39.
 1 SYSTEMPATH\View\View.php(214): CodeIgniter\Exceptions\FrameworkException::forInvalidFile('Admin/Users/new.php')
 2 SYSTEMPATH\Common.php(1167): CodeIgniter\View\View->render('Admin/Users/new', [], true)
 3 APPPATH\Controllers\Admin\Users.php(40): view('Admin/Users/new', [...])
 4 SYSTEMPATH\CodeIgniter.php(933): App\Controllers\Admin\Users->new()
 5 SYSTEMPATH\CodeIgniter.php(507): CodeIgniter\CodeIgniter->runController(Object(App\Controllers\Admin\Users))
 6 SYSTEMPATH\CodeIgniter.php(354): CodeIgniter\CodeIgniter->handleRequest(null, Object(Config\Cache), false)
 7 SYSTEMPATH\Boot.php(363): CodeIgniter\CodeIgniter->run()
 8 SYSTEMPATH\Boot.php(68): CodeIgniter\Boot::runCodeIgniter(Object(CodeIgniter\CodeIgniter))
 9 FCPATH\index.php(59): CodeIgniter\Boot::bootWeb(Object(Config\Paths))
CRITICAL - 2025-10-14 19:22:33 --> CodeIgniter\View\Exceptions\ViewException: Invalid file: "Admin/Users/new.php"
[Method: GET, Route: admin/users/new]
in SYSTEMPATH\Exceptions\FrameworkException.php on line 39.
 1 SYSTEMPATH\View\View.php(214): CodeIgniter\Exceptions\FrameworkException::forInvalidFile('Admin/Users/new.php')
 2 SYSTEMPATH\Common.php(1167): CodeIgniter\View\View->render('Admin/Users/new', [], true)
 3 APPPATH\Controllers\Admin\Users.php(40): view('Admin/Users/new', [...])
 4 SYSTEMPATH\CodeIgniter.php(933): App\Controllers\Admin\Users->new()
 5 SYSTEMPATH\CodeIgniter.php(507): CodeIgniter\CodeIgniter->runController(Object(App\Controllers\Admin\Users))
 6 SYSTEMPATH\CodeIgniter.php(354): CodeIgniter\CodeIgniter->handleRequest(null, Object(Config\Cache), false)
 7 SYSTEMPATH\Boot.php(363): CodeIgniter\CodeIgniter->run()
 8 SYSTEMPATH\Boot.php(68): CodeIgniter\Boot::runCodeIgniter(Object(CodeIgniter\CodeIgniter))
 9 FCPATH\index.php(59): CodeIgniter\Boot::bootWeb(Object(Config\Paths))
CRITICAL - 2025-10-14 19:22:33 --> CodeIgniter\View\Exceptions\ViewException: Invalid file: "Admin/Users/new.php"
[Method: GET, Route: admin/users/new]
in SYSTEMPATH\Exceptions\FrameworkException.php on line 39.
 1 SYSTEMPATH\View\View.php(214): CodeIgniter\Exceptions\FrameworkException::forInvalidFile('Admin/Users/new.php')
 2 SYSTEMPATH\Common.php(1167): CodeIgniter\View\View->render('Admin/Users/new', [], true)
 3 APPPATH\Controllers\Admin\Users.php(40): view('Admin/Users/new', [...])
 4 SYSTEMPATH\CodeIgniter.php(933): App\Controllers\Admin\Users->new()
 5 SYSTEMPATH\CodeIgniter.php(507): CodeIgniter\CodeIgniter->runController(Object(App\Controllers\Admin\Users))
 6 SYSTEMPATH\CodeIgniter.php(354): CodeIgniter\CodeIgniter->handleRequest(null, Object(Config\Cache), false)
 7 SYSTEMPATH\Boot.php(363): CodeIgniter\CodeIgniter->run()
 8 SYSTEMPATH\Boot.php(68): CodeIgniter\Boot::runCodeIgniter(Object(CodeIgniter\CodeIgniter))
 9 FCPATH\index.php(59): CodeIgniter\Boot::bootWeb(Object(Config\Paths))
CRITICAL - 2025-10-14 19:24:27 --> CodeIgniter\View\Exceptions\ViewException: Invalid file: "Admin/Users/new.php"
[Method: GET, Route: admin/users/new]
in SYSTEMPATH\Exceptions\FrameworkException.php on line 39.
 1 SYSTEMPATH\View\View.php(214): CodeIgniter\Exceptions\FrameworkException::forInvalidFile('Admin/Users/new.php')
 2 SYSTEMPATH\Common.php(1167): CodeIgniter\View\View->render('Admin/Users/new', [], true)
 3 APPPATH\Controllers\Admin\Users.php(40): view('Admin/Users/new', [...])
 4 SYSTEMPATH\CodeIgniter.php(933): App\Controllers\Admin\Users->new()
 5 SYSTEMPATH\CodeIgniter.php(507): CodeIgniter\CodeIgniter->runController(Object(App\Controllers\Admin\Users))
 6 SYSTEMPATH\CodeIgniter.php(354): CodeIgniter\CodeIgniter->handleRequest(null, Object(Config\Cache), false)
 7 SYSTEMPATH\Boot.php(363): CodeIgniter\CodeIgniter->run()
 8 SYSTEMPATH\Boot.php(68): CodeIgniter\Boot::runCodeIgniter(Object(CodeIgniter\CodeIgniter))
 9 FCPATH\index.php(59): CodeIgniter\Boot::bootWeb(Object(Config\Paths))
CRITICAL - 2025-10-14 19:24:28 --> CodeIgniter\View\Exceptions\ViewException: Invalid file: "Admin/Users/new.php"
[Method: GET, Route: admin/users/new]
in SYSTEMPATH\Exceptions\FrameworkException.php on line 39.
 1 SYSTEMPATH\View\View.php(214): CodeIgniter\Exceptions\FrameworkException::forInvalidFile('Admin/Users/new.php')
 2 SYSTEMPATH\Common.php(1167): CodeIgniter\View\View->render('Admin/Users/new', [], true)
 3 APPPATH\Controllers\Admin\Users.php(40): view('Admin/Users/new', [...])
 4 SYSTEMPATH\CodeIgniter.php(933): App\Controllers\Admin\Users->new()
 5 SYSTEMPATH\CodeIgniter.php(507): CodeIgniter\CodeIgniter->runController(Object(App\Controllers\Admin\Users))
 6 SYSTEMPATH\CodeIgniter.php(354): CodeIgniter\CodeIgniter->handleRequest(null, Object(Config\Cache), false)
 7 SYSTEMPATH\Boot.php(363): CodeIgniter\CodeIgniter->run()
 8 SYSTEMPATH\Boot.php(68): CodeIgniter\Boot::runCodeIgniter(Object(CodeIgniter\CodeIgniter))
 9 FCPATH\index.php(59): CodeIgniter\Boot::bootWeb(Object(Config\Paths))
CRITICAL - 2025-10-14 19:24:28 --> CodeIgniter\View\Exceptions\ViewException: Invalid file: "Admin/Users/new.php"
[Method: GET, Route: admin/users/new]
in SYSTEMPATH\Exceptions\FrameworkException.php on line 39.
 1 SYSTEMPATH\View\View.php(214): CodeIgniter\Exceptions\FrameworkException::forInvalidFile('Admin/Users/new.php')
 2 SYSTEMPATH\Common.php(1167): CodeIgniter\View\View->render('Admin/Users/new', [], true)
 3 APPPATH\Controllers\Admin\Users.php(40): view('Admin/Users/new', [...])
 4 SYSTEMPATH\CodeIgniter.php(933): App\Controllers\Admin\Users->new()
 5 SYSTEMPATH\CodeIgniter.php(507): CodeIgniter\CodeIgniter->runController(Object(App\Controllers\Admin\Users))
 6 SYSTEMPATH\CodeIgniter.php(354): CodeIgniter\CodeIgniter->handleRequest(null, Object(Config\Cache), false)
 7 SYSTEMPATH\Boot.php(363): CodeIgniter\CodeIgniter->run()
 8 SYSTEMPATH\Boot.php(68): CodeIgniter\Boot::runCodeIgniter(Object(CodeIgniter\CodeIgniter))
 9 FCPATH\index.php(59): CodeIgniter\Boot::bootWeb(Object(Config\Paths))
CRITICAL - 2025-10-14 19:24:29 --> CodeIgniter\View\Exceptions\ViewException: Invalid file: "Admin/Users/new.php"
[Method: GET, Route: admin/users/new]
in SYSTEMPATH\Exceptions\FrameworkException.php on line 39.
 1 SYSTEMPATH\View\View.php(214): CodeIgniter\Exceptions\FrameworkException::forInvalidFile('Admin/Users/new.php')
 2 SYSTEMPATH\Common.php(1167): CodeIgniter\View\View->render('Admin/Users/new', [], true)
 3 APPPATH\Controllers\Admin\Users.php(40): view('Admin/Users/new', [...])
 4 SYSTEMPATH\CodeIgniter.php(933): App\Controllers\Admin\Users->new()
 5 SYSTEMPATH\CodeIgniter.php(507): CodeIgniter\CodeIgniter->runController(Object(App\Controllers\Admin\Users))
 6 SYSTEMPATH\CodeIgniter.php(354): CodeIgniter\CodeIgniter->handleRequest(null, Object(Config\Cache), false)
 7 SYSTEMPATH\Boot.php(363): CodeIgniter\CodeIgniter->run()
 8 SYSTEMPATH\Boot.php(68): CodeIgniter\Boot::runCodeIgniter(Object(CodeIgniter\CodeIgniter))
 9 FCPATH\index.php(59): CodeIgniter\Boot::bootWeb(Object(Config\Paths))
CRITICAL - 2025-10-14 19:24:29 --> CodeIgniter\View\Exceptions\ViewException: Invalid file: "Admin/Users/new.php"
[Method: GET, Route: admin/users/new]
in SYSTEMPATH\Exceptions\FrameworkException.php on line 39.
 1 SYSTEMPATH\View\View.php(214): CodeIgniter\Exceptions\FrameworkException::forInvalidFile('Admin/Users/new.php')
 2 SYSTEMPATH\Common.php(1167): CodeIgniter\View\View->render('Admin/Users/new', [], true)
 3 APPPATH\Controllers\Admin\Users.php(40): view('Admin/Users/new', [...])
 4 SYSTEMPATH\CodeIgniter.php(933): App\Controllers\Admin\Users->new()
 5 SYSTEMPATH\CodeIgniter.php(507): CodeIgniter\CodeIgniter->runController(Object(App\Controllers\Admin\Users))
 6 SYSTEMPATH\CodeIgniter.php(354): CodeIgniter\CodeIgniter->handleRequest(null, Object(Config\Cache), false)
 7 SYSTEMPATH\Boot.php(363): CodeIgniter\CodeIgniter->run()
 8 SYSTEMPATH\Boot.php(68): CodeIgniter\Boot::runCodeIgniter(Object(CodeIgniter\CodeIgniter))
 9 FCPATH\index.php(59): CodeIgniter\Boot::bootWeb(Object(Config\Paths))
CRITICAL - 2025-10-14 19:24:29 --> CodeIgniter\View\Exceptions\ViewException: Invalid file: "Admin/Users/new.php"
[Method: GET, Route: admin/users/new]
in SYSTEMPATH\Exceptions\FrameworkException.php on line 39.
 1 SYSTEMPATH\View\View.php(214): CodeIgniter\Exceptions\FrameworkException::forInvalidFile('Admin/Users/new.php')
 2 SYSTEMPATH\Common.php(1167): CodeIgniter\View\View->render('Admin/Users/new', [], true)
 3 APPPATH\Controllers\Admin\Users.php(40): view('Admin/Users/new', [...])
 4 SYSTEMPATH\CodeIgniter.php(933): App\Controllers\Admin\Users->new()
 5 SYSTEMPATH\CodeIgniter.php(507): CodeIgniter\CodeIgniter->runController(Object(App\Controllers\Admin\Users))
 6 SYSTEMPATH\CodeIgniter.php(354): CodeIgniter\CodeIgniter->handleRequest(null, Object(Config\Cache), false)
 7 SYSTEMPATH\Boot.php(363): CodeIgniter\CodeIgniter->run()
 8 SYSTEMPATH\Boot.php(68): CodeIgniter\Boot::runCodeIgniter(Object(CodeIgniter\CodeIgniter))
 9 FCPATH\index.php(59): CodeIgniter\Boot::bootWeb(Object(Config\Paths))
CRITICAL - 2025-10-14 19:24:30 --> CodeIgniter\View\Exceptions\ViewException: Invalid file: "Admin/Users/new.php"
[Method: GET, Route: admin/users/new]
in SYSTEMPATH\Exceptions\FrameworkException.php on line 39.
 1 SYSTEMPATH\View\View.php(214): CodeIgniter\Exceptions\FrameworkException::forInvalidFile('Admin/Users/new.php')
 2 SYSTEMPATH\Common.php(1167): CodeIgniter\View\View->render('Admin/Users/new', [], true)
 3 APPPATH\Controllers\Admin\Users.php(40): view('Admin/Users/new', [...])
 4 SYSTEMPATH\CodeIgniter.php(933): App\Controllers\Admin\Users->new()
 5 SYSTEMPATH\CodeIgniter.php(507): CodeIgniter\CodeIgniter->runController(Object(App\Controllers\Admin\Users))
 6 SYSTEMPATH\CodeIgniter.php(354): CodeIgniter\CodeIgniter->handleRequest(null, Object(Config\Cache), false)
 7 SYSTEMPATH\Boot.php(363): CodeIgniter\CodeIgniter->run()
 8 SYSTEMPATH\Boot.php(68): CodeIgniter\Boot::runCodeIgniter(Object(CodeIgniter\CodeIgniter))
 9 FCPATH\index.php(59): CodeIgniter\Boot::bootWeb(Object(Config\Paths))
DEBUG - 2025-10-14 19:26:13 --> Session: Class initialized using 'CodeIgniter\Session\Handlers\FileHandler' driver.
DEBUG - 2025-10-14 19:26:17 --> Session: Class initialized using 'CodeIgniter\Session\Handlers\FileHandler' driver.
DEBUG - 2025-10-14 19:26:44 --> Session: Class initialized using 'CodeIgniter\Session\Handlers\FileHandler' driver.
DEBUG - 2025-10-14 19:28:46 --> Session: Class initialized using 'CodeIgniter\Session\Handlers\FileHandler' driver.
INFO - 2025-10-14 19:28:50 --> CSRF token verified.
DEBUG - 2025-10-14 19:28:51 --> Session: Class initialized using 'CodeIgniter\Session\Handlers\FileHandler' driver.
DEBUG - 2025-10-14 19:28:51 --> Session: Class initialized using 'CodeIgniter\Session\Handlers\FileHandler' driver.
INFO - 2025-10-14 19:29:57 --> CSRF token verified.
DEBUG - 2025-10-14 19:29:57 --> Session: Class initialized using 'CodeIgniter\Session\Handlers\FileHandler' driver.
DEBUG - 2025-10-14 19:29:58 --> Session: Class initialized using 'CodeIgniter\Session\Handlers\FileHandler' driver.
DEBUG - 2025-10-14 19:30:47 --> Session: Class initialized using 'CodeIgniter\Session\Handlers\FileHandler' driver.
DEBUG - 2025-10-14 19:30:54 --> Session: Class initialized using 'CodeIgniter\Session\Handlers\FileHandler' driver.
INFO - 2025-10-14 19:32:01 --> CSRF token verified.
DEBUG - 2025-10-14 19:32:02 --> Session: Class initialized using 'CodeIgniter\Session\Handlers\FileHandler' driver.
DEBUG - 2025-10-14 19:32:02 --> Session: Class initialized using 'CodeIgniter\Session\Handlers\FileHandler' driver.
DEBUG - 2025-10-14 19:32:09 --> Session: Class initialized using 'CodeIgniter\Session\Handlers\FileHandler' driver.
DEBUG - 2025-10-14 19:34:33 --> Session: Class initialized using 'CodeIgniter\Session\Handlers\FileHandler' driver.
DEBUG - 2025-10-14 19:34:40 --> Session: Class initialized using 'CodeIgniter\Session\Handlers\FileHandler' driver.
DEBUG - 2025-10-14 19:34:47 --> Session: Class initialized using 'CodeIgniter\Session\Handlers\FileHandler' driver.
DEBUG - 2025-10-14 19:35:17 --> Session: Class initialized using 'CodeIgniter\Session\Handlers\FileHandler' driver.
DEBUG - 2025-10-14 19:35:35 --> Session: Class initialized using 'CodeIgniter\Session\Handlers\FileHandler' driver.
DEBUG - 2025-10-14 19:35:41 --> Session: Class initialized using 'CodeIgniter\Session\Handlers\FileHandler' driver.
DEBUG - 2025-10-14 19:35:44 --> Session: Class initialized using 'CodeIgniter\Session\Handlers\FileHandler' driver.
DEBUG - 2025-10-14 19:35:47 --> Session: Class initialized using 'CodeIgniter\Session\Handlers\FileHandler' driver.
DEBUG - 2025-10-14 19:35:49 --> Session: Class initialized using 'CodeIgniter\Session\Handlers\FileHandler' driver.
DEBUG - 2025-10-14 19:35:52 --> Session: Class initialized using 'CodeIgniter\Session\Handlers\FileHandler' driver.
INFO - 2025-10-14 19:36:16 --> CSRF token verified.
DEBUG - 2025-10-14 19:36:16 --> Session: Class initialized using 'CodeIgniter\Session\Handlers\FileHandler' driver.
DEBUG - 2025-10-14 19:36:16 --> Session: Class initialized using 'CodeIgniter\Session\Handlers\FileHandler' driver.
DEBUG - 2025-10-14 19:36:52 --> Session: Class initialized using 'CodeIgniter\Session\Handlers\FileHandler' driver.
DEBUG - 2025-10-14 19:37:02 --> Session: Class initialized using 'CodeIgniter\Session\Handlers\FileHandler' driver.
DEBUG - 2025-10-14 19:37:10 --> Session: Class initialized using 'CodeIgniter\Session\Handlers\FileHandler' driver.
DEBUG - 2025-10-14 19:37:17 --> Session: Class initialized using 'CodeIgniter\Session\Handlers\FileHandler' driver.
DEBUG - 2025-10-14 19:43:01 --> Session: Class initialized using 'CodeIgniter\Session\Handlers\FileHandler' driver.
DEBUG - 2025-10-14 19:43:03 --> Session: Class initialized using 'CodeIgniter\Session\Handlers\FileHandler' driver.
DEBUG - 2025-10-14 19:45:57 --> Session: Class initialized using 'CodeIgniter\Session\Handlers\FileHandler' driver.
INFO - 2025-10-14 19:51:36 --> CSRF token verified.
CRITICAL - 2025-10-14 19:51:36 --> CodeIgniter\Exceptions\BadMethodCallException: Call to undefined method App\Models\UserModel::disablePasswordValidation
[Method: POST, Route: admin/users/update/21]
in SYSTEMPATH\Model.php on line 927.
 1 APPPATH\Controllers\Admin\Users.php(80): CodeIgniter\Model->__call('disablePasswordValidation', [])
 2 SYSTEMPATH\CodeIgniter.php(933): App\Controllers\Admin\Users->update('21')
 3 SYSTEMPATH\CodeIgniter.php(507): CodeIgniter\CodeIgniter->runController(Object(App\Controllers\Admin\Users))
 4 SYSTEMPATH\CodeIgniter.php(354): CodeIgniter\CodeIgniter->handleRequest(null, Object(Config\Cache), false)
 5 SYSTEMPATH\Boot.php(363): CodeIgniter\CodeIgniter->run()
 6 SYSTEMPATH\Boot.php(68): CodeIgniter\Boot::runCodeIgniter(Object(CodeIgniter\CodeIgniter))
 7 FCPATH\index.php(59): CodeIgniter\Boot::bootWeb(Object(Config\Paths))
CRITICAL - 2025-10-14 19:52:21 --> CodeIgniter\Exceptions\BadMethodCallException: Call to undefined method App\Models\UserModel::disablePasswordValidation
[Method: GET, Route: admin/users/update/21]
in SYSTEMPATH\Model.php on line 927.
 1 APPPATH\Controllers\Admin\Users.php(80): CodeIgniter\Model->__call('disablePasswordValidation', [])
 2 SYSTEMPATH\CodeIgniter.php(933): App\Controllers\Admin\Users->update('21')
 3 SYSTEMPATH\CodeIgniter.php(507): CodeIgniter\CodeIgniter->runController(Object(App\Controllers\Admin\Users))
 4 SYSTEMPATH\CodeIgniter.php(354): CodeIgniter\CodeIgniter->handleRequest(null, Object(Config\Cache), false)
 5 SYSTEMPATH\Boot.php(363): CodeIgniter\CodeIgniter->run()
 6 SYSTEMPATH\Boot.php(68): CodeIgniter\Boot::runCodeIgniter(Object(CodeIgniter\CodeIgniter))
 7 FCPATH\index.php(59): CodeIgniter\Boot::bootWeb(Object(Config\Paths))
DEBUG - 2025-10-14 19:56:03 --> Session: Class initialized using 'CodeIgniter\Session\Handlers\FileHandler' driver.
INFO - 2025-10-14 19:56:17 --> CSRF token verified.
DEBUG - 2025-10-14 19:56:17 --> Session: Class initialized using 'CodeIgniter\Session\Handlers\FileHandler' driver.
DEBUG - 2025-10-14 19:56:18 --> Session: Class initialized using 'CodeIgniter\Session\Handlers\FileHandler' driver.
DEBUG - 2025-10-14 19:56:26 --> Session: Class initialized using 'CodeIgniter\Session\Handlers\FileHandler' driver.
INFO - 2025-10-14 19:59:19 --> CSRF token verified.
DEBUG - 2025-10-14 19:59:19 --> Session: Class initialized using 'CodeIgniter\Session\Handlers\FileHandler' driver.
DEBUG - 2025-10-14 19:59:19 --> Session: Class initialized using 'CodeIgniter\Session\Handlers\FileHandler' driver.
DEBUG - 2025-10-14 19:59:22 --> Session: Class initialized using 'CodeIgniter\Session\Handlers\FileHandler' driver.
INFO - 2025-10-14 19:59:24 --> CSRF token verified.
DEBUG - 2025-10-14 19:59:24 --> Session: Class initialized using 'CodeIgniter\Session\Handlers\FileHandler' driver.
DEBUG - 2025-10-14 19:59:24 --> Session: Class initialized using 'CodeIgniter\Session\Handlers\FileHandler' driver.
INFO - 2025-10-14 20:00:50 --> CSRF token verified.
DEBUG - 2025-10-14 20:00:50 --> Session: Class initialized using 'CodeIgniter\Session\Handlers\FileHandler' driver.
DEBUG - 2025-10-14 20:00:50 --> Session: Class initialized using 'CodeIgniter\Session\Handlers\FileHandler' driver.
INFO - 2025-10-14 20:00:52 --> CSRF token verified.
DEBUG - 2025-10-14 20:00:52 --> Session: Class initialized using 'CodeIgniter\Session\Handlers\FileHandler' driver.
INFO - 2025-10-14 20:00:52 --> CSRF token verified.
DEBUG - 2025-10-14 20:00:53 --> Session: Class initialized using 'CodeIgniter\Session\Handlers\FileHandler' driver.
INFO - 2025-10-14 20:00:53 --> CSRF token verified.
DEBUG - 2025-10-14 20:00:53 --> Session: Class initialized using 'CodeIgniter\Session\Handlers\FileHandler' driver.
INFO - 2025-10-14 20:00:53 --> CSRF token verified.
DEBUG - 2025-10-14 20:00:53 --> Session: Class initialized using 'CodeIgniter\Session\Handlers\FileHandler' driver.
INFO - 2025-10-14 20:00:53 --> CSRF token verified.
DEBUG - 2025-10-14 20:00:53 --> Session: Class initialized using 'CodeIgniter\Session\Handlers\FileHandler' driver.
DEBUG - 2025-10-14 20:00:54 --> Session: Class initialized using 'CodeIgniter\Session\Handlers\FileHandler' driver.
INFO - 2025-10-14 20:37:42 --> CSRF token verified.
DEBUG - 2025-10-14 20:37:42 --> Session: Class initialized using 'CodeIgniter\Session\Handlers\FileHandler' driver.
DEBUG - 2025-10-14 20:37:42 --> Session: Class initialized using 'CodeIgniter\Session\Handlers\FileHandler' driver.
INFO - 2025-10-14 20:37:43 --> CSRF token verified.
DEBUG - 2025-10-14 20:37:43 --> Session: Class initialized using 'CodeIgniter\Session\Handlers\FileHandler' driver.
DEBUG - 2025-10-14 20:37:44 --> Session: Class initialized using 'CodeIgniter\Session\Handlers\FileHandler' driver.
DEBUG - 2025-10-14 20:37:45 --> Session: Class initialized using 'CodeIgniter\Session\Handlers\FileHandler' driver.
INFO - 2025-10-14 20:37:47 --> CSRF token verified.
DEBUG - 2025-10-14 20:37:47 --> Session: Class initialized using 'CodeIgniter\Session\Handlers\FileHandler' driver.
DEBUG - 2025-10-14 20:37:47 --> Session: Class initialized using 'CodeIgniter\Session\Handlers\FileHandler' driver.
INFO - 2025-10-14 20:39:23 --> CSRF token verified.
DEBUG - 2025-10-14 20:39:23 --> Session: Class initialized using 'CodeIgniter\Session\Handlers\FileHandler' driver.
DEBUG - 2025-10-14 20:39:23 --> Session: Class initialized using 'CodeIgniter\Session\Handlers\FileHandler' driver.
INFO - 2025-10-14 20:44:46 --> CSRF token verified.
DEBUG - 2025-10-14 20:44:46 --> Session: Class initialized using 'CodeIgniter\Session\Handlers\FileHandler' driver.
DEBUG - 2025-10-14 20:44:47 --> Session: Class initialized using 'CodeIgniter\Session\Handlers\FileHandler' driver.
INFO - 2025-10-14 20:45:13 --> CSRF token verified.
DEBUG - 2025-10-14 20:45:14 --> Session: Class initialized using 'CodeIgniter\Session\Handlers\FileHandler' driver.
DEBUG - 2025-10-14 20:45:14 --> Session: Class initialized using 'CodeIgniter\Session\Handlers\FileHandler' driver.
INFO - 2025-10-14 20:45:49 --> CSRF token verified.
DEBUG - 2025-10-14 20:45:49 --> Session: Class initialized using 'CodeIgniter\Session\Handlers\FileHandler' driver.
DEBUG - 2025-10-14 20:45:49 --> Session: Class initialized using 'CodeIgniter\Session\Handlers\FileHandler' driver.
DEBUG - 2025-10-14 20:46:15 --> Session: Class initialized using 'CodeIgniter\Session\Handlers\FileHandler' driver.
INFO - 2025-10-14 20:46:30 --> CSRF token verified.
DEBUG - 2025-10-14 20:46:30 --> Session: Class initialized using 'CodeIgniter\Session\Handlers\FileHandler' driver.
DEBUG - 2025-10-14 20:46:30 --> Session: Class initialized using 'CodeIgniter\Session\Handlers\FileHandler' driver.
DEBUG - 2025-10-14 20:46:38 --> Session: Class initialized using 'CodeIgniter\Session\Handlers\FileHandler' driver.
INFO - 2025-10-14 20:46:44 --> CSRF token verified.
DEBUG - 2025-10-14 20:46:44 --> Session: Class initialized using 'CodeIgniter\Session\Handlers\FileHandler' driver.
DEBUG - 2025-10-14 20:46:44 --> Session: Class initialized using 'CodeIgniter\Session\Handlers\FileHandler' driver.
