CRITICAL - 2025-10-06 14:40:38 --> ErrorException: Undefined variable $task
[Method: GET, Route: tasks]
in APPPATH\Views\Tasks\index.php on line 11.
 1 APPPATH\Views\Tasks\index.php(11): CodeIgniter\Debug\Exceptions->errorHandler(2, 'Undefined variable $task', 'C:\\xampp\\htdocs\\taskapp\\app\\Views\\Tasks\\index.php', 11)
 2 SYSTEMPATH\View\View.php(226): include('C:\\xampp\\htdocs\\taskapp\\app\\Views\\Tasks\\index.php')
 3 SYSTEMPATH\View\View.php(229): CodeIgniter\View\View->CodeIgniter\View\{closure}()
 4 SYSTEMPATH\Common.php(1167): CodeIgniter\View\View->render('Tasks/index', [], true)
 5 APPPATH\Controllers\Tasks.php(12): view('Tasks/index', [...])
 6 SYSTEMPATH\CodeIgniter.php(933): App\Controllers\Tasks->index()
 7 SYSTEMPATH\CodeIgniter.php(507): CodeIgniter\CodeIgniter->runController(Object(App\Controllers\Tasks))
 8 SYSTEMPATH\CodeIgniter.php(354): CodeIgniter\CodeIgniter->handleRequest(null, Object(Config\Cache), false)
 9 SYSTEMPATH\Boot.php(363): CodeIgniter\CodeIgniter->run()
10 SYSTEMPATH\Boot.php(68): CodeIgniter\Boot::runCodeIgniter(Object(CodeIgniter\CodeIgniter))
11 FCPATH\index.php(59): CodeIgniter\Boot::bootWeb(Object(Config\Paths))
CRITICAL - 2025-10-06 15:16:21 --> CodeIgniter\View\Exceptions\ViewException: Invalid file: "layouts/desfault.php"
[Method: GET, Route: tasks/new]
in SYSTEMPATH\Exceptions\FrameworkException.php on line 39.
 1 SYSTEMPATH\View\View.php(214): CodeIgniter\Exceptions\FrameworkException::forInvalidFile('layouts/desfault.php')
 2 SYSTEMPATH\View\View.php(242): CodeIgniter\View\View->render('layouts/desfault', [], true)
 3 SYSTEMPATH\Common.php(1167): CodeIgniter\View\View->render('Tasks/new', [], true)
 4 APPPATH\Controllers\Tasks.php(33): view('Tasks/new')
 5 SYSTEMPATH\CodeIgniter.php(933): App\Controllers\Tasks->new()
 6 SYSTEMPATH\CodeIgniter.php(507): CodeIgniter\CodeIgniter->runController(Object(App\Controllers\Tasks))
 7 SYSTEMPATH\CodeIgniter.php(354): CodeIgniter\CodeIgniter->handleRequest(null, Object(Config\Cache), false)
 8 SYSTEMPATH\Boot.php(363): CodeIgniter\CodeIgniter->run()
 9 SYSTEMPATH\Boot.php(68): CodeIgniter\Boot::runCodeIgniter(Object(CodeIgniter\CodeIgniter))
10 FCPATH\index.php(59): CodeIgniter\Boot::bootWeb(Object(Config\Paths))
CRITICAL - 2025-10-06 15:17:49 --> CodeIgniter\View\Exceptions\ViewException: Invalid file: "layouts/desfault.php"
[Method: GET, Route: tasks/new]
in SYSTEMPATH\Exceptions\FrameworkException.php on line 39.
 1 SYSTEMPATH\View\View.php(214): CodeIgniter\Exceptions\FrameworkException::forInvalidFile('layouts/desfault.php')
 2 SYSTEMPATH\View\View.php(242): CodeIgniter\View\View->render('layouts/desfault', [], true)
 3 SYSTEMPATH\Common.php(1167): CodeIgniter\View\View->render('Tasks/new', [], true)
 4 APPPATH\Controllers\Tasks.php(33): view('Tasks/new')
 5 SYSTEMPATH\CodeIgniter.php(933): App\Controllers\Tasks->new()
 6 SYSTEMPATH\CodeIgniter.php(507): CodeIgniter\CodeIgniter->runController(Object(App\Controllers\Tasks))
 7 SYSTEMPATH\CodeIgniter.php(354): CodeIgniter\CodeIgniter->handleRequest(null, Object(Config\Cache), false)
 8 SYSTEMPATH\Boot.php(363): CodeIgniter\CodeIgniter->run()
 9 SYSTEMPATH\Boot.php(68): CodeIgniter\Boot::runCodeIgniter(Object(CodeIgniter\CodeIgniter))
10 FCPATH\index.php(59): CodeIgniter\Boot::bootWeb(Object(Config\Paths))
CRITICAL - 2025-10-06 15:17:50 --> CodeIgniter\View\Exceptions\ViewException: Invalid file: "layouts/desfault.php"
[Method: GET, Route: tasks/new]
in SYSTEMPATH\Exceptions\FrameworkException.php on line 39.
 1 SYSTEMPATH\View\View.php(214): CodeIgniter\Exceptions\FrameworkException::forInvalidFile('layouts/desfault.php')
 2 SYSTEMPATH\View\View.php(242): CodeIgniter\View\View->render('layouts/desfault', [], true)
 3 SYSTEMPATH\Common.php(1167): CodeIgniter\View\View->render('Tasks/new', [], true)
 4 APPPATH\Controllers\Tasks.php(33): view('Tasks/new')
 5 SYSTEMPATH\CodeIgniter.php(933): App\Controllers\Tasks->new()
 6 SYSTEMPATH\CodeIgniter.php(507): CodeIgniter\CodeIgniter->runController(Object(App\Controllers\Tasks))
 7 SYSTEMPATH\CodeIgniter.php(354): CodeIgniter\CodeIgniter->handleRequest(null, Object(Config\Cache), false)
 8 SYSTEMPATH\Boot.php(363): CodeIgniter\CodeIgniter->run()
 9 SYSTEMPATH\Boot.php(68): CodeIgniter\Boot::runCodeIgniter(Object(CodeIgniter\CodeIgniter))
10 FCPATH\index.php(59): CodeIgniter\Boot::bootWeb(Object(Config\Paths))
CRITICAL - 2025-10-06 15:17:50 --> CodeIgniter\View\Exceptions\ViewException: Invalid file: "layouts/desfault.php"
[Method: GET, Route: tasks/new]
in SYSTEMPATH\Exceptions\FrameworkException.php on line 39.
 1 SYSTEMPATH\View\View.php(214): CodeIgniter\Exceptions\FrameworkException::forInvalidFile('layouts/desfault.php')
 2 SYSTEMPATH\View\View.php(242): CodeIgniter\View\View->render('layouts/desfault', [], true)
 3 SYSTEMPATH\Common.php(1167): CodeIgniter\View\View->render('Tasks/new', [], true)
 4 APPPATH\Controllers\Tasks.php(33): view('Tasks/new')
 5 SYSTEMPATH\CodeIgniter.php(933): App\Controllers\Tasks->new()
 6 SYSTEMPATH\CodeIgniter.php(507): CodeIgniter\CodeIgniter->runController(Object(App\Controllers\Tasks))
 7 SYSTEMPATH\CodeIgniter.php(354): CodeIgniter\CodeIgniter->handleRequest(null, Object(Config\Cache), false)
 8 SYSTEMPATH\Boot.php(363): CodeIgniter\CodeIgniter->run()
 9 SYSTEMPATH\Boot.php(68): CodeIgniter\Boot::runCodeIgniter(Object(CodeIgniter\CodeIgniter))
10 FCPATH\index.php(59): CodeIgniter\Boot::bootWeb(Object(Config\Paths))
CRITICAL - 2025-10-06 15:17:50 --> CodeIgniter\View\Exceptions\ViewException: Invalid file: "layouts/desfault.php"
[Method: GET, Route: tasks/new]
in SYSTEMPATH\Exceptions\FrameworkException.php on line 39.
 1 SYSTEMPATH\View\View.php(214): CodeIgniter\Exceptions\FrameworkException::forInvalidFile('layouts/desfault.php')
 2 SYSTEMPATH\View\View.php(242): CodeIgniter\View\View->render('layouts/desfault', [], true)
 3 SYSTEMPATH\Common.php(1167): CodeIgniter\View\View->render('Tasks/new', [], true)
 4 APPPATH\Controllers\Tasks.php(33): view('Tasks/new')
 5 SYSTEMPATH\CodeIgniter.php(933): App\Controllers\Tasks->new()
 6 SYSTEMPATH\CodeIgniter.php(507): CodeIgniter\CodeIgniter->runController(Object(App\Controllers\Tasks))
 7 SYSTEMPATH\CodeIgniter.php(354): CodeIgniter\CodeIgniter->handleRequest(null, Object(Config\Cache), false)
 8 SYSTEMPATH\Boot.php(363): CodeIgniter\CodeIgniter->run()
 9 SYSTEMPATH\Boot.php(68): CodeIgniter\Boot::runCodeIgniter(Object(CodeIgniter\CodeIgniter))
10 FCPATH\index.php(59): CodeIgniter\Boot::bootWeb(Object(Config\Paths))
CRITICAL - 2025-10-06 15:17:50 --> CodeIgniter\View\Exceptions\ViewException: Invalid file: "layouts/desfault.php"
[Method: GET, Route: tasks/new]
in SYSTEMPATH\Exceptions\FrameworkException.php on line 39.
 1 SYSTEMPATH\View\View.php(214): CodeIgniter\Exceptions\FrameworkException::forInvalidFile('layouts/desfault.php')
 2 SYSTEMPATH\View\View.php(242): CodeIgniter\View\View->render('layouts/desfault', [], true)
 3 SYSTEMPATH\Common.php(1167): CodeIgniter\View\View->render('Tasks/new', [], true)
 4 APPPATH\Controllers\Tasks.php(33): view('Tasks/new')
 5 SYSTEMPATH\CodeIgniter.php(933): App\Controllers\Tasks->new()
 6 SYSTEMPATH\CodeIgniter.php(507): CodeIgniter\CodeIgniter->runController(Object(App\Controllers\Tasks))
 7 SYSTEMPATH\CodeIgniter.php(354): CodeIgniter\CodeIgniter->handleRequest(null, Object(Config\Cache), false)
 8 SYSTEMPATH\Boot.php(363): CodeIgniter\CodeIgniter->run()
 9 SYSTEMPATH\Boot.php(68): CodeIgniter\Boot::runCodeIgniter(Object(CodeIgniter\CodeIgniter))
10 FCPATH\index.php(59): CodeIgniter\Boot::bootWeb(Object(Config\Paths))
CRITICAL - 2025-10-06 15:17:50 --> CodeIgniter\View\Exceptions\ViewException: Invalid file: "layouts/desfault.php"
[Method: GET, Route: tasks/new]
in SYSTEMPATH\Exceptions\FrameworkException.php on line 39.
 1 SYSTEMPATH\View\View.php(214): CodeIgniter\Exceptions\FrameworkException::forInvalidFile('layouts/desfault.php')
 2 SYSTEMPATH\View\View.php(242): CodeIgniter\View\View->render('layouts/desfault', [], true)
 3 SYSTEMPATH\Common.php(1167): CodeIgniter\View\View->render('Tasks/new', [], true)
 4 APPPATH\Controllers\Tasks.php(33): view('Tasks/new')
 5 SYSTEMPATH\CodeIgniter.php(933): App\Controllers\Tasks->new()
 6 SYSTEMPATH\CodeIgniter.php(507): CodeIgniter\CodeIgniter->runController(Object(App\Controllers\Tasks))
 7 SYSTEMPATH\CodeIgniter.php(354): CodeIgniter\CodeIgniter->handleRequest(null, Object(Config\Cache), false)
 8 SYSTEMPATH\Boot.php(363): CodeIgniter\CodeIgniter->run()
 9 SYSTEMPATH\Boot.php(68): CodeIgniter\Boot::runCodeIgniter(Object(CodeIgniter\CodeIgniter))
10 FCPATH\index.php(59): CodeIgniter\Boot::bootWeb(Object(Config\Paths))
CRITICAL - 2025-10-06 15:17:51 --> CodeIgniter\View\Exceptions\ViewException: Invalid file: "layouts/desfault.php"
[Method: GET, Route: tasks/new]
in SYSTEMPATH\Exceptions\FrameworkException.php on line 39.
 1 SYSTEMPATH\View\View.php(214): CodeIgniter\Exceptions\FrameworkException::forInvalidFile('layouts/desfault.php')
 2 SYSTEMPATH\View\View.php(242): CodeIgniter\View\View->render('layouts/desfault', [], true)
 3 SYSTEMPATH\Common.php(1167): CodeIgniter\View\View->render('Tasks/new', [], true)
 4 APPPATH\Controllers\Tasks.php(33): view('Tasks/new')
 5 SYSTEMPATH\CodeIgniter.php(933): App\Controllers\Tasks->new()
 6 SYSTEMPATH\CodeIgniter.php(507): CodeIgniter\CodeIgniter->runController(Object(App\Controllers\Tasks))
 7 SYSTEMPATH\CodeIgniter.php(354): CodeIgniter\CodeIgniter->handleRequest(null, Object(Config\Cache), false)
 8 SYSTEMPATH\Boot.php(363): CodeIgniter\CodeIgniter->run()
 9 SYSTEMPATH\Boot.php(68): CodeIgniter\Boot::runCodeIgniter(Object(CodeIgniter\CodeIgniter))
10 FCPATH\index.php(59): CodeIgniter\Boot::bootWeb(Object(Config\Paths))
CRITICAL - 2025-10-06 15:17:51 --> CodeIgniter\View\Exceptions\ViewException: Invalid file: "layouts/desfault.php"
[Method: GET, Route: tasks/new]
in SYSTEMPATH\Exceptions\FrameworkException.php on line 39.
 1 SYSTEMPATH\View\View.php(214): CodeIgniter\Exceptions\FrameworkException::forInvalidFile('layouts/desfault.php')
 2 SYSTEMPATH\View\View.php(242): CodeIgniter\View\View->render('layouts/desfault', [], true)
 3 SYSTEMPATH\Common.php(1167): CodeIgniter\View\View->render('Tasks/new', [], true)
 4 APPPATH\Controllers\Tasks.php(33): view('Tasks/new')
 5 SYSTEMPATH\CodeIgniter.php(933): App\Controllers\Tasks->new()
 6 SYSTEMPATH\CodeIgniter.php(507): CodeIgniter\CodeIgniter->runController(Object(App\Controllers\Tasks))
 7 SYSTEMPATH\CodeIgniter.php(354): CodeIgniter\CodeIgniter->handleRequest(null, Object(Config\Cache), false)
 8 SYSTEMPATH\Boot.php(363): CodeIgniter\CodeIgniter->run()
 9 SYSTEMPATH\Boot.php(68): CodeIgniter\Boot::runCodeIgniter(Object(CodeIgniter\CodeIgniter))
10 FCPATH\index.php(59): CodeIgniter\Boot::bootWeb(Object(Config\Paths))
CRITICAL - 2025-10-06 15:30:05 --> CodeIgniter\View\Exceptions\ViewException: Invalid file: "layouts/desfault.php"
[Method: GET, Route: tasks/new]
in SYSTEMPATH\Exceptions\FrameworkException.php on line 39.
 1 SYSTEMPATH\View\View.php(214): CodeIgniter\Exceptions\FrameworkException::forInvalidFile('layouts/desfault.php')
 2 SYSTEMPATH\View\View.php(242): CodeIgniter\View\View->render('layouts/desfault', [], true)
 3 SYSTEMPATH\Common.php(1167): CodeIgniter\View\View->render('Tasks/new', [], true)
 4 APPPATH\Controllers\Tasks.php(33): view('Tasks/new')
 5 SYSTEMPATH\CodeIgniter.php(933): App\Controllers\Tasks->new()
 6 SYSTEMPATH\CodeIgniter.php(507): CodeIgniter\CodeIgniter->runController(Object(App\Controllers\Tasks))
 7 SYSTEMPATH\CodeIgniter.php(354): CodeIgniter\CodeIgniter->handleRequest(null, Object(Config\Cache), false)
 8 SYSTEMPATH\Boot.php(363): CodeIgniter\CodeIgniter->run()
 9 SYSTEMPATH\Boot.php(68): CodeIgniter\Boot::runCodeIgniter(Object(CodeIgniter\CodeIgniter))
10 FCPATH\index.php(59): CodeIgniter\Boot::bootWeb(Object(Config\Paths))
CRITICAL - 2025-10-06 15:30:06 --> CodeIgniter\View\Exceptions\ViewException: Invalid file: "layouts/desfault.php"
[Method: GET, Route: tasks/new]
in SYSTEMPATH\Exceptions\FrameworkException.php on line 39.
 1 SYSTEMPATH\View\View.php(214): CodeIgniter\Exceptions\FrameworkException::forInvalidFile('layouts/desfault.php')
 2 SYSTEMPATH\View\View.php(242): CodeIgniter\View\View->render('layouts/desfault', [], true)
 3 SYSTEMPATH\Common.php(1167): CodeIgniter\View\View->render('Tasks/new', [], true)
 4 APPPATH\Controllers\Tasks.php(33): view('Tasks/new')
 5 SYSTEMPATH\CodeIgniter.php(933): App\Controllers\Tasks->new()
 6 SYSTEMPATH\CodeIgniter.php(507): CodeIgniter\CodeIgniter->runController(Object(App\Controllers\Tasks))
 7 SYSTEMPATH\CodeIgniter.php(354): CodeIgniter\CodeIgniter->handleRequest(null, Object(Config\Cache), false)
 8 SYSTEMPATH\Boot.php(363): CodeIgniter\CodeIgniter->run()
 9 SYSTEMPATH\Boot.php(68): CodeIgniter\Boot::runCodeIgniter(Object(CodeIgniter\CodeIgniter))
10 FCPATH\index.php(59): CodeIgniter\Boot::bootWeb(Object(Config\Paths))
CRITICAL - 2025-10-06 15:30:06 --> CodeIgniter\View\Exceptions\ViewException: Invalid file: "layouts/desfault.php"
[Method: GET, Route: tasks/new]
in SYSTEMPATH\Exceptions\FrameworkException.php on line 39.
 1 SYSTEMPATH\View\View.php(214): CodeIgniter\Exceptions\FrameworkException::forInvalidFile('layouts/desfault.php')
 2 SYSTEMPATH\View\View.php(242): CodeIgniter\View\View->render('layouts/desfault', [], true)
 3 SYSTEMPATH\Common.php(1167): CodeIgniter\View\View->render('Tasks/new', [], true)
 4 APPPATH\Controllers\Tasks.php(33): view('Tasks/new')
 5 SYSTEMPATH\CodeIgniter.php(933): App\Controllers\Tasks->new()
 6 SYSTEMPATH\CodeIgniter.php(507): CodeIgniter\CodeIgniter->runController(Object(App\Controllers\Tasks))
 7 SYSTEMPATH\CodeIgniter.php(354): CodeIgniter\CodeIgniter->handleRequest(null, Object(Config\Cache), false)
 8 SYSTEMPATH\Boot.php(363): CodeIgniter\CodeIgniter->run()
 9 SYSTEMPATH\Boot.php(68): CodeIgniter\Boot::runCodeIgniter(Object(CodeIgniter\CodeIgniter))
10 FCPATH\index.php(59): CodeIgniter\Boot::bootWeb(Object(Config\Paths))
CRITICAL - 2025-10-06 15:30:06 --> CodeIgniter\View\Exceptions\ViewException: Invalid file: "layouts/desfault.php"
[Method: GET, Route: tasks/new]
in SYSTEMPATH\Exceptions\FrameworkException.php on line 39.
 1 SYSTEMPATH\View\View.php(214): CodeIgniter\Exceptions\FrameworkException::forInvalidFile('layouts/desfault.php')
 2 SYSTEMPATH\View\View.php(242): CodeIgniter\View\View->render('layouts/desfault', [], true)
 3 SYSTEMPATH\Common.php(1167): CodeIgniter\View\View->render('Tasks/new', [], true)
 4 APPPATH\Controllers\Tasks.php(33): view('Tasks/new')
 5 SYSTEMPATH\CodeIgniter.php(933): App\Controllers\Tasks->new()
 6 SYSTEMPATH\CodeIgniter.php(507): CodeIgniter\CodeIgniter->runController(Object(App\Controllers\Tasks))
 7 SYSTEMPATH\CodeIgniter.php(354): CodeIgniter\CodeIgniter->handleRequest(null, Object(Config\Cache), false)
 8 SYSTEMPATH\Boot.php(363): CodeIgniter\CodeIgniter->run()
 9 SYSTEMPATH\Boot.php(68): CodeIgniter\Boot::runCodeIgniter(Object(CodeIgniter\CodeIgniter))
10 FCPATH\index.php(59): CodeIgniter\Boot::bootWeb(Object(Config\Paths))
CRITICAL - 2025-10-06 15:30:07 --> CodeIgniter\View\Exceptions\ViewException: Invalid file: "layouts/desfault.php"
[Method: GET, Route: tasks/new]
in SYSTEMPATH\Exceptions\FrameworkException.php on line 39.
 1 SYSTEMPATH\View\View.php(214): CodeIgniter\Exceptions\FrameworkException::forInvalidFile('layouts/desfault.php')
 2 SYSTEMPATH\View\View.php(242): CodeIgniter\View\View->render('layouts/desfault', [], true)
 3 SYSTEMPATH\Common.php(1167): CodeIgniter\View\View->render('Tasks/new', [], true)
 4 APPPATH\Controllers\Tasks.php(33): view('Tasks/new')
 5 SYSTEMPATH\CodeIgniter.php(933): App\Controllers\Tasks->new()
 6 SYSTEMPATH\CodeIgniter.php(507): CodeIgniter\CodeIgniter->runController(Object(App\Controllers\Tasks))
 7 SYSTEMPATH\CodeIgniter.php(354): CodeIgniter\CodeIgniter->handleRequest(null, Object(Config\Cache), false)
 8 SYSTEMPATH\Boot.php(363): CodeIgniter\CodeIgniter->run()
 9 SYSTEMPATH\Boot.php(68): CodeIgniter\Boot::runCodeIgniter(Object(CodeIgniter\CodeIgniter))
10 FCPATH\index.php(59): CodeIgniter\Boot::bootWeb(Object(Config\Paths))
CRITICAL - 2025-10-06 15:30:07 --> CodeIgniter\View\Exceptions\ViewException: Invalid file: "layouts/desfault.php"
[Method: GET, Route: tasks/new]
in SYSTEMPATH\Exceptions\FrameworkException.php on line 39.
 1 SYSTEMPATH\View\View.php(214): CodeIgniter\Exceptions\FrameworkException::forInvalidFile('layouts/desfault.php')
 2 SYSTEMPATH\View\View.php(242): CodeIgniter\View\View->render('layouts/desfault', [], true)
 3 SYSTEMPATH\Common.php(1167): CodeIgniter\View\View->render('Tasks/new', [], true)
 4 APPPATH\Controllers\Tasks.php(33): view('Tasks/new')
 5 SYSTEMPATH\CodeIgniter.php(933): App\Controllers\Tasks->new()
 6 SYSTEMPATH\CodeIgniter.php(507): CodeIgniter\CodeIgniter->runController(Object(App\Controllers\Tasks))
 7 SYSTEMPATH\CodeIgniter.php(354): CodeIgniter\CodeIgniter->handleRequest(null, Object(Config\Cache), false)
 8 SYSTEMPATH\Boot.php(363): CodeIgniter\CodeIgniter->run()
 9 SYSTEMPATH\Boot.php(68): CodeIgniter\Boot::runCodeIgniter(Object(CodeIgniter\CodeIgniter))
10 FCPATH\index.php(59): CodeIgniter\Boot::bootWeb(Object(Config\Paths))
CRITICAL - 2025-10-06 15:30:07 --> CodeIgniter\View\Exceptions\ViewException: Invalid file: "layouts/desfault.php"
[Method: GET, Route: tasks/new]
in SYSTEMPATH\Exceptions\FrameworkException.php on line 39.
 1 SYSTEMPATH\View\View.php(214): CodeIgniter\Exceptions\FrameworkException::forInvalidFile('layouts/desfault.php')
 2 SYSTEMPATH\View\View.php(242): CodeIgniter\View\View->render('layouts/desfault', [], true)
 3 SYSTEMPATH\Common.php(1167): CodeIgniter\View\View->render('Tasks/new', [], true)
 4 APPPATH\Controllers\Tasks.php(33): view('Tasks/new')
 5 SYSTEMPATH\CodeIgniter.php(933): App\Controllers\Tasks->new()
 6 SYSTEMPATH\CodeIgniter.php(507): CodeIgniter\CodeIgniter->runController(Object(App\Controllers\Tasks))
 7 SYSTEMPATH\CodeIgniter.php(354): CodeIgniter\CodeIgniter->handleRequest(null, Object(Config\Cache), false)
 8 SYSTEMPATH\Boot.php(363): CodeIgniter\CodeIgniter->run()
 9 SYSTEMPATH\Boot.php(68): CodeIgniter\Boot::runCodeIgniter(Object(CodeIgniter\CodeIgniter))
10 FCPATH\index.php(59): CodeIgniter\Boot::bootWeb(Object(Config\Paths))
CRITICAL - 2025-10-06 15:30:07 --> CodeIgniter\View\Exceptions\ViewException: Invalid file: "layouts/desfault.php"
[Method: GET, Route: tasks/new]
in SYSTEMPATH\Exceptions\FrameworkException.php on line 39.
 1 SYSTEMPATH\View\View.php(214): CodeIgniter\Exceptions\FrameworkException::forInvalidFile('layouts/desfault.php')
 2 SYSTEMPATH\View\View.php(242): CodeIgniter\View\View->render('layouts/desfault', [], true)
 3 SYSTEMPATH\Common.php(1167): CodeIgniter\View\View->render('Tasks/new', [], true)
 4 APPPATH\Controllers\Tasks.php(33): view('Tasks/new')
 5 SYSTEMPATH\CodeIgniter.php(933): App\Controllers\Tasks->new()
 6 SYSTEMPATH\CodeIgniter.php(507): CodeIgniter\CodeIgniter->runController(Object(App\Controllers\Tasks))
 7 SYSTEMPATH\CodeIgniter.php(354): CodeIgniter\CodeIgniter->handleRequest(null, Object(Config\Cache), false)
 8 SYSTEMPATH\Boot.php(363): CodeIgniter\CodeIgniter->run()
 9 SYSTEMPATH\Boot.php(68): CodeIgniter\Boot::runCodeIgniter(Object(CodeIgniter\CodeIgniter))
10 FCPATH\index.php(59): CodeIgniter\Boot::bootWeb(Object(Config\Paths))
CRITICAL - 2025-10-06 15:30:09 --> CodeIgniter\View\Exceptions\ViewException: Invalid file: "layouts/desfault.php"
[Method: GET, Route: tasks/new]
in SYSTEMPATH\Exceptions\FrameworkException.php on line 39.
 1 SYSTEMPATH\View\View.php(214): CodeIgniter\Exceptions\FrameworkException::forInvalidFile('layouts/desfault.php')
 2 SYSTEMPATH\View\View.php(242): CodeIgniter\View\View->render('layouts/desfault', [], true)
 3 SYSTEMPATH\Common.php(1167): CodeIgniter\View\View->render('Tasks/new', [], true)
 4 APPPATH\Controllers\Tasks.php(33): view('Tasks/new')
 5 SYSTEMPATH\CodeIgniter.php(933): App\Controllers\Tasks->new()
 6 SYSTEMPATH\CodeIgniter.php(507): CodeIgniter\CodeIgniter->runController(Object(App\Controllers\Tasks))
 7 SYSTEMPATH\CodeIgniter.php(354): CodeIgniter\CodeIgniter->handleRequest(null, Object(Config\Cache), false)
 8 SYSTEMPATH\Boot.php(363): CodeIgniter\CodeIgniter->run()
 9 SYSTEMPATH\Boot.php(68): CodeIgniter\Boot::runCodeIgniter(Object(CodeIgniter\CodeIgniter))
10 FCPATH\index.php(59): CodeIgniter\Boot::bootWeb(Object(Config\Paths))
CRITICAL - 2025-10-06 15:30:09 --> CodeIgniter\View\Exceptions\ViewException: Invalid file: "layouts/desfault.php"
[Method: GET, Route: tasks/new]
in SYSTEMPATH\Exceptions\FrameworkException.php on line 39.
 1 SYSTEMPATH\View\View.php(214): CodeIgniter\Exceptions\FrameworkException::forInvalidFile('layouts/desfault.php')
 2 SYSTEMPATH\View\View.php(242): CodeIgniter\View\View->render('layouts/desfault', [], true)
 3 SYSTEMPATH\Common.php(1167): CodeIgniter\View\View->render('Tasks/new', [], true)
 4 APPPATH\Controllers\Tasks.php(33): view('Tasks/new')
 5 SYSTEMPATH\CodeIgniter.php(933): App\Controllers\Tasks->new()
 6 SYSTEMPATH\CodeIgniter.php(507): CodeIgniter\CodeIgniter->runController(Object(App\Controllers\Tasks))
 7 SYSTEMPATH\CodeIgniter.php(354): CodeIgniter\CodeIgniter->handleRequest(null, Object(Config\Cache), false)
 8 SYSTEMPATH\Boot.php(363): CodeIgniter\CodeIgniter->run()
 9 SYSTEMPATH\Boot.php(68): CodeIgniter\Boot::runCodeIgniter(Object(CodeIgniter\CodeIgniter))
10 FCPATH\index.php(59): CodeIgniter\Boot::bootWeb(Object(Config\Paths))
CRITICAL - 2025-10-06 15:30:09 --> CodeIgniter\View\Exceptions\ViewException: Invalid file: "layouts/desfault.php"
[Method: GET, Route: tasks/new]
in SYSTEMPATH\Exceptions\FrameworkException.php on line 39.
 1 SYSTEMPATH\View\View.php(214): CodeIgniter\Exceptions\FrameworkException::forInvalidFile('layouts/desfault.php')
 2 SYSTEMPATH\View\View.php(242): CodeIgniter\View\View->render('layouts/desfault', [], true)
 3 SYSTEMPATH\Common.php(1167): CodeIgniter\View\View->render('Tasks/new', [], true)
 4 APPPATH\Controllers\Tasks.php(33): view('Tasks/new')
 5 SYSTEMPATH\CodeIgniter.php(933): App\Controllers\Tasks->new()
 6 SYSTEMPATH\CodeIgniter.php(507): CodeIgniter\CodeIgniter->runController(Object(App\Controllers\Tasks))
 7 SYSTEMPATH\CodeIgniter.php(354): CodeIgniter\CodeIgniter->handleRequest(null, Object(Config\Cache), false)
 8 SYSTEMPATH\Boot.php(363): CodeIgniter\CodeIgniter->run()
 9 SYSTEMPATH\Boot.php(68): CodeIgniter\Boot::runCodeIgniter(Object(CodeIgniter\CodeIgniter))
10 FCPATH\index.php(59): CodeIgniter\Boot::bootWeb(Object(Config\Paths))
CRITICAL - 2025-10-06 15:30:10 --> CodeIgniter\View\Exceptions\ViewException: Invalid file: "layouts/desfault.php"
[Method: GET, Route: tasks/new]
in SYSTEMPATH\Exceptions\FrameworkException.php on line 39.
 1 SYSTEMPATH\View\View.php(214): CodeIgniter\Exceptions\FrameworkException::forInvalidFile('layouts/desfault.php')
 2 SYSTEMPATH\View\View.php(242): CodeIgniter\View\View->render('layouts/desfault', [], true)
 3 SYSTEMPATH\Common.php(1167): CodeIgniter\View\View->render('Tasks/new', [], true)
 4 APPPATH\Controllers\Tasks.php(33): view('Tasks/new')
 5 SYSTEMPATH\CodeIgniter.php(933): App\Controllers\Tasks->new()
 6 SYSTEMPATH\CodeIgniter.php(507): CodeIgniter\CodeIgniter->runController(Object(App\Controllers\Tasks))
 7 SYSTEMPATH\CodeIgniter.php(354): CodeIgniter\CodeIgniter->handleRequest(null, Object(Config\Cache), false)
 8 SYSTEMPATH\Boot.php(363): CodeIgniter\CodeIgniter->run()
 9 SYSTEMPATH\Boot.php(68): CodeIgniter\Boot::runCodeIgniter(Object(CodeIgniter\CodeIgniter))
10 FCPATH\index.php(59): CodeIgniter\Boot::bootWeb(Object(Config\Paths))
CRITICAL - 2025-10-06 15:30:10 --> CodeIgniter\View\Exceptions\ViewException: Invalid file: "layouts/desfault.php"
[Method: GET, Route: tasks/new]
in SYSTEMPATH\Exceptions\FrameworkException.php on line 39.
 1 SYSTEMPATH\View\View.php(214): CodeIgniter\Exceptions\FrameworkException::forInvalidFile('layouts/desfault.php')
 2 SYSTEMPATH\View\View.php(242): CodeIgniter\View\View->render('layouts/desfault', [], true)
 3 SYSTEMPATH\Common.php(1167): CodeIgniter\View\View->render('Tasks/new', [], true)
 4 APPPATH\Controllers\Tasks.php(33): view('Tasks/new')
 5 SYSTEMPATH\CodeIgniter.php(933): App\Controllers\Tasks->new()
 6 SYSTEMPATH\CodeIgniter.php(507): CodeIgniter\CodeIgniter->runController(Object(App\Controllers\Tasks))
 7 SYSTEMPATH\CodeIgniter.php(354): CodeIgniter\CodeIgniter->handleRequest(null, Object(Config\Cache), false)
 8 SYSTEMPATH\Boot.php(363): CodeIgniter\CodeIgniter->run()
 9 SYSTEMPATH\Boot.php(68): CodeIgniter\Boot::runCodeIgniter(Object(CodeIgniter\CodeIgniter))
10 FCPATH\index.php(59): CodeIgniter\Boot::bootWeb(Object(Config\Paths))
CRITICAL - 2025-10-06 15:30:10 --> CodeIgniter\View\Exceptions\ViewException: Invalid file: "layouts/desfault.php"
[Method: GET, Route: tasks/new]
in SYSTEMPATH\Exceptions\FrameworkException.php on line 39.
 1 SYSTEMPATH\View\View.php(214): CodeIgniter\Exceptions\FrameworkException::forInvalidFile('layouts/desfault.php')
 2 SYSTEMPATH\View\View.php(242): CodeIgniter\View\View->render('layouts/desfault', [], true)
 3 SYSTEMPATH\Common.php(1167): CodeIgniter\View\View->render('Tasks/new', [], true)
 4 APPPATH\Controllers\Tasks.php(33): view('Tasks/new')
 5 SYSTEMPATH\CodeIgniter.php(933): App\Controllers\Tasks->new()
 6 SYSTEMPATH\CodeIgniter.php(507): CodeIgniter\CodeIgniter->runController(Object(App\Controllers\Tasks))
 7 SYSTEMPATH\CodeIgniter.php(354): CodeIgniter\CodeIgniter->handleRequest(null, Object(Config\Cache), false)
 8 SYSTEMPATH\Boot.php(363): CodeIgniter\CodeIgniter->run()
 9 SYSTEMPATH\Boot.php(68): CodeIgniter\Boot::runCodeIgniter(Object(CodeIgniter\CodeIgniter))
10 FCPATH\index.php(59): CodeIgniter\Boot::bootWeb(Object(Config\Paths))
CRITICAL - 2025-10-06 15:30:10 --> CodeIgniter\View\Exceptions\ViewException: Invalid file: "layouts/desfault.php"
[Method: GET, Route: tasks/new]
in SYSTEMPATH\Exceptions\FrameworkException.php on line 39.
 1 SYSTEMPATH\View\View.php(214): CodeIgniter\Exceptions\FrameworkException::forInvalidFile('layouts/desfault.php')
 2 SYSTEMPATH\View\View.php(242): CodeIgniter\View\View->render('layouts/desfault', [], true)
 3 SYSTEMPATH\Common.php(1167): CodeIgniter\View\View->render('Tasks/new', [], true)
 4 APPPATH\Controllers\Tasks.php(33): view('Tasks/new')
 5 SYSTEMPATH\CodeIgniter.php(933): App\Controllers\Tasks->new()
 6 SYSTEMPATH\CodeIgniter.php(507): CodeIgniter\CodeIgniter->runController(Object(App\Controllers\Tasks))
 7 SYSTEMPATH\CodeIgniter.php(354): CodeIgniter\CodeIgniter->handleRequest(null, Object(Config\Cache), false)
 8 SYSTEMPATH\Boot.php(363): CodeIgniter\CodeIgniter->run()
 9 SYSTEMPATH\Boot.php(68): CodeIgniter\Boot::runCodeIgniter(Object(CodeIgniter\CodeIgniter))
10 FCPATH\index.php(59): CodeIgniter\Boot::bootWeb(Object(Config\Paths))
CRITICAL - 2025-10-06 15:41:56 --> CodeIgniter\View\Exceptions\ViewException: Invalid file: "layouts/desfault.php"
[Method: GET, Route: tasks/new]
in SYSTEMPATH\Exceptions\FrameworkException.php on line 39.
 1 SYSTEMPATH\View\View.php(214): CodeIgniter\Exceptions\FrameworkException::forInvalidFile('layouts/desfault.php')
 2 SYSTEMPATH\View\View.php(242): CodeIgniter\View\View->render('layouts/desfault', [], true)
 3 SYSTEMPATH\Common.php(1167): CodeIgniter\View\View->render('Tasks/new', [], true)
 4 APPPATH\Controllers\Tasks.php(33): view('Tasks/new')
 5 SYSTEMPATH\CodeIgniter.php(933): App\Controllers\Tasks->new()
 6 SYSTEMPATH\CodeIgniter.php(507): CodeIgniter\CodeIgniter->runController(Object(App\Controllers\Tasks))
 7 SYSTEMPATH\CodeIgniter.php(354): CodeIgniter\CodeIgniter->handleRequest(null, Object(Config\Cache), false)
 8 SYSTEMPATH\Boot.php(363): CodeIgniter\CodeIgniter->run()
 9 SYSTEMPATH\Boot.php(68): CodeIgniter\Boot::runCodeIgniter(Object(CodeIgniter\CodeIgniter))
10 FCPATH\index.php(59): CodeIgniter\Boot::bootWeb(Object(Config\Paths))
CRITICAL - 2025-10-06 15:41:56 --> CodeIgniter\View\Exceptions\ViewException: Invalid file: "layouts/desfault.php"
[Method: GET, Route: tasks/new]
in SYSTEMPATH\Exceptions\FrameworkException.php on line 39.
 1 SYSTEMPATH\View\View.php(214): CodeIgniter\Exceptions\FrameworkException::forInvalidFile('layouts/desfault.php')
 2 SYSTEMPATH\View\View.php(242): CodeIgniter\View\View->render('layouts/desfault', [], true)
 3 SYSTEMPATH\Common.php(1167): CodeIgniter\View\View->render('Tasks/new', [], true)
 4 APPPATH\Controllers\Tasks.php(33): view('Tasks/new')
 5 SYSTEMPATH\CodeIgniter.php(933): App\Controllers\Tasks->new()
 6 SYSTEMPATH\CodeIgniter.php(507): CodeIgniter\CodeIgniter->runController(Object(App\Controllers\Tasks))
 7 SYSTEMPATH\CodeIgniter.php(354): CodeIgniter\CodeIgniter->handleRequest(null, Object(Config\Cache), false)
 8 SYSTEMPATH\Boot.php(363): CodeIgniter\CodeIgniter->run()
 9 SYSTEMPATH\Boot.php(68): CodeIgniter\Boot::runCodeIgniter(Object(CodeIgniter\CodeIgniter))
10 FCPATH\index.php(59): CodeIgniter\Boot::bootWeb(Object(Config\Paths))
CRITICAL - 2025-10-06 15:41:57 --> CodeIgniter\View\Exceptions\ViewException: Invalid file: "layouts/desfault.php"
[Method: GET, Route: tasks/new]
in SYSTEMPATH\Exceptions\FrameworkException.php on line 39.
 1 SYSTEMPATH\View\View.php(214): CodeIgniter\Exceptions\FrameworkException::forInvalidFile('layouts/desfault.php')
 2 SYSTEMPATH\View\View.php(242): CodeIgniter\View\View->render('layouts/desfault', [], true)
 3 SYSTEMPATH\Common.php(1167): CodeIgniter\View\View->render('Tasks/new', [], true)
 4 APPPATH\Controllers\Tasks.php(33): view('Tasks/new')
 5 SYSTEMPATH\CodeIgniter.php(933): App\Controllers\Tasks->new()
 6 SYSTEMPATH\CodeIgniter.php(507): CodeIgniter\CodeIgniter->runController(Object(App\Controllers\Tasks))
 7 SYSTEMPATH\CodeIgniter.php(354): CodeIgniter\CodeIgniter->handleRequest(null, Object(Config\Cache), false)
 8 SYSTEMPATH\Boot.php(363): CodeIgniter\CodeIgniter->run()
 9 SYSTEMPATH\Boot.php(68): CodeIgniter\Boot::runCodeIgniter(Object(CodeIgniter\CodeIgniter))
10 FCPATH\index.php(59): CodeIgniter\Boot::bootWeb(Object(Config\Paths))
CRITICAL - 2025-10-06 15:41:57 --> CodeIgniter\View\Exceptions\ViewException: Invalid file: "layouts/desfault.php"
[Method: GET, Route: tasks/new]
in SYSTEMPATH\Exceptions\FrameworkException.php on line 39.
 1 SYSTEMPATH\View\View.php(214): CodeIgniter\Exceptions\FrameworkException::forInvalidFile('layouts/desfault.php')
 2 SYSTEMPATH\View\View.php(242): CodeIgniter\View\View->render('layouts/desfault', [], true)
 3 SYSTEMPATH\Common.php(1167): CodeIgniter\View\View->render('Tasks/new', [], true)
 4 APPPATH\Controllers\Tasks.php(33): view('Tasks/new')
 5 SYSTEMPATH\CodeIgniter.php(933): App\Controllers\Tasks->new()
 6 SYSTEMPATH\CodeIgniter.php(507): CodeIgniter\CodeIgniter->runController(Object(App\Controllers\Tasks))
 7 SYSTEMPATH\CodeIgniter.php(354): CodeIgniter\CodeIgniter->handleRequest(null, Object(Config\Cache), false)
 8 SYSTEMPATH\Boot.php(363): CodeIgniter\CodeIgniter->run()
 9 SYSTEMPATH\Boot.php(68): CodeIgniter\Boot::runCodeIgniter(Object(CodeIgniter\CodeIgniter))
10 FCPATH\index.php(59): CodeIgniter\Boot::bootWeb(Object(Config\Paths))
CRITICAL - 2025-10-06 15:41:57 --> CodeIgniter\View\Exceptions\ViewException: Invalid file: "layouts/desfault.php"
[Method: GET, Route: tasks/new]
in SYSTEMPATH\Exceptions\FrameworkException.php on line 39.
 1 SYSTEMPATH\View\View.php(214): CodeIgniter\Exceptions\FrameworkException::forInvalidFile('layouts/desfault.php')
 2 SYSTEMPATH\View\View.php(242): CodeIgniter\View\View->render('layouts/desfault', [], true)
 3 SYSTEMPATH\Common.php(1167): CodeIgniter\View\View->render('Tasks/new', [], true)
 4 APPPATH\Controllers\Tasks.php(33): view('Tasks/new')
 5 SYSTEMPATH\CodeIgniter.php(933): App\Controllers\Tasks->new()
 6 SYSTEMPATH\CodeIgniter.php(507): CodeIgniter\CodeIgniter->runController(Object(App\Controllers\Tasks))
 7 SYSTEMPATH\CodeIgniter.php(354): CodeIgniter\CodeIgniter->handleRequest(null, Object(Config\Cache), false)
 8 SYSTEMPATH\Boot.php(363): CodeIgniter\CodeIgniter->run()
 9 SYSTEMPATH\Boot.php(68): CodeIgniter\Boot::runCodeIgniter(Object(CodeIgniter\CodeIgniter))
10 FCPATH\index.php(59): CodeIgniter\Boot::bootWeb(Object(Config\Paths))
CRITICAL - 2025-10-06 15:41:57 --> CodeIgniter\View\Exceptions\ViewException: Invalid file: "layouts/desfault.php"
[Method: GET, Route: tasks/new]
in SYSTEMPATH\Exceptions\FrameworkException.php on line 39.
 1 SYSTEMPATH\View\View.php(214): CodeIgniter\Exceptions\FrameworkException::forInvalidFile('layouts/desfault.php')
 2 SYSTEMPATH\View\View.php(242): CodeIgniter\View\View->render('layouts/desfault', [], true)
 3 SYSTEMPATH\Common.php(1167): CodeIgniter\View\View->render('Tasks/new', [], true)
 4 APPPATH\Controllers\Tasks.php(33): view('Tasks/new')
 5 SYSTEMPATH\CodeIgniter.php(933): App\Controllers\Tasks->new()
 6 SYSTEMPATH\CodeIgniter.php(507): CodeIgniter\CodeIgniter->runController(Object(App\Controllers\Tasks))
 7 SYSTEMPATH\CodeIgniter.php(354): CodeIgniter\CodeIgniter->handleRequest(null, Object(Config\Cache), false)
 8 SYSTEMPATH\Boot.php(363): CodeIgniter\CodeIgniter->run()
 9 SYSTEMPATH\Boot.php(68): CodeIgniter\Boot::runCodeIgniter(Object(CodeIgniter\CodeIgniter))
10 FCPATH\index.php(59): CodeIgniter\Boot::bootWeb(Object(Config\Paths))
CRITICAL - 2025-10-06 15:41:57 --> CodeIgniter\View\Exceptions\ViewException: Invalid file: "layouts/desfault.php"
[Method: GET, Route: tasks/new]
in SYSTEMPATH\Exceptions\FrameworkException.php on line 39.
 1 SYSTEMPATH\View\View.php(214): CodeIgniter\Exceptions\FrameworkException::forInvalidFile('layouts/desfault.php')
 2 SYSTEMPATH\View\View.php(242): CodeIgniter\View\View->render('layouts/desfault', [], true)
 3 SYSTEMPATH\Common.php(1167): CodeIgniter\View\View->render('Tasks/new', [], true)
 4 APPPATH\Controllers\Tasks.php(33): view('Tasks/new')
 5 SYSTEMPATH\CodeIgniter.php(933): App\Controllers\Tasks->new()
 6 SYSTEMPATH\CodeIgniter.php(507): CodeIgniter\CodeIgniter->runController(Object(App\Controllers\Tasks))
 7 SYSTEMPATH\CodeIgniter.php(354): CodeIgniter\CodeIgniter->handleRequest(null, Object(Config\Cache), false)
 8 SYSTEMPATH\Boot.php(363): CodeIgniter\CodeIgniter->run()
 9 SYSTEMPATH\Boot.php(68): CodeIgniter\Boot::runCodeIgniter(Object(CodeIgniter\CodeIgniter))
10 FCPATH\index.php(59): CodeIgniter\Boot::bootWeb(Object(Config\Paths))
CRITICAL - 2025-10-06 15:41:58 --> CodeIgniter\View\Exceptions\ViewException: Invalid file: "layouts/desfault.php"
[Method: GET, Route: tasks/new]
in SYSTEMPATH\Exceptions\FrameworkException.php on line 39.
 1 SYSTEMPATH\View\View.php(214): CodeIgniter\Exceptions\FrameworkException::forInvalidFile('layouts/desfault.php')
 2 SYSTEMPATH\View\View.php(242): CodeIgniter\View\View->render('layouts/desfault', [], true)
 3 SYSTEMPATH\Common.php(1167): CodeIgniter\View\View->render('Tasks/new', [], true)
 4 APPPATH\Controllers\Tasks.php(33): view('Tasks/new')
 5 SYSTEMPATH\CodeIgniter.php(933): App\Controllers\Tasks->new()
 6 SYSTEMPATH\CodeIgniter.php(507): CodeIgniter\CodeIgniter->runController(Object(App\Controllers\Tasks))
 7 SYSTEMPATH\CodeIgniter.php(354): CodeIgniter\CodeIgniter->handleRequest(null, Object(Config\Cache), false)
 8 SYSTEMPATH\Boot.php(363): CodeIgniter\CodeIgniter->run()
 9 SYSTEMPATH\Boot.php(68): CodeIgniter\Boot::runCodeIgniter(Object(CodeIgniter\CodeIgniter))
10 FCPATH\index.php(59): CodeIgniter\Boot::bootWeb(Object(Config\Paths))
CRITICAL - 2025-10-06 15:41:58 --> CodeIgniter\View\Exceptions\ViewException: Invalid file: "layouts/desfault.php"
[Method: GET, Route: tasks/new]
in SYSTEMPATH\Exceptions\FrameworkException.php on line 39.
 1 SYSTEMPATH\View\View.php(214): CodeIgniter\Exceptions\FrameworkException::forInvalidFile('layouts/desfault.php')
 2 SYSTEMPATH\View\View.php(242): CodeIgniter\View\View->render('layouts/desfault', [], true)
 3 SYSTEMPATH\Common.php(1167): CodeIgniter\View\View->render('Tasks/new', [], true)
 4 APPPATH\Controllers\Tasks.php(33): view('Tasks/new')
 5 SYSTEMPATH\CodeIgniter.php(933): App\Controllers\Tasks->new()
 6 SYSTEMPATH\CodeIgniter.php(507): CodeIgniter\CodeIgniter->runController(Object(App\Controllers\Tasks))
 7 SYSTEMPATH\CodeIgniter.php(354): CodeIgniter\CodeIgniter->handleRequest(null, Object(Config\Cache), false)
 8 SYSTEMPATH\Boot.php(363): CodeIgniter\CodeIgniter->run()
 9 SYSTEMPATH\Boot.php(68): CodeIgniter\Boot::runCodeIgniter(Object(CodeIgniter\CodeIgniter))
10 FCPATH\index.php(59): CodeIgniter\Boot::bootWeb(Object(Config\Paths))
CRITICAL - 2025-10-06 15:41:58 --> CodeIgniter\View\Exceptions\ViewException: Invalid file: "layouts/desfault.php"
[Method: GET, Route: tasks/new]
in SYSTEMPATH\Exceptions\FrameworkException.php on line 39.
 1 SYSTEMPATH\View\View.php(214): CodeIgniter\Exceptions\FrameworkException::forInvalidFile('layouts/desfault.php')
 2 SYSTEMPATH\View\View.php(242): CodeIgniter\View\View->render('layouts/desfault', [], true)
 3 SYSTEMPATH\Common.php(1167): CodeIgniter\View\View->render('Tasks/new', [], true)
 4 APPPATH\Controllers\Tasks.php(33): view('Tasks/new')
 5 SYSTEMPATH\CodeIgniter.php(933): App\Controllers\Tasks->new()
 6 SYSTEMPATH\CodeIgniter.php(507): CodeIgniter\CodeIgniter->runController(Object(App\Controllers\Tasks))
 7 SYSTEMPATH\CodeIgniter.php(354): CodeIgniter\CodeIgniter->handleRequest(null, Object(Config\Cache), false)
 8 SYSTEMPATH\Boot.php(363): CodeIgniter\CodeIgniter->run()
 9 SYSTEMPATH\Boot.php(68): CodeIgniter\Boot::runCodeIgniter(Object(CodeIgniter\CodeIgniter))
10 FCPATH\index.php(59): CodeIgniter\Boot::bootWeb(Object(Config\Paths))
CRITICAL - 2025-10-06 15:41:58 --> CodeIgniter\View\Exceptions\ViewException: Invalid file: "layouts/desfault.php"
[Method: GET, Route: tasks/new]
in SYSTEMPATH\Exceptions\FrameworkException.php on line 39.
 1 SYSTEMPATH\View\View.php(214): CodeIgniter\Exceptions\FrameworkException::forInvalidFile('layouts/desfault.php')
 2 SYSTEMPATH\View\View.php(242): CodeIgniter\View\View->render('layouts/desfault', [], true)
 3 SYSTEMPATH\Common.php(1167): CodeIgniter\View\View->render('Tasks/new', [], true)
 4 APPPATH\Controllers\Tasks.php(33): view('Tasks/new')
 5 SYSTEMPATH\CodeIgniter.php(933): App\Controllers\Tasks->new()
 6 SYSTEMPATH\CodeIgniter.php(507): CodeIgniter\CodeIgniter->runController(Object(App\Controllers\Tasks))
 7 SYSTEMPATH\CodeIgniter.php(354): CodeIgniter\CodeIgniter->handleRequest(null, Object(Config\Cache), false)
 8 SYSTEMPATH\Boot.php(363): CodeIgniter\CodeIgniter->run()
 9 SYSTEMPATH\Boot.php(68): CodeIgniter\Boot::runCodeIgniter(Object(CodeIgniter\CodeIgniter))
10 FCPATH\index.php(59): CodeIgniter\Boot::bootWeb(Object(Config\Paths))
CRITICAL - 2025-10-06 15:41:58 --> CodeIgniter\View\Exceptions\ViewException: Invalid file: "layouts/desfault.php"
[Method: GET, Route: tasks/new]
in SYSTEMPATH\Exceptions\FrameworkException.php on line 39.
 1 SYSTEMPATH\View\View.php(214): CodeIgniter\Exceptions\FrameworkException::forInvalidFile('layouts/desfault.php')
 2 SYSTEMPATH\View\View.php(242): CodeIgniter\View\View->render('layouts/desfault', [], true)
 3 SYSTEMPATH\Common.php(1167): CodeIgniter\View\View->render('Tasks/new', [], true)
 4 APPPATH\Controllers\Tasks.php(33): view('Tasks/new')
 5 SYSTEMPATH\CodeIgniter.php(933): App\Controllers\Tasks->new()
 6 SYSTEMPATH\CodeIgniter.php(507): CodeIgniter\CodeIgniter->runController(Object(App\Controllers\Tasks))
 7 SYSTEMPATH\CodeIgniter.php(354): CodeIgniter\CodeIgniter->handleRequest(null, Object(Config\Cache), false)
 8 SYSTEMPATH\Boot.php(363): CodeIgniter\CodeIgniter->run()
 9 SYSTEMPATH\Boot.php(68): CodeIgniter\Boot::runCodeIgniter(Object(CodeIgniter\CodeIgniter))
10 FCPATH\index.php(59): CodeIgniter\Boot::bootWeb(Object(Config\Paths))
CRITICAL - 2025-10-06 15:41:58 --> CodeIgniter\View\Exceptions\ViewException: Invalid file: "layouts/desfault.php"
[Method: GET, Route: tasks/new]
in SYSTEMPATH\Exceptions\FrameworkException.php on line 39.
 1 SYSTEMPATH\View\View.php(214): CodeIgniter\Exceptions\FrameworkException::forInvalidFile('layouts/desfault.php')
 2 SYSTEMPATH\View\View.php(242): CodeIgniter\View\View->render('layouts/desfault', [], true)
 3 SYSTEMPATH\Common.php(1167): CodeIgniter\View\View->render('Tasks/new', [], true)
 4 APPPATH\Controllers\Tasks.php(33): view('Tasks/new')
 5 SYSTEMPATH\CodeIgniter.php(933): App\Controllers\Tasks->new()
 6 SYSTEMPATH\CodeIgniter.php(507): CodeIgniter\CodeIgniter->runController(Object(App\Controllers\Tasks))
 7 SYSTEMPATH\CodeIgniter.php(354): CodeIgniter\CodeIgniter->handleRequest(null, Object(Config\Cache), false)
 8 SYSTEMPATH\Boot.php(363): CodeIgniter\CodeIgniter->run()
 9 SYSTEMPATH\Boot.php(68): CodeIgniter\Boot::runCodeIgniter(Object(CodeIgniter\CodeIgniter))
10 FCPATH\index.php(59): CodeIgniter\Boot::bootWeb(Object(Config\Paths))
CRITICAL - 2025-10-06 15:41:59 --> CodeIgniter\View\Exceptions\ViewException: Invalid file: "layouts/desfault.php"
[Method: GET, Route: tasks/new]
in SYSTEMPATH\Exceptions\FrameworkException.php on line 39.
 1 SYSTEMPATH\View\View.php(214): CodeIgniter\Exceptions\FrameworkException::forInvalidFile('layouts/desfault.php')
 2 SYSTEMPATH\View\View.php(242): CodeIgniter\View\View->render('layouts/desfault', [], true)
 3 SYSTEMPATH\Common.php(1167): CodeIgniter\View\View->render('Tasks/new', [], true)
 4 APPPATH\Controllers\Tasks.php(33): view('Tasks/new')
 5 SYSTEMPATH\CodeIgniter.php(933): App\Controllers\Tasks->new()
 6 SYSTEMPATH\CodeIgniter.php(507): CodeIgniter\CodeIgniter->runController(Object(App\Controllers\Tasks))
 7 SYSTEMPATH\CodeIgniter.php(354): CodeIgniter\CodeIgniter->handleRequest(null, Object(Config\Cache), false)
 8 SYSTEMPATH\Boot.php(363): CodeIgniter\CodeIgniter->run()
 9 SYSTEMPATH\Boot.php(68): CodeIgniter\Boot::runCodeIgniter(Object(CodeIgniter\CodeIgniter))
10 FCPATH\index.php(59): CodeIgniter\Boot::bootWeb(Object(Config\Paths))
CRITICAL - 2025-10-06 15:41:59 --> CodeIgniter\View\Exceptions\ViewException: Invalid file: "layouts/desfault.php"
[Method: GET, Route: tasks/new]
in SYSTEMPATH\Exceptions\FrameworkException.php on line 39.
 1 SYSTEMPATH\View\View.php(214): CodeIgniter\Exceptions\FrameworkException::forInvalidFile('layouts/desfault.php')
 2 SYSTEMPATH\View\View.php(242): CodeIgniter\View\View->render('layouts/desfault', [], true)
 3 SYSTEMPATH\Common.php(1167): CodeIgniter\View\View->render('Tasks/new', [], true)
 4 APPPATH\Controllers\Tasks.php(33): view('Tasks/new')
 5 SYSTEMPATH\CodeIgniter.php(933): App\Controllers\Tasks->new()
 6 SYSTEMPATH\CodeIgniter.php(507): CodeIgniter\CodeIgniter->runController(Object(App\Controllers\Tasks))
 7 SYSTEMPATH\CodeIgniter.php(354): CodeIgniter\CodeIgniter->handleRequest(null, Object(Config\Cache), false)
 8 SYSTEMPATH\Boot.php(363): CodeIgniter\CodeIgniter->run()
 9 SYSTEMPATH\Boot.php(68): CodeIgniter\Boot::runCodeIgniter(Object(CodeIgniter\CodeIgniter))
10 FCPATH\index.php(59): CodeIgniter\Boot::bootWeb(Object(Config\Paths))
CRITICAL - 2025-10-06 15:42:17 --> CodeIgniter\View\Exceptions\ViewException: Invalid file: "layouts/desfault.php"
[Method: GET, Route: tasks/new]
in SYSTEMPATH\Exceptions\FrameworkException.php on line 39.
 1 SYSTEMPATH\View\View.php(214): CodeIgniter\Exceptions\FrameworkException::forInvalidFile('layouts/desfault.php')
 2 SYSTEMPATH\View\View.php(242): CodeIgniter\View\View->render('layouts/desfault', [], true)
 3 SYSTEMPATH\Common.php(1167): CodeIgniter\View\View->render('Tasks/new', [], true)
 4 APPPATH\Controllers\Tasks.php(33): view('Tasks/new')
 5 SYSTEMPATH\CodeIgniter.php(933): App\Controllers\Tasks->new()
 6 SYSTEMPATH\CodeIgniter.php(507): CodeIgniter\CodeIgniter->runController(Object(App\Controllers\Tasks))
 7 SYSTEMPATH\CodeIgniter.php(354): CodeIgniter\CodeIgniter->handleRequest(null, Object(Config\Cache), false)
 8 SYSTEMPATH\Boot.php(363): CodeIgniter\CodeIgniter->run()
 9 SYSTEMPATH\Boot.php(68): CodeIgniter\Boot::runCodeIgniter(Object(CodeIgniter\CodeIgniter))
10 FCPATH\index.php(59): CodeIgniter\Boot::bootWeb(Object(Config\Paths))
CRITICAL - 2025-10-06 15:51:31 --> CodeIgniter\View\Exceptions\ViewException: Invalid file: "layouts/desfault.php"
[Method: GET, Route: tasks/new]
in SYSTEMPATH\Exceptions\FrameworkException.php on line 39.
 1 SYSTEMPATH\View\View.php(214): CodeIgniter\Exceptions\FrameworkException::forInvalidFile('layouts/desfault.php')
 2 SYSTEMPATH\View\View.php(242): CodeIgniter\View\View->render('layouts/desfault', [], true)
 3 SYSTEMPATH\Common.php(1167): CodeIgniter\View\View->render('Tasks/new', [], true)
 4 APPPATH\Controllers\Tasks.php(33): view('Tasks/new')
 5 SYSTEMPATH\CodeIgniter.php(933): App\Controllers\Tasks->new()
 6 SYSTEMPATH\CodeIgniter.php(507): CodeIgniter\CodeIgniter->runController(Object(App\Controllers\Tasks))
 7 SYSTEMPATH\CodeIgniter.php(354): CodeIgniter\CodeIgniter->handleRequest(null, Object(Config\Cache), false)
 8 SYSTEMPATH\Boot.php(363): CodeIgniter\CodeIgniter->run()
 9 SYSTEMPATH\Boot.php(68): CodeIgniter\Boot::runCodeIgniter(Object(CodeIgniter\CodeIgniter))
10 FCPATH\index.php(59): CodeIgniter\Boot::bootWeb(Object(Config\Paths))
ERROR - 2025-10-06 16:41:06 --> mysqli_sql_exception: Unknown column 'updated_at' in 'field list' in C:\xampp\htdocs\taskapp\system\Database\MySQLi\Connection.php:327
Stack trace:
#0 C:\xampp\htdocs\taskapp\system\Database\MySQLi\Connection.php(327): mysqli->query('INSERT INTO `ta...', 0)
#1 C:\xampp\htdocs\taskapp\system\Database\BaseConnection.php(729): CodeIgniter\Database\MySQLi\Connection->execute('INSERT INTO `ta...')
#2 C:\xampp\htdocs\taskapp\system\Database\BaseConnection.php(646): CodeIgniter\Database\BaseConnection->simpleQuery('INSERT INTO `ta...')
#3 C:\xampp\htdocs\taskapp\system\Database\BaseBuilder.php(2345): CodeIgniter\Database\BaseConnection->query('INSERT INTO `ta...', Array, false)
#4 C:\xampp\htdocs\taskapp\system\Model.php(394): CodeIgniter\Database\BaseBuilder->insert()
#5 C:\xampp\htdocs\taskapp\system\BaseModel.php(838): CodeIgniter\Model->doInsert(Array)
#6 C:\xampp\htdocs\taskapp\system\Model.php(797): CodeIgniter\BaseModel->insert(Array, true)
#7 C:\xampp\htdocs\taskapp\app\Controllers\Tasks.php(41): CodeIgniter\Model->insert(Array)
#8 C:\xampp\htdocs\taskapp\system\CodeIgniter.php(933): App\Controllers\Tasks->create()
#9 C:\xampp\htdocs\taskapp\system\CodeIgniter.php(507): CodeIgniter\CodeIgniter->runController(Object(App\Controllers\Tasks))
#10 C:\xampp\htdocs\taskapp\system\CodeIgniter.php(354): CodeIgniter\CodeIgniter->handleRequest(NULL, Object(Config\Cache), false)
#11 C:\xampp\htdocs\taskapp\system\Boot.php(363): CodeIgniter\CodeIgniter->run()
#12 C:\xampp\htdocs\taskapp\system\Boot.php(68): CodeIgniter\Boot::runCodeIgniter(Object(CodeIgniter\CodeIgniter))
#13 C:\xampp\htdocs\taskapp\public\index.php(59): CodeIgniter\Boot::bootWeb(Object(Config\Paths))
#14 {main}
CRITICAL - 2025-10-06 16:41:06 --> CodeIgniter\Database\Exceptions\DatabaseException: Unknown column 'updated_at' in 'field list'
[Method: POST, Route: tasks/create]
in SYSTEMPATH\Database\BaseConnection.php on line 684.
 1 SYSTEMPATH\Database\BaseBuilder.php(2345): CodeIgniter\Database\BaseConnection->query('INSERT INTO `task` (`description`, `created_at`, `updated_at`) VALUES (:description:, :created_at:, :updated_at:)', [...], false)
 2 SYSTEMPATH\Model.php(394): CodeIgniter\Database\BaseBuilder->insert()
 3 SYSTEMPATH\BaseModel.php(838): CodeIgniter\Model->doInsert([...])
 4 SYSTEMPATH\Model.php(797): CodeIgniter\BaseModel->insert([...], true)
 5 APPPATH\Controllers\Tasks.php(41): CodeIgniter\Model->insert([...])
 6 SYSTEMPATH\CodeIgniter.php(933): App\Controllers\Tasks->create()
 7 SYSTEMPATH\CodeIgniter.php(507): CodeIgniter\CodeIgniter->runController(Object(App\Controllers\Tasks))
 8 SYSTEMPATH\CodeIgniter.php(354): CodeIgniter\CodeIgniter->handleRequest(null, Object(Config\Cache), false)
 9 SYSTEMPATH\Boot.php(363): CodeIgniter\CodeIgniter->run()
10 SYSTEMPATH\Boot.php(68): CodeIgniter\Boot::runCodeIgniter(Object(CodeIgniter\CodeIgniter))
11 FCPATH\index.php(59): CodeIgniter\Boot::bootWeb(Object(Config\Paths))
CRITICAL - 2025-10-06 16:41:06 --> [Caused by] CodeIgniter\Database\Exceptions\DatabaseException: Unknown column 'updated_at' in 'field list'
in SYSTEMPATH\Database\MySQLi\Connection.php on line 332.
 1 SYSTEMPATH\Database\BaseConnection.php(729): CodeIgniter\Database\MySQLi\Connection->execute('INSERT INTO `task` (`description`, `created_at`, `updated_at`) VALUES (\'Another task\', \'2025-10-06 16:41:06\', \'2025-10-06 16:41:06\')')
 2 SYSTEMPATH\Database\BaseConnection.php(646): CodeIgniter\Database\BaseConnection->simpleQuery('INSERT INTO `task` (`description`, `created_at`, `updated_at`) VALUES (\'Another task\', \'2025-10-06 16:41:06\', \'2025-10-06 16:41:06\')')
 3 SYSTEMPATH\Database\BaseBuilder.php(2345): CodeIgniter\Database\BaseConnection->query('INSERT INTO `task` (`description`, `created_at`, `updated_at`) VALUES (:description:, :created_at:, :updated_at:)', [...], false)
 4 SYSTEMPATH\Model.php(394): CodeIgniter\Database\BaseBuilder->insert()
 5 SYSTEMPATH\BaseModel.php(838): CodeIgniter\Model->doInsert([...])
 6 SYSTEMPATH\Model.php(797): CodeIgniter\BaseModel->insert([...], true)
 7 APPPATH\Controllers\Tasks.php(41): CodeIgniter\Model->insert([...])
 8 SYSTEMPATH\CodeIgniter.php(933): App\Controllers\Tasks->create()
 9 SYSTEMPATH\CodeIgniter.php(507): CodeIgniter\CodeIgniter->runController(Object(App\Controllers\Tasks))
10 SYSTEMPATH\CodeIgniter.php(354): CodeIgniter\CodeIgniter->handleRequest(null, Object(Config\Cache), false)
11 SYSTEMPATH\Boot.php(363): CodeIgniter\CodeIgniter->run()
12 SYSTEMPATH\Boot.php(68): CodeIgniter\Boot::runCodeIgniter(Object(CodeIgniter\CodeIgniter))
13 FCPATH\index.php(59): CodeIgniter\Boot::bootWeb(Object(Config\Paths))
CRITICAL - 2025-10-06 16:41:06 --> [Caused by] mysqli_sql_exception: Unknown column 'updated_at' in 'field list'
in SYSTEMPATH\Database\MySQLi\Connection.php on line 327.
 1 SYSTEMPATH\Database\MySQLi\Connection.php(327): mysqli->query('INSERT INTO `task` (`description`, `created_at`, `updated_at`) VALUES (\'Another task\', \'2025-10-06 16:41:06\', \'2025-10-06 16:41:06\')', 0)
 2 SYSTEMPATH\Database\BaseConnection.php(729): CodeIgniter\Database\MySQLi\Connection->execute('INSERT INTO `task` (`description`, `created_at`, `updated_at`) VALUES (\'Another task\', \'2025-10-06 16:41:06\', \'2025-10-06 16:41:06\')')
 3 SYSTEMPATH\Database\BaseConnection.php(646): CodeIgniter\Database\BaseConnection->simpleQuery('INSERT INTO `task` (`description`, `created_at`, `updated_at`) VALUES (\'Another task\', \'2025-10-06 16:41:06\', \'2025-10-06 16:41:06\')')
 4 SYSTEMPATH\Database\BaseBuilder.php(2345): CodeIgniter\Database\BaseConnection->query('INSERT INTO `task` (`description`, `created_at`, `updated_at`) VALUES (:description:, :created_at:, :updated_at:)', [...], false)
 5 SYSTEMPATH\Model.php(394): CodeIgniter\Database\BaseBuilder->insert()
 6 SYSTEMPATH\BaseModel.php(838): CodeIgniter\Model->doInsert([...])
 7 SYSTEMPATH\Model.php(797): CodeIgniter\BaseModel->insert([...], true)
 8 APPPATH\Controllers\Tasks.php(41): CodeIgniter\Model->insert([...])
 9 SYSTEMPATH\CodeIgniter.php(933): App\Controllers\Tasks->create()
10 SYSTEMPATH\CodeIgniter.php(507): CodeIgniter\CodeIgniter->runController(Object(App\Controllers\Tasks))
11 SYSTEMPATH\CodeIgniter.php(354): CodeIgniter\CodeIgniter->handleRequest(null, Object(Config\Cache), false)
12 SYSTEMPATH\Boot.php(363): CodeIgniter\CodeIgniter->run()
13 SYSTEMPATH\Boot.php(68): CodeIgniter\Boot::runCodeIgniter(Object(CodeIgniter\CodeIgniter))
14 FCPATH\index.php(59): CodeIgniter\Boot::bootWeb(Object(Config\Paths))
CRITICAL - 2025-10-06 16:55:08 --> ErrorException: Undefined variable $reult
[Method: POST, Route: tasks/create]
in APPPATH\Controllers\Tasks.php on line 47.
 1 APPPATH\Controllers\Tasks.php(47): CodeIgniter\Debug\Exceptions->errorHandler(2, 'Undefined variable $reult', 'C:\\xampp\\htdocs\\taskapp\\app\\Controllers\\Tasks.php', 47)
 2 SYSTEMPATH\CodeIgniter.php(933): App\Controllers\Tasks->create()
 3 SYSTEMPATH\CodeIgniter.php(507): CodeIgniter\CodeIgniter->runController(Object(App\Controllers\Tasks))
 4 SYSTEMPATH\CodeIgniter.php(354): CodeIgniter\CodeIgniter->handleRequest(null, Object(Config\Cache), false)
 5 SYSTEMPATH\Boot.php(363): CodeIgniter\CodeIgniter->run()
 6 SYSTEMPATH\Boot.php(68): CodeIgniter\Boot::runCodeIgniter(Object(CodeIgniter\CodeIgniter))
 7 FCPATH\index.php(59): CodeIgniter\Boot::bootWeb(Object(Config\Paths))
ERROR - 2025-10-06 17:41:55 --> mysqli_sql_exception: Table 'taskapp.tasks' doesn't exist in C:\xampp\htdocs\taskapp\system\Database\MySQLi\Connection.php:327
Stack trace:
#0 C:\xampp\htdocs\taskapp\system\Database\MySQLi\Connection.php(327): mysqli->query('SELECT *\nFROM `...', 0)
#1 C:\xampp\htdocs\taskapp\system\Database\BaseConnection.php(729): CodeIgniter\Database\MySQLi\Connection->execute('SELECT *\nFROM `...')
#2 C:\xampp\htdocs\taskapp\system\Database\BaseConnection.php(646): CodeIgniter\Database\BaseConnection->simpleQuery('SELECT *\nFROM `...')
#3 C:\xampp\htdocs\taskapp\system\Database\BaseBuilder.php(1649): CodeIgniter\Database\BaseConnection->query('SELECT *\nFROM `...', Array, false)
#4 C:\xampp\htdocs\taskapp\system\Model.php(286): CodeIgniter\Database\BaseBuilder->get()
#5 C:\xampp\htdocs\taskapp\system\BaseModel.php(677): CodeIgniter\Model->doFindAll(0, 0)
#6 C:\xampp\htdocs\taskapp\app\Controllers\Tasks.php(10): CodeIgniter\BaseModel->findAll()
#7 C:\xampp\htdocs\taskapp\system\CodeIgniter.php(933): App\Controllers\Tasks->index()
#8 C:\xampp\htdocs\taskapp\system\CodeIgniter.php(507): CodeIgniter\CodeIgniter->runController(Object(App\Controllers\Tasks))
#9 C:\xampp\htdocs\taskapp\system\CodeIgniter.php(354): CodeIgniter\CodeIgniter->handleRequest(NULL, Object(Config\Cache), false)
#10 C:\xampp\htdocs\taskapp\system\Boot.php(363): CodeIgniter\CodeIgniter->run()
#11 C:\xampp\htdocs\taskapp\system\Boot.php(68): CodeIgniter\Boot::runCodeIgniter(Object(CodeIgniter\CodeIgniter))
#12 C:\xampp\htdocs\taskapp\public\index.php(59): CodeIgniter\Boot::bootWeb(Object(Config\Paths))
#13 {main}
CRITICAL - 2025-10-06 17:41:55 --> CodeIgniter\Database\Exceptions\DatabaseException: Table 'taskapp.tasks' doesn't exist
[Method: GET, Route: tasks]
in SYSTEMPATH\Database\BaseConnection.php on line 684.
 1 SYSTEMPATH\Database\BaseBuilder.php(1649): CodeIgniter\Database\BaseConnection->query('SELECT *
FROM `tasks`', [], false)
 2 SYSTEMPATH\Model.php(286): CodeIgniter\Database\BaseBuilder->get()
 3 SYSTEMPATH\BaseModel.php(677): CodeIgniter\Model->doFindAll(0, 0)
 4 APPPATH\Controllers\Tasks.php(10): CodeIgniter\BaseModel->findAll()
 5 SYSTEMPATH\CodeIgniter.php(933): App\Controllers\Tasks->index()
 6 SYSTEMPATH\CodeIgniter.php(507): CodeIgniter\CodeIgniter->runController(Object(App\Controllers\Tasks))
 7 SYSTEMPATH\CodeIgniter.php(354): CodeIgniter\CodeIgniter->handleRequest(null, Object(Config\Cache), false)
 8 SYSTEMPATH\Boot.php(363): CodeIgniter\CodeIgniter->run()
 9 SYSTEMPATH\Boot.php(68): CodeIgniter\Boot::runCodeIgniter(Object(CodeIgniter\CodeIgniter))
10 FCPATH\index.php(59): CodeIgniter\Boot::bootWeb(Object(Config\Paths))
CRITICAL - 2025-10-06 17:41:55 --> [Caused by] CodeIgniter\Database\Exceptions\DatabaseException: Table 'taskapp.tasks' doesn't exist
in SYSTEMPATH\Database\MySQLi\Connection.php on line 332.
 1 SYSTEMPATH\Database\BaseConnection.php(729): CodeIgniter\Database\MySQLi\Connection->execute('SELECT *
FROM `tasks`')
 2 SYSTEMPATH\Database\BaseConnection.php(646): CodeIgniter\Database\BaseConnection->simpleQuery('SELECT *
FROM `tasks`')
 3 SYSTEMPATH\Database\BaseBuilder.php(1649): CodeIgniter\Database\BaseConnection->query('SELECT *
FROM `tasks`', [], false)
 4 SYSTEMPATH\Model.php(286): CodeIgniter\Database\BaseBuilder->get()
 5 SYSTEMPATH\BaseModel.php(677): CodeIgniter\Model->doFindAll(0, 0)
 6 APPPATH\Controllers\Tasks.php(10): CodeIgniter\BaseModel->findAll()
 7 SYSTEMPATH\CodeIgniter.php(933): App\Controllers\Tasks->index()
 8 SYSTEMPATH\CodeIgniter.php(507): CodeIgniter\CodeIgniter->runController(Object(App\Controllers\Tasks))
 9 SYSTEMPATH\CodeIgniter.php(354): CodeIgniter\CodeIgniter->handleRequest(null, Object(Config\Cache), false)
10 SYSTEMPATH\Boot.php(363): CodeIgniter\CodeIgniter->run()
11 SYSTEMPATH\Boot.php(68): CodeIgniter\Boot::runCodeIgniter(Object(CodeIgniter\CodeIgniter))
12 FCPATH\index.php(59): CodeIgniter\Boot::bootWeb(Object(Config\Paths))
CRITICAL - 2025-10-06 17:41:55 --> [Caused by] mysqli_sql_exception: Table 'taskapp.tasks' doesn't exist
in SYSTEMPATH\Database\MySQLi\Connection.php on line 327.
 1 SYSTEMPATH\Database\MySQLi\Connection.php(327): mysqli->query('SELECT *
FROM `tasks`', 0)
 2 SYSTEMPATH\Database\BaseConnection.php(729): CodeIgniter\Database\MySQLi\Connection->execute('SELECT *
FROM `tasks`')
 3 SYSTEMPATH\Database\BaseConnection.php(646): CodeIgniter\Database\BaseConnection->simpleQuery('SELECT *
FROM `tasks`')
 4 SYSTEMPATH\Database\BaseBuilder.php(1649): CodeIgniter\Database\BaseConnection->query('SELECT *
FROM `tasks`', [], false)
 5 SYSTEMPATH\Model.php(286): CodeIgniter\Database\BaseBuilder->get()
 6 SYSTEMPATH\BaseModel.php(677): CodeIgniter\Model->doFindAll(0, 0)
 7 APPPATH\Controllers\Tasks.php(10): CodeIgniter\BaseModel->findAll()
 8 SYSTEMPATH\CodeIgniter.php(933): App\Controllers\Tasks->index()
 9 SYSTEMPATH\CodeIgniter.php(507): CodeIgniter\CodeIgniter->runController(Object(App\Controllers\Tasks))
10 SYSTEMPATH\CodeIgniter.php(354): CodeIgniter\CodeIgniter->handleRequest(null, Object(Config\Cache), false)
11 SYSTEMPATH\Boot.php(363): CodeIgniter\CodeIgniter->run()
12 SYSTEMPATH\Boot.php(68): CodeIgniter\Boot::runCodeIgniter(Object(CodeIgniter\CodeIgniter))
13 FCPATH\index.php(59): CodeIgniter\Boot::bootWeb(Object(Config\Paths))
ERROR - 2025-10-06 17:44:45 --> mysqli_sql_exception: Table 'taskapp.tasks' doesn't exist in C:\xampp\htdocs\taskapp\system\Database\MySQLi\Connection.php:327
Stack trace:
#0 C:\xampp\htdocs\taskapp\system\Database\MySQLi\Connection.php(327): mysqli->query('INSERT INTO `ta...', 0)
#1 C:\xampp\htdocs\taskapp\system\Database\BaseConnection.php(729): CodeIgniter\Database\MySQLi\Connection->execute('INSERT INTO `ta...')
#2 C:\xampp\htdocs\taskapp\system\Database\BaseConnection.php(646): CodeIgniter\Database\BaseConnection->simpleQuery('INSERT INTO `ta...')
#3 C:\xampp\htdocs\taskapp\system\Database\BaseBuilder.php(2345): CodeIgniter\Database\BaseConnection->query('INSERT INTO `ta...', Array, false)
#4 C:\xampp\htdocs\taskapp\system\Model.php(394): CodeIgniter\Database\BaseBuilder->insert()
#5 C:\xampp\htdocs\taskapp\system\BaseModel.php(838): CodeIgniter\Model->doInsert(Array)
#6 C:\xampp\htdocs\taskapp\system\Model.php(797): CodeIgniter\BaseModel->insert(Array, true)
#7 C:\xampp\htdocs\taskapp\app\Controllers\Tasks.php(41): CodeIgniter\Model->insert(Array)
#8 C:\xampp\htdocs\taskapp\system\CodeIgniter.php(933): App\Controllers\Tasks->create()
#9 C:\xampp\htdocs\taskapp\system\CodeIgniter.php(507): CodeIgniter\CodeIgniter->runController(Object(App\Controllers\Tasks))
#10 C:\xampp\htdocs\taskapp\system\CodeIgniter.php(354): CodeIgniter\CodeIgniter->handleRequest(NULL, Object(Config\Cache), false)
#11 C:\xampp\htdocs\taskapp\system\Boot.php(363): CodeIgniter\CodeIgniter->run()
#12 C:\xampp\htdocs\taskapp\system\Boot.php(68): CodeIgniter\Boot::runCodeIgniter(Object(CodeIgniter\CodeIgniter))
#13 C:\xampp\htdocs\taskapp\public\index.php(59): CodeIgniter\Boot::bootWeb(Object(Config\Paths))
#14 {main}
CRITICAL - 2025-10-06 17:44:45 --> CodeIgniter\Database\Exceptions\DatabaseException: Table 'taskapp.tasks' doesn't exist
[Method: POST, Route: tasks/create]
in SYSTEMPATH\Database\BaseConnection.php on line 684.
 1 SYSTEMPATH\Database\BaseBuilder.php(2345): CodeIgniter\Database\BaseConnection->query('INSERT INTO `tasks` (`description`) VALUES (:description:)', [...], false)
 2 SYSTEMPATH\Model.php(394): CodeIgniter\Database\BaseBuilder->insert()
 3 SYSTEMPATH\BaseModel.php(838): CodeIgniter\Model->doInsert([...])
 4 SYSTEMPATH\Model.php(797): CodeIgniter\BaseModel->insert([...], true)
 5 APPPATH\Controllers\Tasks.php(41): CodeIgniter\Model->insert([...])
 6 SYSTEMPATH\CodeIgniter.php(933): App\Controllers\Tasks->create()
 7 SYSTEMPATH\CodeIgniter.php(507): CodeIgniter\CodeIgniter->runController(Object(App\Controllers\Tasks))
 8 SYSTEMPATH\CodeIgniter.php(354): CodeIgniter\CodeIgniter->handleRequest(null, Object(Config\Cache), false)
 9 SYSTEMPATH\Boot.php(363): CodeIgniter\CodeIgniter->run()
10 SYSTEMPATH\Boot.php(68): CodeIgniter\Boot::runCodeIgniter(Object(CodeIgniter\CodeIgniter))
11 FCPATH\index.php(59): CodeIgniter\Boot::bootWeb(Object(Config\Paths))
CRITICAL - 2025-10-06 17:44:45 --> [Caused by] CodeIgniter\Database\Exceptions\DatabaseException: Table 'taskapp.tasks' doesn't exist
in SYSTEMPATH\Database\MySQLi\Connection.php on line 332.
 1 SYSTEMPATH\Database\BaseConnection.php(729): CodeIgniter\Database\MySQLi\Connection->execute('INSERT INTO `tasks` (`description`) VALUES (\'An important task\')')
 2 SYSTEMPATH\Database\BaseConnection.php(646): CodeIgniter\Database\BaseConnection->simpleQuery('INSERT INTO `tasks` (`description`) VALUES (\'An important task\')')
 3 SYSTEMPATH\Database\BaseBuilder.php(2345): CodeIgniter\Database\BaseConnection->query('INSERT INTO `tasks` (`description`) VALUES (:description:)', [...], false)
 4 SYSTEMPATH\Model.php(394): CodeIgniter\Database\BaseBuilder->insert()
 5 SYSTEMPATH\BaseModel.php(838): CodeIgniter\Model->doInsert([...])
 6 SYSTEMPATH\Model.php(797): CodeIgniter\BaseModel->insert([...], true)
 7 APPPATH\Controllers\Tasks.php(41): CodeIgniter\Model->insert([...])
 8 SYSTEMPATH\CodeIgniter.php(933): App\Controllers\Tasks->create()
 9 SYSTEMPATH\CodeIgniter.php(507): CodeIgniter\CodeIgniter->runController(Object(App\Controllers\Tasks))
10 SYSTEMPATH\CodeIgniter.php(354): CodeIgniter\CodeIgniter->handleRequest(null, Object(Config\Cache), false)
11 SYSTEMPATH\Boot.php(363): CodeIgniter\CodeIgniter->run()
12 SYSTEMPATH\Boot.php(68): CodeIgniter\Boot::runCodeIgniter(Object(CodeIgniter\CodeIgniter))
13 FCPATH\index.php(59): CodeIgniter\Boot::bootWeb(Object(Config\Paths))
CRITICAL - 2025-10-06 17:44:45 --> [Caused by] mysqli_sql_exception: Table 'taskapp.tasks' doesn't exist
in SYSTEMPATH\Database\MySQLi\Connection.php on line 327.
 1 SYSTEMPATH\Database\MySQLi\Connection.php(327): mysqli->query('INSERT INTO `tasks` (`description`) VALUES (\'An important task\')', 0)
 2 SYSTEMPATH\Database\BaseConnection.php(729): CodeIgniter\Database\MySQLi\Connection->execute('INSERT INTO `tasks` (`description`) VALUES (\'An important task\')')
 3 SYSTEMPATH\Database\BaseConnection.php(646): CodeIgniter\Database\BaseConnection->simpleQuery('INSERT INTO `tasks` (`description`) VALUES (\'An important task\')')
 4 SYSTEMPATH\Database\BaseBuilder.php(2345): CodeIgniter\Database\BaseConnection->query('INSERT INTO `tasks` (`description`) VALUES (:description:)', [...], false)
 5 SYSTEMPATH\Model.php(394): CodeIgniter\Database\BaseBuilder->insert()
 6 SYSTEMPATH\BaseModel.php(838): CodeIgniter\Model->doInsert([...])
 7 SYSTEMPATH\Model.php(797): CodeIgniter\BaseModel->insert([...], true)
 8 APPPATH\Controllers\Tasks.php(41): CodeIgniter\Model->insert([...])
 9 SYSTEMPATH\CodeIgniter.php(933): App\Controllers\Tasks->create()
10 SYSTEMPATH\CodeIgniter.php(507): CodeIgniter\CodeIgniter->runController(Object(App\Controllers\Tasks))
11 SYSTEMPATH\CodeIgniter.php(354): CodeIgniter\CodeIgniter->handleRequest(null, Object(Config\Cache), false)
12 SYSTEMPATH\Boot.php(363): CodeIgniter\CodeIgniter->run()
13 SYSTEMPATH\Boot.php(68): CodeIgniter\Boot::runCodeIgniter(Object(CodeIgniter\CodeIgniter))
14 FCPATH\index.php(59): CodeIgniter\Boot::bootWeb(Object(Config\Paths))
ERROR - 2025-10-06 17:45:02 --> mysqli_sql_exception: Table 'taskapp.tasks' doesn't exist in C:\xampp\htdocs\taskapp\system\Database\MySQLi\Connection.php:327
Stack trace:
#0 C:\xampp\htdocs\taskapp\system\Database\MySQLi\Connection.php(327): mysqli->query('INSERT INTO `ta...', 0)
#1 C:\xampp\htdocs\taskapp\system\Database\BaseConnection.php(729): CodeIgniter\Database\MySQLi\Connection->execute('INSERT INTO `ta...')
#2 C:\xampp\htdocs\taskapp\system\Database\BaseConnection.php(646): CodeIgniter\Database\BaseConnection->simpleQuery('INSERT INTO `ta...')
#3 C:\xampp\htdocs\taskapp\system\Database\BaseBuilder.php(2345): CodeIgniter\Database\BaseConnection->query('INSERT INTO `ta...', Array, false)
#4 C:\xampp\htdocs\taskapp\system\Model.php(394): CodeIgniter\Database\BaseBuilder->insert()
#5 C:\xampp\htdocs\taskapp\system\BaseModel.php(838): CodeIgniter\Model->doInsert(Array)
#6 C:\xampp\htdocs\taskapp\system\Model.php(797): CodeIgniter\BaseModel->insert(Array, true)
#7 C:\xampp\htdocs\taskapp\app\Controllers\Tasks.php(41): CodeIgniter\Model->insert(Array)
#8 C:\xampp\htdocs\taskapp\system\CodeIgniter.php(933): App\Controllers\Tasks->create()
#9 C:\xampp\htdocs\taskapp\system\CodeIgniter.php(507): CodeIgniter\CodeIgniter->runController(Object(App\Controllers\Tasks))
#10 C:\xampp\htdocs\taskapp\system\CodeIgniter.php(354): CodeIgniter\CodeIgniter->handleRequest(NULL, Object(Config\Cache), false)
#11 C:\xampp\htdocs\taskapp\system\Boot.php(363): CodeIgniter\CodeIgniter->run()
#12 C:\xampp\htdocs\taskapp\system\Boot.php(68): CodeIgniter\Boot::runCodeIgniter(Object(CodeIgniter\CodeIgniter))
#13 C:\xampp\htdocs\taskapp\public\index.php(59): CodeIgniter\Boot::bootWeb(Object(Config\Paths))
#14 {main}
CRITICAL - 2025-10-06 17:45:02 --> CodeIgniter\Database\Exceptions\DatabaseException: Table 'taskapp.tasks' doesn't exist
[Method: POST, Route: tasks/create]
in SYSTEMPATH\Database\BaseConnection.php on line 684.
 1 SYSTEMPATH\Database\BaseBuilder.php(2345): CodeIgniter\Database\BaseConnection->query('INSERT INTO `tasks` (`description`) VALUES (:description:)', [...], false)
 2 SYSTEMPATH\Model.php(394): CodeIgniter\Database\BaseBuilder->insert()
 3 SYSTEMPATH\BaseModel.php(838): CodeIgniter\Model->doInsert([...])
 4 SYSTEMPATH\Model.php(797): CodeIgniter\BaseModel->insert([...], true)
 5 APPPATH\Controllers\Tasks.php(41): CodeIgniter\Model->insert([...])
 6 SYSTEMPATH\CodeIgniter.php(933): App\Controllers\Tasks->create()
 7 SYSTEMPATH\CodeIgniter.php(507): CodeIgniter\CodeIgniter->runController(Object(App\Controllers\Tasks))
 8 SYSTEMPATH\CodeIgniter.php(354): CodeIgniter\CodeIgniter->handleRequest(null, Object(Config\Cache), false)
 9 SYSTEMPATH\Boot.php(363): CodeIgniter\CodeIgniter->run()
10 SYSTEMPATH\Boot.php(68): CodeIgniter\Boot::runCodeIgniter(Object(CodeIgniter\CodeIgniter))
11 FCPATH\index.php(59): CodeIgniter\Boot::bootWeb(Object(Config\Paths))
CRITICAL - 2025-10-06 17:45:02 --> [Caused by] CodeIgniter\Database\Exceptions\DatabaseException: Table 'taskapp.tasks' doesn't exist
in SYSTEMPATH\Database\MySQLi\Connection.php on line 332.
 1 SYSTEMPATH\Database\BaseConnection.php(729): CodeIgniter\Database\MySQLi\Connection->execute('INSERT INTO `tasks` (`description`) VALUES (\'An important task\')')
 2 SYSTEMPATH\Database\BaseConnection.php(646): CodeIgniter\Database\BaseConnection->simpleQuery('INSERT INTO `tasks` (`description`) VALUES (\'An important task\')')
 3 SYSTEMPATH\Database\BaseBuilder.php(2345): CodeIgniter\Database\BaseConnection->query('INSERT INTO `tasks` (`description`) VALUES (:description:)', [...], false)
 4 SYSTEMPATH\Model.php(394): CodeIgniter\Database\BaseBuilder->insert()
 5 SYSTEMPATH\BaseModel.php(838): CodeIgniter\Model->doInsert([...])
 6 SYSTEMPATH\Model.php(797): CodeIgniter\BaseModel->insert([...], true)
 7 APPPATH\Controllers\Tasks.php(41): CodeIgniter\Model->insert([...])
 8 SYSTEMPATH\CodeIgniter.php(933): App\Controllers\Tasks->create()
 9 SYSTEMPATH\CodeIgniter.php(507): CodeIgniter\CodeIgniter->runController(Object(App\Controllers\Tasks))
10 SYSTEMPATH\CodeIgniter.php(354): CodeIgniter\CodeIgniter->handleRequest(null, Object(Config\Cache), false)
11 SYSTEMPATH\Boot.php(363): CodeIgniter\CodeIgniter->run()
12 SYSTEMPATH\Boot.php(68): CodeIgniter\Boot::runCodeIgniter(Object(CodeIgniter\CodeIgniter))
13 FCPATH\index.php(59): CodeIgniter\Boot::bootWeb(Object(Config\Paths))
CRITICAL - 2025-10-06 17:45:02 --> [Caused by] mysqli_sql_exception: Table 'taskapp.tasks' doesn't exist
in SYSTEMPATH\Database\MySQLi\Connection.php on line 327.
 1 SYSTEMPATH\Database\MySQLi\Connection.php(327): mysqli->query('INSERT INTO `tasks` (`description`) VALUES (\'An important task\')', 0)
 2 SYSTEMPATH\Database\BaseConnection.php(729): CodeIgniter\Database\MySQLi\Connection->execute('INSERT INTO `tasks` (`description`) VALUES (\'An important task\')')
 3 SYSTEMPATH\Database\BaseConnection.php(646): CodeIgniter\Database\BaseConnection->simpleQuery('INSERT INTO `tasks` (`description`) VALUES (\'An important task\')')
 4 SYSTEMPATH\Database\BaseBuilder.php(2345): CodeIgniter\Database\BaseConnection->query('INSERT INTO `tasks` (`description`) VALUES (:description:)', [...], false)
 5 SYSTEMPATH\Model.php(394): CodeIgniter\Database\BaseBuilder->insert()
 6 SYSTEMPATH\BaseModel.php(838): CodeIgniter\Model->doInsert([...])
 7 SYSTEMPATH\Model.php(797): CodeIgniter\BaseModel->insert([...], true)
 8 APPPATH\Controllers\Tasks.php(41): CodeIgniter\Model->insert([...])
 9 SYSTEMPATH\CodeIgniter.php(933): App\Controllers\Tasks->create()
10 SYSTEMPATH\CodeIgniter.php(507): CodeIgniter\CodeIgniter->runController(Object(App\Controllers\Tasks))
11 SYSTEMPATH\CodeIgniter.php(354): CodeIgniter\CodeIgniter->handleRequest(null, Object(Config\Cache), false)
12 SYSTEMPATH\Boot.php(363): CodeIgniter\CodeIgniter->run()
13 SYSTEMPATH\Boot.php(68): CodeIgniter\Boot::runCodeIgniter(Object(CodeIgniter\CodeIgniter))
14 FCPATH\index.php(59): CodeIgniter\Boot::bootWeb(Object(Config\Paths))
ERROR - 2025-10-06 17:49:41 --> mysqli_sql_exception: Table 'taskapp.tasks' doesn't exist in C:\xampp\htdocs\taskapp\system\Database\MySQLi\Connection.php:327
Stack trace:
#0 C:\xampp\htdocs\taskapp\system\Database\MySQLi\Connection.php(327): mysqli->query('INSERT INTO `ta...', 0)
#1 C:\xampp\htdocs\taskapp\system\Database\BaseConnection.php(729): CodeIgniter\Database\MySQLi\Connection->execute('INSERT INTO `ta...')
#2 C:\xampp\htdocs\taskapp\system\Database\BaseConnection.php(646): CodeIgniter\Database\BaseConnection->simpleQuery('INSERT INTO `ta...')
#3 C:\xampp\htdocs\taskapp\system\Database\BaseBuilder.php(2345): CodeIgniter\Database\BaseConnection->query('INSERT INTO `ta...', Array, false)
#4 C:\xampp\htdocs\taskapp\system\Model.php(394): CodeIgniter\Database\BaseBuilder->insert()
#5 C:\xampp\htdocs\taskapp\system\BaseModel.php(838): CodeIgniter\Model->doInsert(Array)
#6 C:\xampp\htdocs\taskapp\system\Model.php(797): CodeIgniter\BaseModel->insert(Array, true)
#7 C:\xampp\htdocs\taskapp\app\Controllers\Tasks.php(41): CodeIgniter\Model->insert(Array)
#8 C:\xampp\htdocs\taskapp\system\CodeIgniter.php(933): App\Controllers\Tasks->create()
#9 C:\xampp\htdocs\taskapp\system\CodeIgniter.php(507): CodeIgniter\CodeIgniter->runController(Object(App\Controllers\Tasks))
#10 C:\xampp\htdocs\taskapp\system\CodeIgniter.php(354): CodeIgniter\CodeIgniter->handleRequest(NULL, Object(Config\Cache), false)
#11 C:\xampp\htdocs\taskapp\system\Boot.php(363): CodeIgniter\CodeIgniter->run()
#12 C:\xampp\htdocs\taskapp\system\Boot.php(68): CodeIgniter\Boot::runCodeIgniter(Object(CodeIgniter\CodeIgniter))
#13 C:\xampp\htdocs\taskapp\public\index.php(59): CodeIgniter\Boot::bootWeb(Object(Config\Paths))
#14 {main}
CRITICAL - 2025-10-06 17:49:41 --> CodeIgniter\Database\Exceptions\DatabaseException: Table 'taskapp.tasks' doesn't exist
[Method: POST, Route: tasks/create]
in SYSTEMPATH\Database\BaseConnection.php on line 684.
 1 SYSTEMPATH\Database\BaseBuilder.php(2345): CodeIgniter\Database\BaseConnection->query('INSERT INTO `tasks` (`description`, `created_at`, `updated_at`) VALUES (:description:, :created_at:, :updated_at:)', [...], false)
 2 SYSTEMPATH\Model.php(394): CodeIgniter\Database\BaseBuilder->insert()
 3 SYSTEMPATH\BaseModel.php(838): CodeIgniter\Model->doInsert([...])
 4 SYSTEMPATH\Model.php(797): CodeIgniter\BaseModel->insert([...], true)
 5 APPPATH\Controllers\Tasks.php(41): CodeIgniter\Model->insert([...])
 6 SYSTEMPATH\CodeIgniter.php(933): App\Controllers\Tasks->create()
 7 SYSTEMPATH\CodeIgniter.php(507): CodeIgniter\CodeIgniter->runController(Object(App\Controllers\Tasks))
 8 SYSTEMPATH\CodeIgniter.php(354): CodeIgniter\CodeIgniter->handleRequest(null, Object(Config\Cache), false)
 9 SYSTEMPATH\Boot.php(363): CodeIgniter\CodeIgniter->run()
10 SYSTEMPATH\Boot.php(68): CodeIgniter\Boot::runCodeIgniter(Object(CodeIgniter\CodeIgniter))
11 FCPATH\index.php(59): CodeIgniter\Boot::bootWeb(Object(Config\Paths))
CRITICAL - 2025-10-06 17:49:41 --> [Caused by] CodeIgniter\Database\Exceptions\DatabaseException: Table 'taskapp.tasks' doesn't exist
in SYSTEMPATH\Database\MySQLi\Connection.php on line 332.
 1 SYSTEMPATH\Database\BaseConnection.php(729): CodeIgniter\Database\MySQLi\Connection->execute('INSERT INTO `tasks` (`description`, `created_at`, `updated_at`) VALUES (\'\', \'2025-10-06 17:49:41\', \'2025-10-06 17:49:41\')')
 2 SYSTEMPATH\Database\BaseConnection.php(646): CodeIgniter\Database\BaseConnection->simpleQuery('INSERT INTO `tasks` (`description`, `created_at`, `updated_at`) VALUES (\'\', \'2025-10-06 17:49:41\', \'2025-10-06 17:49:41\')')
 3 SYSTEMPATH\Database\BaseBuilder.php(2345): CodeIgniter\Database\BaseConnection->query('INSERT INTO `tasks` (`description`, `created_at`, `updated_at`) VALUES (:description:, :created_at:, :updated_at:)', [...], false)
 4 SYSTEMPATH\Model.php(394): CodeIgniter\Database\BaseBuilder->insert()
 5 SYSTEMPATH\BaseModel.php(838): CodeIgniter\Model->doInsert([...])
 6 SYSTEMPATH\Model.php(797): CodeIgniter\BaseModel->insert([...], true)
 7 APPPATH\Controllers\Tasks.php(41): CodeIgniter\Model->insert([...])
 8 SYSTEMPATH\CodeIgniter.php(933): App\Controllers\Tasks->create()
 9 SYSTEMPATH\CodeIgniter.php(507): CodeIgniter\CodeIgniter->runController(Object(App\Controllers\Tasks))
10 SYSTEMPATH\CodeIgniter.php(354): CodeIgniter\CodeIgniter->handleRequest(null, Object(Config\Cache), false)
11 SYSTEMPATH\Boot.php(363): CodeIgniter\CodeIgniter->run()
12 SYSTEMPATH\Boot.php(68): CodeIgniter\Boot::runCodeIgniter(Object(CodeIgniter\CodeIgniter))
13 FCPATH\index.php(59): CodeIgniter\Boot::bootWeb(Object(Config\Paths))
CRITICAL - 2025-10-06 17:49:41 --> [Caused by] mysqli_sql_exception: Table 'taskapp.tasks' doesn't exist
in SYSTEMPATH\Database\MySQLi\Connection.php on line 327.
 1 SYSTEMPATH\Database\MySQLi\Connection.php(327): mysqli->query('INSERT INTO `tasks` (`description`, `created_at`, `updated_at`) VALUES (\'\', \'2025-10-06 17:49:41\', \'2025-10-06 17:49:41\')', 0)
 2 SYSTEMPATH\Database\BaseConnection.php(729): CodeIgniter\Database\MySQLi\Connection->execute('INSERT INTO `tasks` (`description`, `created_at`, `updated_at`) VALUES (\'\', \'2025-10-06 17:49:41\', \'2025-10-06 17:49:41\')')
 3 SYSTEMPATH\Database\BaseConnection.php(646): CodeIgniter\Database\BaseConnection->simpleQuery('INSERT INTO `tasks` (`description`, `created_at`, `updated_at`) VALUES (\'\', \'2025-10-06 17:49:41\', \'2025-10-06 17:49:41\')')
 4 SYSTEMPATH\Database\BaseBuilder.php(2345): CodeIgniter\Database\BaseConnection->query('INSERT INTO `tasks` (`description`, `created_at`, `updated_at`) VALUES (:description:, :created_at:, :updated_at:)', [...], false)
 5 SYSTEMPATH\Model.php(394): CodeIgniter\Database\BaseBuilder->insert()
 6 SYSTEMPATH\BaseModel.php(838): CodeIgniter\Model->doInsert([...])
 7 SYSTEMPATH\Model.php(797): CodeIgniter\BaseModel->insert([...], true)
 8 APPPATH\Controllers\Tasks.php(41): CodeIgniter\Model->insert([...])
 9 SYSTEMPATH\CodeIgniter.php(933): App\Controllers\Tasks->create()
10 SYSTEMPATH\CodeIgniter.php(507): CodeIgniter\CodeIgniter->runController(Object(App\Controllers\Tasks))
11 SYSTEMPATH\CodeIgniter.php(354): CodeIgniter\CodeIgniter->handleRequest(null, Object(Config\Cache), false)
12 SYSTEMPATH\Boot.php(363): CodeIgniter\CodeIgniter->run()
13 SYSTEMPATH\Boot.php(68): CodeIgniter\Boot::runCodeIgniter(Object(CodeIgniter\CodeIgniter))
14 FCPATH\index.php(59): CodeIgniter\Boot::bootWeb(Object(Config\Paths))
ERROR - 2025-10-06 17:49:43 --> mysqli_sql_exception: Table 'taskapp.tasks' doesn't exist in C:\xampp\htdocs\taskapp\system\Database\MySQLi\Connection.php:327
Stack trace:
#0 C:\xampp\htdocs\taskapp\system\Database\MySQLi\Connection.php(327): mysqli->query('INSERT INTO `ta...', 0)
#1 C:\xampp\htdocs\taskapp\system\Database\BaseConnection.php(729): CodeIgniter\Database\MySQLi\Connection->execute('INSERT INTO `ta...')
#2 C:\xampp\htdocs\taskapp\system\Database\BaseConnection.php(646): CodeIgniter\Database\BaseConnection->simpleQuery('INSERT INTO `ta...')
#3 C:\xampp\htdocs\taskapp\system\Database\BaseBuilder.php(2345): CodeIgniter\Database\BaseConnection->query('INSERT INTO `ta...', Array, false)
#4 C:\xampp\htdocs\taskapp\system\Model.php(394): CodeIgniter\Database\BaseBuilder->insert()
#5 C:\xampp\htdocs\taskapp\system\BaseModel.php(838): CodeIgniter\Model->doInsert(Array)
#6 C:\xampp\htdocs\taskapp\system\Model.php(797): CodeIgniter\BaseModel->insert(Array, true)
#7 C:\xampp\htdocs\taskapp\app\Controllers\Tasks.php(41): CodeIgniter\Model->insert(Array)
#8 C:\xampp\htdocs\taskapp\system\CodeIgniter.php(933): App\Controllers\Tasks->create()
#9 C:\xampp\htdocs\taskapp\system\CodeIgniter.php(507): CodeIgniter\CodeIgniter->runController(Object(App\Controllers\Tasks))
#10 C:\xampp\htdocs\taskapp\system\CodeIgniter.php(354): CodeIgniter\CodeIgniter->handleRequest(NULL, Object(Config\Cache), false)
#11 C:\xampp\htdocs\taskapp\system\Boot.php(363): CodeIgniter\CodeIgniter->run()
#12 C:\xampp\htdocs\taskapp\system\Boot.php(68): CodeIgniter\Boot::runCodeIgniter(Object(CodeIgniter\CodeIgniter))
#13 C:\xampp\htdocs\taskapp\public\index.php(59): CodeIgniter\Boot::bootWeb(Object(Config\Paths))
#14 {main}
CRITICAL - 2025-10-06 17:49:43 --> CodeIgniter\Database\Exceptions\DatabaseException: Table 'taskapp.tasks' doesn't exist
[Method: POST, Route: tasks/create]
in SYSTEMPATH\Database\BaseConnection.php on line 684.
 1 SYSTEMPATH\Database\BaseBuilder.php(2345): CodeIgniter\Database\BaseConnection->query('INSERT INTO `tasks` (`description`, `created_at`, `updated_at`) VALUES (:description:, :created_at:, :updated_at:)', [...], false)
 2 SYSTEMPATH\Model.php(394): CodeIgniter\Database\BaseBuilder->insert()
 3 SYSTEMPATH\BaseModel.php(838): CodeIgniter\Model->doInsert([...])
 4 SYSTEMPATH\Model.php(797): CodeIgniter\BaseModel->insert([...], true)
 5 APPPATH\Controllers\Tasks.php(41): CodeIgniter\Model->insert([...])
 6 SYSTEMPATH\CodeIgniter.php(933): App\Controllers\Tasks->create()
 7 SYSTEMPATH\CodeIgniter.php(507): CodeIgniter\CodeIgniter->runController(Object(App\Controllers\Tasks))
 8 SYSTEMPATH\CodeIgniter.php(354): CodeIgniter\CodeIgniter->handleRequest(null, Object(Config\Cache), false)
 9 SYSTEMPATH\Boot.php(363): CodeIgniter\CodeIgniter->run()
10 SYSTEMPATH\Boot.php(68): CodeIgniter\Boot::runCodeIgniter(Object(CodeIgniter\CodeIgniter))
11 FCPATH\index.php(59): CodeIgniter\Boot::bootWeb(Object(Config\Paths))
CRITICAL - 2025-10-06 17:49:43 --> [Caused by] CodeIgniter\Database\Exceptions\DatabaseException: Table 'taskapp.tasks' doesn't exist
in SYSTEMPATH\Database\MySQLi\Connection.php on line 332.
 1 SYSTEMPATH\Database\BaseConnection.php(729): CodeIgniter\Database\MySQLi\Connection->execute('INSERT INTO `tasks` (`description`, `created_at`, `updated_at`) VALUES (\'\', \'2025-10-06 17:49:43\', \'2025-10-06 17:49:43\')')
 2 SYSTEMPATH\Database\BaseConnection.php(646): CodeIgniter\Database\BaseConnection->simpleQuery('INSERT INTO `tasks` (`description`, `created_at`, `updated_at`) VALUES (\'\', \'2025-10-06 17:49:43\', \'2025-10-06 17:49:43\')')
 3 SYSTEMPATH\Database\BaseBuilder.php(2345): CodeIgniter\Database\BaseConnection->query('INSERT INTO `tasks` (`description`, `created_at`, `updated_at`) VALUES (:description:, :created_at:, :updated_at:)', [...], false)
 4 SYSTEMPATH\Model.php(394): CodeIgniter\Database\BaseBuilder->insert()
 5 SYSTEMPATH\BaseModel.php(838): CodeIgniter\Model->doInsert([...])
 6 SYSTEMPATH\Model.php(797): CodeIgniter\BaseModel->insert([...], true)
 7 APPPATH\Controllers\Tasks.php(41): CodeIgniter\Model->insert([...])
 8 SYSTEMPATH\CodeIgniter.php(933): App\Controllers\Tasks->create()
 9 SYSTEMPATH\CodeIgniter.php(507): CodeIgniter\CodeIgniter->runController(Object(App\Controllers\Tasks))
10 SYSTEMPATH\CodeIgniter.php(354): CodeIgniter\CodeIgniter->handleRequest(null, Object(Config\Cache), false)
11 SYSTEMPATH\Boot.php(363): CodeIgniter\CodeIgniter->run()
12 SYSTEMPATH\Boot.php(68): CodeIgniter\Boot::runCodeIgniter(Object(CodeIgniter\CodeIgniter))
13 FCPATH\index.php(59): CodeIgniter\Boot::bootWeb(Object(Config\Paths))
CRITICAL - 2025-10-06 17:49:43 --> [Caused by] mysqli_sql_exception: Table 'taskapp.tasks' doesn't exist
in SYSTEMPATH\Database\MySQLi\Connection.php on line 327.
 1 SYSTEMPATH\Database\MySQLi\Connection.php(327): mysqli->query('INSERT INTO `tasks` (`description`, `created_at`, `updated_at`) VALUES (\'\', \'2025-10-06 17:49:43\', \'2025-10-06 17:49:43\')', 0)
 2 SYSTEMPATH\Database\BaseConnection.php(729): CodeIgniter\Database\MySQLi\Connection->execute('INSERT INTO `tasks` (`description`, `created_at`, `updated_at`) VALUES (\'\', \'2025-10-06 17:49:43\', \'2025-10-06 17:49:43\')')
 3 SYSTEMPATH\Database\BaseConnection.php(646): CodeIgniter\Database\BaseConnection->simpleQuery('INSERT INTO `tasks` (`description`, `created_at`, `updated_at`) VALUES (\'\', \'2025-10-06 17:49:43\', \'2025-10-06 17:49:43\')')
 4 SYSTEMPATH\Database\BaseBuilder.php(2345): CodeIgniter\Database\BaseConnection->query('INSERT INTO `tasks` (`description`, `created_at`, `updated_at`) VALUES (:description:, :created_at:, :updated_at:)', [...], false)
 5 SYSTEMPATH\Model.php(394): CodeIgniter\Database\BaseBuilder->insert()
 6 SYSTEMPATH\BaseModel.php(838): CodeIgniter\Model->doInsert([...])
 7 SYSTEMPATH\Model.php(797): CodeIgniter\BaseModel->insert([...], true)
 8 APPPATH\Controllers\Tasks.php(41): CodeIgniter\Model->insert([...])
 9 SYSTEMPATH\CodeIgniter.php(933): App\Controllers\Tasks->create()
10 SYSTEMPATH\CodeIgniter.php(507): CodeIgniter\CodeIgniter->runController(Object(App\Controllers\Tasks))
11 SYSTEMPATH\CodeIgniter.php(354): CodeIgniter\CodeIgniter->handleRequest(null, Object(Config\Cache), false)
12 SYSTEMPATH\Boot.php(363): CodeIgniter\CodeIgniter->run()
13 SYSTEMPATH\Boot.php(68): CodeIgniter\Boot::runCodeIgniter(Object(CodeIgniter\CodeIgniter))
14 FCPATH\index.php(59): CodeIgniter\Boot::bootWeb(Object(Config\Paths))
ERROR - 2025-10-06 17:50:43 --> mysqli_sql_exception: Table 'taskapp.tasks' doesn't exist in C:\xampp\htdocs\taskapp\system\Database\MySQLi\Connection.php:327
Stack trace:
#0 C:\xampp\htdocs\taskapp\system\Database\MySQLi\Connection.php(327): mysqli->query('INSERT INTO `ta...', 0)
#1 C:\xampp\htdocs\taskapp\system\Database\BaseConnection.php(729): CodeIgniter\Database\MySQLi\Connection->execute('INSERT INTO `ta...')
#2 C:\xampp\htdocs\taskapp\system\Database\BaseConnection.php(646): CodeIgniter\Database\BaseConnection->simpleQuery('INSERT INTO `ta...')
#3 C:\xampp\htdocs\taskapp\system\Database\BaseBuilder.php(2345): CodeIgniter\Database\BaseConnection->query('INSERT INTO `ta...', Array, false)
#4 C:\xampp\htdocs\taskapp\system\Model.php(394): CodeIgniter\Database\BaseBuilder->insert()
#5 C:\xampp\htdocs\taskapp\system\BaseModel.php(838): CodeIgniter\Model->doInsert(Array)
#6 C:\xampp\htdocs\taskapp\system\Model.php(797): CodeIgniter\BaseModel->insert(Array, true)
#7 C:\xampp\htdocs\taskapp\app\Controllers\Tasks.php(41): CodeIgniter\Model->insert(Array)
#8 C:\xampp\htdocs\taskapp\system\CodeIgniter.php(933): App\Controllers\Tasks->create()
#9 C:\xampp\htdocs\taskapp\system\CodeIgniter.php(507): CodeIgniter\CodeIgniter->runController(Object(App\Controllers\Tasks))
#10 C:\xampp\htdocs\taskapp\system\CodeIgniter.php(354): CodeIgniter\CodeIgniter->handleRequest(NULL, Object(Config\Cache), false)
#11 C:\xampp\htdocs\taskapp\system\Boot.php(363): CodeIgniter\CodeIgniter->run()
#12 C:\xampp\htdocs\taskapp\system\Boot.php(68): CodeIgniter\Boot::runCodeIgniter(Object(CodeIgniter\CodeIgniter))
#13 C:\xampp\htdocs\taskapp\public\index.php(59): CodeIgniter\Boot::bootWeb(Object(Config\Paths))
#14 {main}
CRITICAL - 2025-10-06 17:50:43 --> CodeIgniter\Database\Exceptions\DatabaseException: Table 'taskapp.tasks' doesn't exist
[Method: POST, Route: tasks/create]
in SYSTEMPATH\Database\BaseConnection.php on line 684.
 1 SYSTEMPATH\Database\BaseBuilder.php(2345): CodeIgniter\Database\BaseConnection->query('INSERT INTO `tasks` (`description`) VALUES (:description:)', [...], false)
 2 SYSTEMPATH\Model.php(394): CodeIgniter\Database\BaseBuilder->insert()
 3 SYSTEMPATH\BaseModel.php(838): CodeIgniter\Model->doInsert([...])
 4 SYSTEMPATH\Model.php(797): CodeIgniter\BaseModel->insert([...], true)
 5 APPPATH\Controllers\Tasks.php(41): CodeIgniter\Model->insert([...])
 6 SYSTEMPATH\CodeIgniter.php(933): App\Controllers\Tasks->create()
 7 SYSTEMPATH\CodeIgniter.php(507): CodeIgniter\CodeIgniter->runController(Object(App\Controllers\Tasks))
 8 SYSTEMPATH\CodeIgniter.php(354): CodeIgniter\CodeIgniter->handleRequest(null, Object(Config\Cache), false)
 9 SYSTEMPATH\Boot.php(363): CodeIgniter\CodeIgniter->run()
10 SYSTEMPATH\Boot.php(68): CodeIgniter\Boot::runCodeIgniter(Object(CodeIgniter\CodeIgniter))
11 FCPATH\index.php(59): CodeIgniter\Boot::bootWeb(Object(Config\Paths))
CRITICAL - 2025-10-06 17:50:43 --> [Caused by] CodeIgniter\Database\Exceptions\DatabaseException: Table 'taskapp.tasks' doesn't exist
in SYSTEMPATH\Database\MySQLi\Connection.php on line 332.
 1 SYSTEMPATH\Database\BaseConnection.php(729): CodeIgniter\Database\MySQLi\Connection->execute('INSERT INTO `tasks` (`description`) VALUES (\'An important task\')')
 2 SYSTEMPATH\Database\BaseConnection.php(646): CodeIgniter\Database\BaseConnection->simpleQuery('INSERT INTO `tasks` (`description`) VALUES (\'An important task\')')
 3 SYSTEMPATH\Database\BaseBuilder.php(2345): CodeIgniter\Database\BaseConnection->query('INSERT INTO `tasks` (`description`) VALUES (:description:)', [...], false)
 4 SYSTEMPATH\Model.php(394): CodeIgniter\Database\BaseBuilder->insert()
 5 SYSTEMPATH\BaseModel.php(838): CodeIgniter\Model->doInsert([...])
 6 SYSTEMPATH\Model.php(797): CodeIgniter\BaseModel->insert([...], true)
 7 APPPATH\Controllers\Tasks.php(41): CodeIgniter\Model->insert([...])
 8 SYSTEMPATH\CodeIgniter.php(933): App\Controllers\Tasks->create()
 9 SYSTEMPATH\CodeIgniter.php(507): CodeIgniter\CodeIgniter->runController(Object(App\Controllers\Tasks))
10 SYSTEMPATH\CodeIgniter.php(354): CodeIgniter\CodeIgniter->handleRequest(null, Object(Config\Cache), false)
11 SYSTEMPATH\Boot.php(363): CodeIgniter\CodeIgniter->run()
12 SYSTEMPATH\Boot.php(68): CodeIgniter\Boot::runCodeIgniter(Object(CodeIgniter\CodeIgniter))
13 FCPATH\index.php(59): CodeIgniter\Boot::bootWeb(Object(Config\Paths))
CRITICAL - 2025-10-06 17:50:43 --> [Caused by] mysqli_sql_exception: Table 'taskapp.tasks' doesn't exist
in SYSTEMPATH\Database\MySQLi\Connection.php on line 327.
 1 SYSTEMPATH\Database\MySQLi\Connection.php(327): mysqli->query('INSERT INTO `tasks` (`description`) VALUES (\'An important task\')', 0)
 2 SYSTEMPATH\Database\BaseConnection.php(729): CodeIgniter\Database\MySQLi\Connection->execute('INSERT INTO `tasks` (`description`) VALUES (\'An important task\')')
 3 SYSTEMPATH\Database\BaseConnection.php(646): CodeIgniter\Database\BaseConnection->simpleQuery('INSERT INTO `tasks` (`description`) VALUES (\'An important task\')')
 4 SYSTEMPATH\Database\BaseBuilder.php(2345): CodeIgniter\Database\BaseConnection->query('INSERT INTO `tasks` (`description`) VALUES (:description:)', [...], false)
 5 SYSTEMPATH\Model.php(394): CodeIgniter\Database\BaseBuilder->insert()
 6 SYSTEMPATH\BaseModel.php(838): CodeIgniter\Model->doInsert([...])
 7 SYSTEMPATH\Model.php(797): CodeIgniter\BaseModel->insert([...], true)
 8 APPPATH\Controllers\Tasks.php(41): CodeIgniter\Model->insert([...])
 9 SYSTEMPATH\CodeIgniter.php(933): App\Controllers\Tasks->create()
10 SYSTEMPATH\CodeIgniter.php(507): CodeIgniter\CodeIgniter->runController(Object(App\Controllers\Tasks))
11 SYSTEMPATH\CodeIgniter.php(354): CodeIgniter\CodeIgniter->handleRequest(null, Object(Config\Cache), false)
12 SYSTEMPATH\Boot.php(363): CodeIgniter\CodeIgniter->run()
13 SYSTEMPATH\Boot.php(68): CodeIgniter\Boot::runCodeIgniter(Object(CodeIgniter\CodeIgniter))
14 FCPATH\index.php(59): CodeIgniter\Boot::bootWeb(Object(Config\Paths))
ERROR - 2025-10-06 17:50:55 --> mysqli_sql_exception: Table 'taskapp.tasks' doesn't exist in C:\xampp\htdocs\taskapp\system\Database\MySQLi\Connection.php:327
Stack trace:
#0 C:\xampp\htdocs\taskapp\system\Database\MySQLi\Connection.php(327): mysqli->query('INSERT INTO `ta...', 0)
#1 C:\xampp\htdocs\taskapp\system\Database\BaseConnection.php(729): CodeIgniter\Database\MySQLi\Connection->execute('INSERT INTO `ta...')
#2 C:\xampp\htdocs\taskapp\system\Database\BaseConnection.php(646): CodeIgniter\Database\BaseConnection->simpleQuery('INSERT INTO `ta...')
#3 C:\xampp\htdocs\taskapp\system\Database\BaseBuilder.php(2345): CodeIgniter\Database\BaseConnection->query('INSERT INTO `ta...', Array, false)
#4 C:\xampp\htdocs\taskapp\system\Model.php(394): CodeIgniter\Database\BaseBuilder->insert()
#5 C:\xampp\htdocs\taskapp\system\BaseModel.php(838): CodeIgniter\Model->doInsert(Array)
#6 C:\xampp\htdocs\taskapp\system\Model.php(797): CodeIgniter\BaseModel->insert(Array, true)
#7 C:\xampp\htdocs\taskapp\app\Controllers\Tasks.php(41): CodeIgniter\Model->insert(Array)
#8 C:\xampp\htdocs\taskapp\system\CodeIgniter.php(933): App\Controllers\Tasks->create()
#9 C:\xampp\htdocs\taskapp\system\CodeIgniter.php(507): CodeIgniter\CodeIgniter->runController(Object(App\Controllers\Tasks))
#10 C:\xampp\htdocs\taskapp\system\CodeIgniter.php(354): CodeIgniter\CodeIgniter->handleRequest(NULL, Object(Config\Cache), false)
#11 C:\xampp\htdocs\taskapp\system\Boot.php(363): CodeIgniter\CodeIgniter->run()
#12 C:\xampp\htdocs\taskapp\system\Boot.php(68): CodeIgniter\Boot::runCodeIgniter(Object(CodeIgniter\CodeIgniter))
#13 C:\xampp\htdocs\taskapp\public\index.php(59): CodeIgniter\Boot::bootWeb(Object(Config\Paths))
#14 {main}
CRITICAL - 2025-10-06 17:50:55 --> CodeIgniter\Database\Exceptions\DatabaseException: Table 'taskapp.tasks' doesn't exist
[Method: POST, Route: tasks/create]
in SYSTEMPATH\Database\BaseConnection.php on line 684.
 1 SYSTEMPATH\Database\BaseBuilder.php(2345): CodeIgniter\Database\BaseConnection->query('INSERT INTO `tasks` (`description`) VALUES (:description:)', [...], false)
 2 SYSTEMPATH\Model.php(394): CodeIgniter\Database\BaseBuilder->insert()
 3 SYSTEMPATH\BaseModel.php(838): CodeIgniter\Model->doInsert([...])
 4 SYSTEMPATH\Model.php(797): CodeIgniter\BaseModel->insert([...], true)
 5 APPPATH\Controllers\Tasks.php(41): CodeIgniter\Model->insert([...])
 6 SYSTEMPATH\CodeIgniter.php(933): App\Controllers\Tasks->create()
 7 SYSTEMPATH\CodeIgniter.php(507): CodeIgniter\CodeIgniter->runController(Object(App\Controllers\Tasks))
 8 SYSTEMPATH\CodeIgniter.php(354): CodeIgniter\CodeIgniter->handleRequest(null, Object(Config\Cache), false)
 9 SYSTEMPATH\Boot.php(363): CodeIgniter\CodeIgniter->run()
10 SYSTEMPATH\Boot.php(68): CodeIgniter\Boot::runCodeIgniter(Object(CodeIgniter\CodeIgniter))
11 FCPATH\index.php(59): CodeIgniter\Boot::bootWeb(Object(Config\Paths))
CRITICAL - 2025-10-06 17:50:55 --> [Caused by] CodeIgniter\Database\Exceptions\DatabaseException: Table 'taskapp.tasks' doesn't exist
in SYSTEMPATH\Database\MySQLi\Connection.php on line 332.
 1 SYSTEMPATH\Database\BaseConnection.php(729): CodeIgniter\Database\MySQLi\Connection->execute('INSERT INTO `tasks` (`description`) VALUES (\'An important task\')')
 2 SYSTEMPATH\Database\BaseConnection.php(646): CodeIgniter\Database\BaseConnection->simpleQuery('INSERT INTO `tasks` (`description`) VALUES (\'An important task\')')
 3 SYSTEMPATH\Database\BaseBuilder.php(2345): CodeIgniter\Database\BaseConnection->query('INSERT INTO `tasks` (`description`) VALUES (:description:)', [...], false)
 4 SYSTEMPATH\Model.php(394): CodeIgniter\Database\BaseBuilder->insert()
 5 SYSTEMPATH\BaseModel.php(838): CodeIgniter\Model->doInsert([...])
 6 SYSTEMPATH\Model.php(797): CodeIgniter\BaseModel->insert([...], true)
 7 APPPATH\Controllers\Tasks.php(41): CodeIgniter\Model->insert([...])
 8 SYSTEMPATH\CodeIgniter.php(933): App\Controllers\Tasks->create()
 9 SYSTEMPATH\CodeIgniter.php(507): CodeIgniter\CodeIgniter->runController(Object(App\Controllers\Tasks))
10 SYSTEMPATH\CodeIgniter.php(354): CodeIgniter\CodeIgniter->handleRequest(null, Object(Config\Cache), false)
11 SYSTEMPATH\Boot.php(363): CodeIgniter\CodeIgniter->run()
12 SYSTEMPATH\Boot.php(68): CodeIgniter\Boot::runCodeIgniter(Object(CodeIgniter\CodeIgniter))
13 FCPATH\index.php(59): CodeIgniter\Boot::bootWeb(Object(Config\Paths))
CRITICAL - 2025-10-06 17:50:55 --> [Caused by] mysqli_sql_exception: Table 'taskapp.tasks' doesn't exist
in SYSTEMPATH\Database\MySQLi\Connection.php on line 327.
 1 SYSTEMPATH\Database\MySQLi\Connection.php(327): mysqli->query('INSERT INTO `tasks` (`description`) VALUES (\'An important task\')', 0)
 2 SYSTEMPATH\Database\BaseConnection.php(729): CodeIgniter\Database\MySQLi\Connection->execute('INSERT INTO `tasks` (`description`) VALUES (\'An important task\')')
 3 SYSTEMPATH\Database\BaseConnection.php(646): CodeIgniter\Database\BaseConnection->simpleQuery('INSERT INTO `tasks` (`description`) VALUES (\'An important task\')')
 4 SYSTEMPATH\Database\BaseBuilder.php(2345): CodeIgniter\Database\BaseConnection->query('INSERT INTO `tasks` (`description`) VALUES (:description:)', [...], false)
 5 SYSTEMPATH\Model.php(394): CodeIgniter\Database\BaseBuilder->insert()
 6 SYSTEMPATH\BaseModel.php(838): CodeIgniter\Model->doInsert([...])
 7 SYSTEMPATH\Model.php(797): CodeIgniter\BaseModel->insert([...], true)
 8 APPPATH\Controllers\Tasks.php(41): CodeIgniter\Model->insert([...])
 9 SYSTEMPATH\CodeIgniter.php(933): App\Controllers\Tasks->create()
10 SYSTEMPATH\CodeIgniter.php(507): CodeIgniter\CodeIgniter->runController(Object(App\Controllers\Tasks))
11 SYSTEMPATH\CodeIgniter.php(354): CodeIgniter\CodeIgniter->handleRequest(null, Object(Config\Cache), false)
12 SYSTEMPATH\Boot.php(363): CodeIgniter\CodeIgniter->run()
13 SYSTEMPATH\Boot.php(68): CodeIgniter\Boot::runCodeIgniter(Object(CodeIgniter\CodeIgniter))
14 FCPATH\index.php(59): CodeIgniter\Boot::bootWeb(Object(Config\Paths))
ERROR - 2025-10-06 17:54:11 --> mysqli_sql_exception: Table 'taskapp.tasks' doesn't exist in C:\xampp\htdocs\taskapp\system\Database\MySQLi\Connection.php:327
Stack trace:
#0 C:\xampp\htdocs\taskapp\system\Database\MySQLi\Connection.php(327): mysqli->query('INSERT INTO `ta...', 0)
#1 C:\xampp\htdocs\taskapp\system\Database\BaseConnection.php(729): CodeIgniter\Database\MySQLi\Connection->execute('INSERT INTO `ta...')
#2 C:\xampp\htdocs\taskapp\system\Database\BaseConnection.php(646): CodeIgniter\Database\BaseConnection->simpleQuery('INSERT INTO `ta...')
#3 C:\xampp\htdocs\taskapp\system\Database\BaseBuilder.php(2345): CodeIgniter\Database\BaseConnection->query('INSERT INTO `ta...', Array, false)
#4 C:\xampp\htdocs\taskapp\system\Model.php(394): CodeIgniter\Database\BaseBuilder->insert()
#5 C:\xampp\htdocs\taskapp\system\BaseModel.php(838): CodeIgniter\Model->doInsert(Array)
#6 C:\xampp\htdocs\taskapp\system\Model.php(797): CodeIgniter\BaseModel->insert(Array, true)
#7 C:\xampp\htdocs\taskapp\app\Controllers\Tasks.php(41): CodeIgniter\Model->insert(Array)
#8 C:\xampp\htdocs\taskapp\system\CodeIgniter.php(933): App\Controllers\Tasks->create()
#9 C:\xampp\htdocs\taskapp\system\CodeIgniter.php(507): CodeIgniter\CodeIgniter->runController(Object(App\Controllers\Tasks))
#10 C:\xampp\htdocs\taskapp\system\CodeIgniter.php(354): CodeIgniter\CodeIgniter->handleRequest(NULL, Object(Config\Cache), false)
#11 C:\xampp\htdocs\taskapp\system\Boot.php(363): CodeIgniter\CodeIgniter->run()
#12 C:\xampp\htdocs\taskapp\system\Boot.php(68): CodeIgniter\Boot::runCodeIgniter(Object(CodeIgniter\CodeIgniter))
#13 C:\xampp\htdocs\taskapp\public\index.php(59): CodeIgniter\Boot::bootWeb(Object(Config\Paths))
#14 {main}
CRITICAL - 2025-10-06 17:54:11 --> CodeIgniter\Database\Exceptions\DatabaseException: Table 'taskapp.tasks' doesn't exist
[Method: POST, Route: tasks/create]
in SYSTEMPATH\Database\BaseConnection.php on line 684.
 1 SYSTEMPATH\Database\BaseBuilder.php(2345): CodeIgniter\Database\BaseConnection->query('INSERT INTO `tasks` (`description`) VALUES (:description:)', [...], false)
 2 SYSTEMPATH\Model.php(394): CodeIgniter\Database\BaseBuilder->insert()
 3 SYSTEMPATH\BaseModel.php(838): CodeIgniter\Model->doInsert([...])
 4 SYSTEMPATH\Model.php(797): CodeIgniter\BaseModel->insert([...], true)
 5 APPPATH\Controllers\Tasks.php(41): CodeIgniter\Model->insert([...])
 6 SYSTEMPATH\CodeIgniter.php(933): App\Controllers\Tasks->create()
 7 SYSTEMPATH\CodeIgniter.php(507): CodeIgniter\CodeIgniter->runController(Object(App\Controllers\Tasks))
 8 SYSTEMPATH\CodeIgniter.php(354): CodeIgniter\CodeIgniter->handleRequest(null, Object(Config\Cache), false)
 9 SYSTEMPATH\Boot.php(363): CodeIgniter\CodeIgniter->run()
10 SYSTEMPATH\Boot.php(68): CodeIgniter\Boot::runCodeIgniter(Object(CodeIgniter\CodeIgniter))
11 FCPATH\index.php(59): CodeIgniter\Boot::bootWeb(Object(Config\Paths))
CRITICAL - 2025-10-06 17:54:11 --> [Caused by] CodeIgniter\Database\Exceptions\DatabaseException: Table 'taskapp.tasks' doesn't exist
in SYSTEMPATH\Database\MySQLi\Connection.php on line 332.
 1 SYSTEMPATH\Database\BaseConnection.php(729): CodeIgniter\Database\MySQLi\Connection->execute('INSERT INTO `tasks` (`description`) VALUES (\'An important task\')')
 2 SYSTEMPATH\Database\BaseConnection.php(646): CodeIgniter\Database\BaseConnection->simpleQuery('INSERT INTO `tasks` (`description`) VALUES (\'An important task\')')
 3 SYSTEMPATH\Database\BaseBuilder.php(2345): CodeIgniter\Database\BaseConnection->query('INSERT INTO `tasks` (`description`) VALUES (:description:)', [...], false)
 4 SYSTEMPATH\Model.php(394): CodeIgniter\Database\BaseBuilder->insert()
 5 SYSTEMPATH\BaseModel.php(838): CodeIgniter\Model->doInsert([...])
 6 SYSTEMPATH\Model.php(797): CodeIgniter\BaseModel->insert([...], true)
 7 APPPATH\Controllers\Tasks.php(41): CodeIgniter\Model->insert([...])
 8 SYSTEMPATH\CodeIgniter.php(933): App\Controllers\Tasks->create()
 9 SYSTEMPATH\CodeIgniter.php(507): CodeIgniter\CodeIgniter->runController(Object(App\Controllers\Tasks))
10 SYSTEMPATH\CodeIgniter.php(354): CodeIgniter\CodeIgniter->handleRequest(null, Object(Config\Cache), false)
11 SYSTEMPATH\Boot.php(363): CodeIgniter\CodeIgniter->run()
12 SYSTEMPATH\Boot.php(68): CodeIgniter\Boot::runCodeIgniter(Object(CodeIgniter\CodeIgniter))
13 FCPATH\index.php(59): CodeIgniter\Boot::bootWeb(Object(Config\Paths))
CRITICAL - 2025-10-06 17:54:11 --> [Caused by] mysqli_sql_exception: Table 'taskapp.tasks' doesn't exist
in SYSTEMPATH\Database\MySQLi\Connection.php on line 327.
 1 SYSTEMPATH\Database\MySQLi\Connection.php(327): mysqli->query('INSERT INTO `tasks` (`description`) VALUES (\'An important task\')', 0)
 2 SYSTEMPATH\Database\BaseConnection.php(729): CodeIgniter\Database\MySQLi\Connection->execute('INSERT INTO `tasks` (`description`) VALUES (\'An important task\')')
 3 SYSTEMPATH\Database\BaseConnection.php(646): CodeIgniter\Database\BaseConnection->simpleQuery('INSERT INTO `tasks` (`description`) VALUES (\'An important task\')')
 4 SYSTEMPATH\Database\BaseBuilder.php(2345): CodeIgniter\Database\BaseConnection->query('INSERT INTO `tasks` (`description`) VALUES (:description:)', [...], false)
 5 SYSTEMPATH\Model.php(394): CodeIgniter\Database\BaseBuilder->insert()
 6 SYSTEMPATH\BaseModel.php(838): CodeIgniter\Model->doInsert([...])
 7 SYSTEMPATH\Model.php(797): CodeIgniter\BaseModel->insert([...], true)
 8 APPPATH\Controllers\Tasks.php(41): CodeIgniter\Model->insert([...])
 9 SYSTEMPATH\CodeIgniter.php(933): App\Controllers\Tasks->create()
10 SYSTEMPATH\CodeIgniter.php(507): CodeIgniter\CodeIgniter->runController(Object(App\Controllers\Tasks))
11 SYSTEMPATH\CodeIgniter.php(354): CodeIgniter\CodeIgniter->handleRequest(null, Object(Config\Cache), false)
12 SYSTEMPATH\Boot.php(363): CodeIgniter\CodeIgniter->run()
13 SYSTEMPATH\Boot.php(68): CodeIgniter\Boot::runCodeIgniter(Object(CodeIgniter\CodeIgniter))
14 FCPATH\index.php(59): CodeIgniter\Boot::bootWeb(Object(Config\Paths))
CRITICAL - 2025-10-06 18:02:06 --> ErrorException: Cannot redeclare App\Models\TaskModel::$validationMessages
[Method: POST, Route: tasks/create]
in APPPATH\Models\TaskModel.php on line 24.
 1 [internal function]: CodeIgniter\Debug\Exceptions->shutdownHandler()
DEBUG - 2025-10-06 18:23:40 --> Session: Class initialized using 'CodeIgniter\Session\Handlers\FileHandler' driver.
DEBUG - 2025-10-06 18:23:41 --> Session: Class initialized using 'CodeIgniter\Session\Handlers\FileHandler' driver.
